Type,Air temperature [K],Process temperature [K],Rotational speed [rpm],Torque [Nm],Tool wear [min],Machine failure,Temperature Difference,Wear Torque Ratio,Machanical Stress,Thermal Stress
2,298.1,308.6,1551,42.8,0,0,10.5,0.0,66382.79999999999,91993.66000000002
1,298.2,308.7,1408,46.3,3,0,10.5,0.75,65190.399999999994,92054.34
1,298.1,308.5,1498,49.4,5,0,10.399999999999977,0.8333333333333334,74001.2,91963.85
1,298.2,308.6,1433,39.5,7,0,10.400000000000034,0.875,56603.5,92024.52
1,298.2,308.7,1408,40.0,9,0,10.5,0.9,56320.0,92054.34
2,298.1,308.6,1425,41.9,11,0,10.5,0.9166666666666666,59707.5,91993.66000000002
1,298.1,308.6,1558,42.4,14,0,10.5,0.9333333333333333,66059.2,91993.66000000002
1,298.1,308.6,1527,40.2,16,0,10.5,0.9411764705882353,61385.4,91993.66000000002
2,298.3,308.7,1667,28.6,18,0,10.399999999999977,0.9473684210526315,47676.200000000004,92085.21
2,298.5,309.0,1741,28.0,21,0,10.5,0.9545454545454546,48748.0,92236.5
0,298.4,308.9,1782,23.9,24,0,10.5,0.96,42589.799999999996,92175.75999999998
0,298.6,309.1,1423,44.3,29,0,10.5,0.9666666666666667,63038.899999999994,92297.26000000001
2,298.6,309.1,1339,51.1,34,0,10.5,0.9714285714285714,68422.90000000001,92297.26000000001
2,298.6,309.2,1742,30.0,37,0,10.599999999999966,0.9736842105263158,52260.0,92327.12000000001
1,298.6,309.2,2035,19.6,40,0,10.599999999999966,0.975609756097561,39886.0,92327.12000000001
1,298.6,309.2,1542,48.4,42,0,10.599999999999966,0.9767441860465116,74632.8,92327.12000000001
2,298.6,309.2,1311,46.6,44,0,10.599999999999966,0.9777777777777777,61092.6,92327.12000000001
2,298.7,309.2,1410,45.6,47,0,10.5,0.9791666666666666,64296.0,92358.04
0,298.8,309.2,1306,54.5,50,0,10.399999999999977,0.9803921568627451,71177.0,92388.96
2,298.9,309.3,1632,32.5,55,0,10.400000000000034,0.9821428571428571,53040.0,92449.76999999999
0,298.9,309.3,1375,42.7,58,0,10.400000000000034,0.9830508474576272,58712.50000000001,92449.76999999999
1,298.8,309.3,1450,44.8,63,0,10.5,0.984375,64959.99999999999,92418.84000000001
2,298.9,309.3,1581,30.7,65,0,10.400000000000034,0.9848484848484849,48536.7,92449.76999999999
1,299.0,309.4,1758,25.7,68,0,10.399999999999977,0.9855072463768116,45180.6,92510.59999999999
2,299.0,309.4,1561,37.3,70,0,10.399999999999977,0.9859154929577465,58225.299999999996,92510.59999999999
1,299.0,309.5,1861,23.3,73,0,10.5,0.9864864864864865,43361.3,92540.5
1,299.1,309.5,1512,39.0,75,0,10.399999999999977,0.9868421052631579,58968.0,92571.45000000001
0,299.1,309.4,1811,24.6,77,0,10.299999999999955,0.9871794871794872,44550.600000000006,92541.54
1,299.1,309.4,1439,44.2,82,0,10.299999999999955,0.9879518072289156,63603.8,92541.54
1,299.0,309.4,1693,30.1,84,0,10.399999999999977,0.9882352941176471,50959.3,92510.59999999999
2,299.1,309.5,1339,48.2,86,0,10.399999999999977,0.9885057471264368,64539.8,92571.45000000001
1,299.0,309.4,1798,25.5,89,0,10.399999999999977,0.9888888888888889,45849.0,92510.59999999999
1,299.0,309.4,1419,48.3,91,0,10.399999999999977,0.9891304347826086,68537.7,92510.59999999999
1,298.9,309.3,1665,32.5,93,0,10.400000000000034,0.9893617021276596,54112.5,92449.76999999999
2,298.8,309.1,1559,34.7,95,0,10.300000000000011,0.9895833333333334,54097.3,92359.08000000002
2,298.8,309.2,1452,48.6,98,0,10.399999999999977,0.98989898989899,70567.2,92388.96
2,298.9,309.2,1581,36.7,101,0,10.300000000000011,0.9901960784313726,58022.700000000004,92419.87999999999
1,298.8,309.1,1439,39.2,104,0,10.300000000000011,0.9904761904761905,56408.8,92359.08000000002
0,298.9,309.2,1379,50.7,106,0,10.300000000000011,0.9906542056074766,69915.3,92419.87999999999
1,298.8,309.1,1350,52.5,111,0,10.300000000000011,0.9910714285714286,70875.0,92359.08000000002
1,298.8,309.1,1362,45.4,113,0,10.300000000000011,0.9912280701754386,61834.799999999996,92359.08000000002
1,298.8,309.1,1368,50.8,115,0,10.300000000000011,0.9913793103448276,69494.4,92359.08000000002
2,298.8,309.1,1368,49.1,117,0,10.300000000000011,0.9915254237288136,67168.8,92359.08000000002
0,298.8,309.2,1372,48.5,120,0,10.399999999999977,0.9917355371900827,66542.0,92388.96
2,298.8,309.1,1472,47.5,125,0,10.300000000000011,0.9920634920634921,69920.0,92359.08000000002
1,298.8,309.1,1489,49.1,128,0,10.300000000000011,0.9922480620155039,73109.90000000001,92359.08000000002
2,298.7,309.0,1843,25.8,130,0,10.300000000000011,0.9923664122137404,47549.4,92298.3
1,298.8,309.1,1418,46.3,133,0,10.300000000000011,0.9925373134328358,65653.4,92359.08000000002
0,298.8,309.2,1425,53.9,135,0,10.399999999999977,0.9926470588235294,76807.5,92388.96
2,298.9,309.2,1412,44.1,140,0,10.300000000000011,0.9929078014184397,62269.200000000004,92419.87999999999
1,298.9,309.1,2861,4.6,143,1,10.200000000000045,0.9930555555555556,13160.599999999999,92389.99
1,298.9,309.1,1383,54.9,145,0,10.200000000000045,0.9931506849315068,75926.7,92389.99
0,298.8,309.0,1497,43.8,147,0,10.199999999999989,0.9932432432432432,65568.59999999999,92329.2
1,298.7,309.0,1565,35.1,152,0,10.300000000000011,0.9934640522875817,54931.5,92298.3
1,298.7,309.0,1691,30.1,154,0,10.300000000000011,0.9935483870967742,50899.100000000006,92298.3
1,298.8,309.1,1512,40.7,156,0,10.300000000000011,0.9936305732484076,61538.4,92359.08000000002
1,298.8,309.1,1477,42.4,158,0,10.300000000000011,0.9937106918238994,62624.799999999996,92359.08000000002
1,298.8,309.1,1513,40.3,160,0,10.300000000000011,0.9937888198757764,60973.899999999994,92359.08000000002
2,298.8,309.0,1661,29.5,162,0,10.199999999999989,0.9938650306748467,48999.5,92329.2
1,298.8,309.1,1378,54.4,165,0,10.300000000000011,0.9939759036144579,74963.2,92359.08000000002
1,298.8,309.1,1393,52.6,167,0,10.300000000000011,0.9940476190476191,73271.8,92359.08000000002
2,298.8,309.0,1592,38.2,169,0,10.199999999999989,0.9941176470588236,60814.4,92329.2
1,298.8,309.0,1829,22.9,172,0,10.199999999999989,0.9942196531791907,41884.1,92329.2
2,298.9,309.0,1812,25.9,174,0,10.100000000000023,0.9942857142857143,46930.799999999996,92360.09999999999
1,299.0,309.1,1523,38.6,177,0,10.100000000000023,0.9943820224719101,58787.8,92420.90000000001
1,299.0,309.1,1394,45.1,179,0,10.100000000000023,0.9944444444444445,62869.4,92420.90000000001
2,298.9,308.9,1679,28.7,181,0,10.0,0.9945054945054945,48187.299999999996,92330.20999999999
0,298.8,308.9,1466,44.1,184,0,10.099999999999966,0.9945945945945946,64650.6,92299.31999999999
1,298.8,308.9,1527,32.4,189,0,10.099999999999966,0.9947368421052631,49474.799999999996,92299.31999999999
1,298.9,309.0,1410,65.7,191,1,10.100000000000023,0.9947916666666666,92637.0,92360.09999999999
2,298.9,309.0,1924,22.6,193,0,10.100000000000023,0.9948453608247423,43482.4,92360.09999999999
1,298.9,309.1,1452,45.5,196,0,10.200000000000045,0.9949238578680203,66066.0,92389.99
1,298.9,309.1,1369,44.4,198,0,10.200000000000045,0.9949748743718593,60783.6,92389.99
1,299.0,309.1,1592,35.0,200,0,10.100000000000023,0.9950248756218906,55720.0,92420.90000000001
1,298.9,309.0,1601,32.3,202,0,10.100000000000023,0.9950738916256158,51712.299999999996,92360.09999999999
1,298.8,308.9,1379,46.7,204,0,10.099999999999966,0.9951219512195122,64399.3,92299.31999999999
1,298.8,308.9,1461,47.9,206,0,10.099999999999966,0.9951690821256038,69981.9,92299.31999999999
1,298.8,308.9,1455,41.3,208,1,10.099999999999966,0.9952153110047847,60091.49999999999,92299.31999999999
1,298.8,308.9,1398,51.5,0,0,10.099999999999966,0.0,71997.0,92299.31999999999
1,298.8,308.9,1402,37.9,2,0,10.099999999999966,0.6666666666666666,53135.799999999996,92299.31999999999
0,298.8,308.8,1445,49.9,4,0,10.0,0.8,72105.5,92269.44
1,298.9,308.9,1450,47.5,9,0,10.0,0.9,68875.0,92330.20999999999
1,298.9,308.9,1453,40.8,11,0,10.0,0.9166666666666666,59282.399999999994,92330.20999999999
1,299.0,309.0,1469,40.1,13,0,10.0,0.9285714285714286,58906.9,92391.0
1,298.9,308.9,1422,47.6,15,0,10.0,0.9375,67687.2,92330.20999999999
2,299.0,309.0,1804,26.8,17,0,10.0,0.9444444444444444,48347.200000000004,92391.0
0,299.0,309.0,1436,43.9,20,0,10.0,0.9523809523809523,63040.4,92391.0
1,299.0,309.0,1544,31.8,25,0,10.0,0.9615384615384616,49099.200000000004,92391.0
2,299.0,309.0,1419,45.2,27,0,10.0,0.9642857142857143,64138.8,92391.0
2,298.9,308.9,1487,39.5,30,0,10.0,0.967741935483871,58736.5,92330.20999999999
1,298.9,308.9,1753,25.8,33,0,10.0,0.9705882352941176,45227.4,92330.20999999999
1,298.9,308.9,1830,24.9,35,0,10.0,0.9722222222222222,45567.0,92330.20999999999
2,298.9,308.9,1727,27.1,37,0,10.0,0.9736842105263158,46801.700000000004,92330.20999999999
1,299.1,309.0,1450,43.0,40,0,9.899999999999977,0.975609756097561,62350.0,92421.90000000001
1,299.0,308.9,1622,31.9,42,0,9.899999999999977,0.9767441860465116,51741.799999999996,92361.09999999999
2,299.0,309.0,1351,52.2,44,0,10.0,0.9777777777777777,70522.2,92391.0
2,299.0,309.0,1575,35.3,47,0,10.0,0.9791666666666666,55597.49999999999,92391.0
2,298.9,308.9,1750,29.9,50,0,10.0,0.9803921568627451,52325.0,92330.20999999999
1,298.9,308.8,1529,32.7,53,0,9.900000000000034,0.9814814814814815,49998.3,92300.31999999999
1,298.8,308.8,1523,44.4,55,0,10.0,0.9821428571428571,67621.2,92269.44
1,298.8,308.9,1852,25.0,57,0,10.099999999999966,0.9827586206896551,46300.0,92299.31999999999
1,298.8,308.8,1991,20.7,59,0,10.0,0.9833333333333333,41213.7,92269.44
1,298.8,308.8,1555,40.6,61,0,10.0,0.9838709677419355,63133.0,92269.44
2,298.8,308.8,1441,40.5,63,0,10.0,0.984375,58360.5,92269.44
1,298.8,308.7,1450,43.4,66,0,9.899999999999977,0.9850746268656716,62930.0,92239.56
1,298.8,308.7,1591,31.1,68,0,9.899999999999977,0.9855072463768116,49480.100000000006,92239.56
1,298.8,308.7,1445,48.5,70,0,9.899999999999977,0.9859154929577465,70082.5,92239.56
2,298.8,308.8,1497,46.8,72,0,10.0,0.9863013698630136,70059.59999999999,92269.44
0,298.9,308.8,1621,32.7,75,0,9.900000000000034,0.9868421052631579,53006.700000000004,92300.31999999999
1,298.9,308.7,1572,34.1,80,0,9.800000000000011,0.9876543209876543,53605.200000000004,92270.43
1,298.8,308.6,1872,22.5,82,0,9.800000000000011,0.9879518072289156,42120.0,92209.68000000001
0,298.7,308.6,1499,43.5,84,0,9.900000000000034,0.9882352941176471,65206.5,92178.82
2,298.8,308.7,1498,39.5,89,0,9.899999999999977,0.9888888888888889,59171.0,92239.56
2,298.8,308.6,1486,41.9,92,0,9.800000000000011,0.989247311827957,62263.4,92209.68000000001
1,298.8,308.6,1680,29.4,95,0,9.800000000000011,0.9895833333333334,49392.0,92209.68000000001
1,298.8,308.6,1431,45.7,97,0,9.800000000000011,0.9897959183673469,65396.700000000004,92209.68000000001
1,298.9,308.7,1564,34.1,99,0,9.800000000000011,0.99,53332.4,92270.43
1,298.8,308.6,1599,33.0,101,0,9.800000000000011,0.9901960784313726,52767.0,92209.68000000001
2,298.8,308.6,1707,28.1,103,0,9.800000000000011,0.9903846153846154,47966.700000000004,92209.68000000001
1,298.7,308.5,1467,40.7,106,0,9.800000000000011,0.9906542056074766,59706.9,92148.95
1,298.9,308.7,1433,44.7,108,0,9.800000000000011,0.9908256880733946,64055.100000000006,92270.43
1,298.9,308.7,1558,41.2,110,0,9.800000000000011,0.990990990990991,64189.600000000006,92270.43
1,299.0,308.8,1310,50.7,112,0,9.800000000000011,0.9911504424778761,66417.0,92331.2
1,298.9,308.7,1546,43.4,114,0,9.800000000000011,0.991304347826087,67096.4,92270.43
1,298.9,308.7,1727,29.4,116,0,9.800000000000011,0.9914529914529915,50773.799999999996,92270.43
1,298.9,308.6,1560,32.2,118,0,9.700000000000045,0.9915966386554622,50232.00000000001,92240.54
1,299.0,308.6,1329,60.5,120,0,9.600000000000023,0.9917355371900827,80404.5,92271.40000000001
1,298.9,308.6,1413,46.5,122,0,9.700000000000045,0.991869918699187,65704.5,92240.54
1,299.0,308.6,1587,38.6,124,0,9.600000000000023,0.992,61258.200000000004,92271.40000000001
1,298.9,308.5,1559,34.3,126,0,9.600000000000023,0.9921259842519685,53473.7,92210.65
1,298.8,308.4,1473,41.1,128,0,9.599999999999966,0.9922480620155039,60540.3,92149.92
1,298.8,308.4,1737,27.7,130,0,9.599999999999966,0.9923664122137404,48114.9,92149.92
2,298.7,308.4,1441,43.2,132,0,9.699999999999989,0.9924812030075187,62251.200000000004,92119.07999999999
2,298.7,308.4,1430,49.6,135,0,9.699999999999989,0.9926470588235294,70928.0,92119.07999999999
1,298.8,308.4,1369,53.0,138,0,9.599999999999966,0.9928057553956835,72557.0,92149.92
2,298.8,308.5,1711,28.5,140,0,9.699999999999989,0.9929078014184397,48763.5,92179.8
0,298.7,308.5,1420,45.7,143,0,9.800000000000011,0.9930555555555556,64894.00000000001,92148.95
1,298.7,308.6,1297,55.3,148,0,9.900000000000034,0.9932885906040269,71724.09999999999,92178.82
0,298.8,308.6,1449,49.4,150,0,9.800000000000011,0.9933774834437086,71580.59999999999,92209.68000000001
1,298.8,308.6,1268,55.8,155,0,9.800000000000011,0.9935897435897436,70754.4,92209.68000000001
1,298.8,308.6,1511,36.1,157,0,9.800000000000011,0.9936708860759493,54547.1,92209.68000000001
1,298.7,308.5,1544,35.2,159,0,9.800000000000011,0.99375,54348.8,92148.95
2,298.6,308.4,1778,28.2,161,0,9.799999999999955,0.9938271604938271,50139.6,92088.24
0,298.6,308.4,1407,50.5,164,0,9.799999999999955,0.9939393939393939,71053.5,92088.24
2,298.6,308.4,1391,42.4,169,0,9.799999999999955,0.9941176470588236,58978.4,92088.24
1,298.5,308.4,1513,33.6,172,0,9.899999999999977,0.9942196531791907,50836.8,92057.4
0,298.5,308.4,1612,36.1,174,0,9.899999999999977,0.9942857142857143,58193.200000000004,92057.4
1,298.4,308.4,1515,40.1,179,0,10.0,0.9944444444444445,60751.5,92026.55999999998
2,298.3,308.3,1379,48.0,181,0,10.0,0.9945054945054945,66192.0,91965.89000000001
1,298.4,308.3,1473,39.9,184,0,9.900000000000034,0.9945945945945946,58772.7,91996.72
1,298.4,308.3,1422,42.7,186,0,9.900000000000034,0.9946524064171123,60719.4,91996.72
2,298.4,308.2,1463,37.6,188,0,9.800000000000011,0.9947089947089947,55008.8,91966.87999999999
2,298.4,308.2,1584,41.0,191,0,9.800000000000011,0.9947916666666666,64944.0,91966.87999999999
1,298.4,308.2,1850,27.0,194,0,9.800000000000011,0.9948717948717949,49950.0,91966.87999999999
1,298.4,308.2,1528,36.2,196,0,9.800000000000011,0.9949238578680203,55313.600000000006,91966.87999999999
0,298.4,308.2,1987,19.8,198,0,9.800000000000011,0.9949748743718593,39342.6,91966.87999999999
2,298.4,308.1,1495,46.0,203,0,9.700000000000045,0.9950980392156863,68770.0,91937.04
0,298.4,308.2,1478,43.5,206,0,9.800000000000011,0.9951690821256038,64293.0,91966.87999999999
2,298.4,308.2,1499,40.0,211,0,9.800000000000011,0.9952830188679245,59960.0,91966.87999999999
1,298.4,308.2,1471,47.0,214,0,9.800000000000011,0.9953488372093023,69137.0,91966.87999999999
1,298.4,308.2,1282,60.7,216,1,9.800000000000011,0.9953917050691244,77817.40000000001,91966.87999999999
1,298.3,308.1,1412,52.3,218,1,9.800000000000011,0.9954337899543378,73847.59999999999,91906.23000000001
1,298.3,308.1,1586,35.5,0,0,9.800000000000011,0.0,56303.0,91906.23000000001
2,298.4,308.2,1468,43.8,2,0,9.800000000000011,0.6666666666666666,64298.399999999994,91966.87999999999
2,298.5,308.3,1440,43.6,5,0,9.800000000000011,0.8333333333333334,62784.0,92027.55
1,298.5,308.4,1733,26.0,8,0,9.899999999999977,0.8888888888888888,45058.0,92057.4
0,298.4,308.2,1612,32.6,10,0,9.800000000000011,0.9090909090909091,52551.200000000004,91966.87999999999
0,298.4,308.3,1458,42.9,15,0,9.900000000000034,0.9375,62548.2,91996.72
1,298.4,308.3,1433,62.3,20,1,9.900000000000034,0.9523809523809523,89275.9,91996.72
1,298.4,308.3,1318,59.1,22,0,9.900000000000034,0.9565217391304348,77893.8,91996.72
2,298.4,308.2,1610,35.0,24,0,9.800000000000011,0.96,56350.0,91966.87999999999
1,298.2,308.1,1462,50.8,27,0,9.900000000000034,0.9642857142857143,74269.59999999999,91875.42
2,298.1,308.0,1924,20.8,29,0,9.899999999999977,0.9666666666666667,40019.200000000004,91814.8
2,298.2,308.0,1591,33.7,32,0,9.800000000000011,0.9696969696969697,53616.700000000004,91845.59999999999
1,298.2,308.1,1306,58.3,35,0,9.900000000000034,0.9722222222222222,76139.8,91875.42
1,298.2,308.1,1382,43.5,37,0,9.900000000000034,0.9736842105263158,60117.0,91875.42
1,298.2,308.1,1618,34.7,39,0,9.900000000000034,0.975,56144.600000000006,91875.42
1,298.2,308.2,1988,21.4,41,0,10.0,0.9761904761904762,42543.2,91905.23999999999
1,298.2,308.2,1436,50.2,43,0,10.0,0.9772727272727273,72087.2,91905.23999999999
1,298.2,308.3,1304,49.8,45,0,10.100000000000023,0.9782608695652174,64939.2,91935.06
1,298.2,308.3,1475,49.9,47,0,10.100000000000023,0.9791666666666666,73602.5,91935.06
0,298.2,308.3,1824,24.2,49,0,10.100000000000023,0.98,44140.799999999996,91935.06
2,298.1,308.2,1342,48.1,54,0,10.099999999999966,0.9818181818181818,64550.200000000004,91874.42
1,298.1,308.2,1485,40.7,57,0,10.099999999999966,0.9827586206896551,60439.50000000001,91874.42
1,298.2,308.2,1667,30.6,59,0,10.0,0.9833333333333333,51010.200000000004,91905.23999999999
1,298.2,308.2,1446,38.2,61,0,10.0,0.9838709677419355,55237.200000000004,91905.23999999999
1,298.1,308.3,1301,56.0,63,0,10.199999999999989,0.984375,72856.0,91904.23000000001
1,298.2,308.4,1379,43.1,65,0,10.199999999999989,0.9848484848484849,59434.9,91964.87999999999
1,298.3,308.5,1606,33.6,67,0,10.199999999999989,0.9852941176470589,53961.600000000006,92025.55
2,298.3,308.4,1539,43.4,69,0,10.099999999999966,0.9857142857142858,66792.59999999999,91995.72
1,298.2,308.4,1477,49.9,72,0,10.199999999999989,0.9863013698630136,73702.3,91964.87999999999
1,298.2,308.4,1666,34.6,74,0,10.199999999999989,0.9866666666666667,57643.600000000006,91964.87999999999
0,298.2,308.4,1398,51.8,76,0,10.199999999999989,0.987012987012987,72416.4,91964.87999999999
0,298.2,308.4,1678,34.6,81,0,10.199999999999989,0.9878048780487805,58058.8,91964.87999999999
2,298.2,308.5,2678,10.7,86,1,10.300000000000011,0.9885057471264368,28654.6,91994.7
1,298.3,308.5,1453,42.9,89,0,10.199999999999989,0.9888888888888889,62333.7,92025.55
0,298.3,308.6,1432,49.5,91,0,10.300000000000011,0.9891304347826086,70884.0,92055.38
2,298.4,308.6,1527,40.9,96,0,10.200000000000045,0.9896907216494846,62454.299999999996,92086.24
1,298.4,308.7,1588,35.0,99,0,10.300000000000011,0.99,55580.0,92116.07999999999
1,298.4,308.6,1433,47.1,101,0,10.200000000000045,0.9901960784313726,67494.3,92086.24
1,298.4,308.6,1609,35.0,103,0,10.200000000000045,0.9903846153846154,56315.0,92086.24
1,298.3,308.5,1575,41.2,105,0,10.199999999999989,0.9905660377358491,64890.00000000001,92025.55
2,298.4,308.5,1636,35.7,107,0,10.100000000000023,0.9907407407407407,58405.200000000004,92056.4
1,298.4,308.5,1490,37.9,110,0,10.100000000000023,0.990990990990991,56471.0,92056.4
1,298.4,308.5,1741,32.8,112,0,10.100000000000023,0.9911504424778761,57104.799999999996,92056.4
2,298.5,308.6,1344,53.0,114,0,10.100000000000023,0.991304347826087,71232.0,92117.1
1,298.5,308.7,1609,35.3,117,0,10.199999999999989,0.9915254237288136,56797.7,92146.95
2,298.4,308.7,1421,60.7,119,1,10.300000000000011,0.9916666666666667,86254.7,92116.07999999999
1,298.4,308.6,1591,36.7,122,0,10.200000000000045,0.991869918699187,58389.700000000004,92086.24
1,298.4,308.6,1477,44.0,124,0,10.200000000000045,0.992,64988.0,92086.24
1,298.4,308.7,1523,36.1,126,0,10.300000000000011,0.9921259842519685,54980.3,92116.07999999999
1,298.5,308.7,1575,33.9,128,0,10.199999999999989,0.9922480620155039,53392.5,92146.95
0,298.4,308.7,1344,52.9,130,0,10.300000000000011,0.9923664122137404,71097.59999999999,92116.07999999999
1,298.4,308.7,1386,44.9,135,0,10.300000000000011,0.9926470588235294,62231.4,92116.07999999999
2,298.3,308.6,1589,37.1,137,0,10.300000000000011,0.9927536231884058,58951.9,92055.38
1,298.3,308.6,1548,40.3,140,0,10.300000000000011,0.9929078014184397,62384.399999999994,92055.38
1,298.3,308.6,1499,38.3,142,0,10.300000000000011,0.993006993006993,57411.7,92055.38
1,298.3,308.5,1664,31.6,144,0,10.199999999999989,0.993103448275862,52582.4,92025.55
1,298.3,308.6,1447,38.1,146,0,10.300000000000011,0.9931972789115646,55130.700000000004,92055.38
2,298.3,308.5,1434,46.2,148,0,10.199999999999989,0.9932885906040269,66250.8,92025.55
1,298.3,308.5,1416,52.7,151,0,10.199999999999989,0.993421052631579,74623.2,92025.55
0,298.4,308.5,1827,24.3,153,0,10.100000000000023,0.9935064935064936,44396.1,92056.4
1,298.4,308.6,1304,45.0,158,0,10.200000000000045,0.9937106918238994,58680.0,92086.24
1,298.4,308.6,1569,34.4,160,0,10.200000000000045,0.9937888198757764,53973.6,92086.24
1,298.3,308.6,1584,29.3,162,0,10.300000000000011,0.9938650306748467,46411.200000000004,92055.38
1,298.3,308.5,1362,53.8,164,0,10.199999999999989,0.9939393939393939,73275.59999999999,92025.55
1,298.3,308.4,1329,49.2,166,0,10.099999999999966,0.9940119760479041,65386.8,91995.72
1,298.3,308.5,1539,36.1,168,0,10.199999999999989,0.9940828402366864,55557.9,92025.55
2,298.3,308.5,1629,37.1,170,0,10.199999999999989,0.9941520467836257,60435.9,92025.55
1,298.3,308.5,1538,32.2,173,0,10.199999999999989,0.9942528735632183,49523.600000000006,92025.55
1,298.3,308.6,1570,34.8,175,0,10.300000000000011,0.9943181818181818,54635.99999999999,92055.38
1,298.3,308.4,1408,43.1,177,0,10.099999999999966,0.9943820224719101,60684.8,91995.72
1,298.2,308.4,1424,47.6,179,0,10.199999999999989,0.9944444444444445,67782.40000000001,91964.87999999999
1,298.2,308.4,1512,34.9,181,0,10.199999999999989,0.9945054945054945,52768.799999999996,91964.87999999999
1,298.2,308.4,1478,42.9,183,0,10.199999999999989,0.9945652173913043,63406.2,91964.87999999999
2,298.1,308.3,1680,33.7,185,0,10.199999999999989,0.9946236559139785,56616.00000000001,91904.23000000001
1,298.1,308.3,1495,38.7,188,0,10.199999999999989,0.9947089947089947,57856.50000000001,91904.23000000001
2,298.0,308.1,1552,36.6,190,0,10.100000000000023,0.9947643979057592,56803.200000000004,91813.8
1,297.9,308.1,1393,50.3,193,0,10.200000000000045,0.9948453608247423,70067.9,91782.99
1,298.0,308.2,1611,30.6,195,0,10.199999999999989,0.9948979591836735,49296.600000000006,91843.59999999999
2,298.0,308.1,1339,51.6,197,0,10.100000000000023,0.9949494949494949,69092.40000000001,91813.8
1,298.0,308.1,1777,24.3,200,0,10.100000000000023,0.9950248756218906,43181.1,91813.8
1,298.0,308.2,1348,58.8,202,1,10.199999999999989,0.9950738916256158,79262.4,91843.59999999999
1,298.0,308.2,1442,44.1,204,0,10.199999999999989,0.9951219512195122,63592.200000000004,91843.59999999999
2,298.0,308.2,1395,49.1,206,0,10.199999999999989,0.9951690821256038,68494.5,91843.59999999999
2,297.9,308.1,1627,31.4,209,0,10.200000000000045,0.9952380952380953,51087.799999999996,91782.99
1,297.9,308.1,1585,33.5,212,0,10.200000000000045,0.9953051643192489,53097.5,91782.99
1,298.0,308.2,1469,45.5,214,0,10.199999999999989,0.9953488372093023,66839.5,91843.59999999999
1,298.0,308.3,1362,56.8,216,1,10.300000000000011,0.9953917050691244,77361.59999999999,91873.40000000001
1,298.0,308.3,1405,56.2,218,1,10.300000000000011,0.9954337899543378,78961.0,91873.40000000001
1,298.0,308.3,1662,32.7,0,0,10.300000000000011,0.0,54347.4,91873.40000000001
2,298.0,308.2,1466,42.6,2,0,10.199999999999989,0.6666666666666666,62451.6,91843.59999999999
1,298.0,308.2,1620,35.8,5,0,10.199999999999989,0.8333333333333334,57995.99999999999,91843.59999999999
1,298.0,308.2,1357,48.2,7,0,10.199999999999989,0.875,65407.4,91843.59999999999
1,298.0,308.2,1514,37.9,9,0,10.199999999999989,0.9,57380.6,91843.59999999999
1,298.0,308.2,1489,40.4,11,0,10.199999999999989,0.9166666666666666,60155.6,91843.59999999999
1,298.1,308.3,1331,63.0,13,0,10.199999999999989,0.9285714285714286,83853.0,91904.23000000001
1,298.0,308.0,1615,29.5,15,0,10.0,0.9375,47642.5,91784.0
1,298.1,308.2,1482,37.9,17,0,10.099999999999966,0.9444444444444444,56167.799999999996,91874.42
2,298.1,308.2,1420,63.9,19,1,10.099999999999966,0.95,90738.0,91874.42
2,298.2,308.3,1522,49.1,22,0,10.100000000000023,0.9565217391304348,74730.2,91935.06
1,298.1,308.2,1654,32.1,25,0,10.099999999999966,0.9615384615384616,53093.4,91874.42
2,298.1,308.2,1736,26.8,27,0,10.099999999999966,0.9642857142857143,46524.8,91874.42
2,298.0,308.1,1587,32.3,30,0,10.100000000000023,0.967741935483871,51260.1,91813.8
1,298.1,308.2,1390,47.5,33,0,10.099999999999966,0.9705882352941176,66025.0,91874.42
1,298.0,308.1,1454,37.1,35,0,10.100000000000023,0.9722222222222222,53943.4,91813.8
0,298.0,308.1,1440,43.7,37,0,10.100000000000023,0.9736842105263158,62928.00000000001,91813.8
1,297.9,308.0,1954,21.1,42,0,10.100000000000023,0.9767441860465116,41229.4,91753.2
0,297.9,308.0,1800,24.8,44,0,10.100000000000023,0.9777777777777777,44640.0,91753.2
1,298.0,308.0,1524,37.0,49,0,10.0,0.98,56388.0,91784.0
0,298.0,308.0,1520,39.6,51,0,10.0,0.9807692307692307,60192.0,91784.0
2,298.1,308.1,1452,40.8,56,0,10.0,0.9824561403508771,59241.6,91844.61000000002
1,298.1,308.1,1484,40.4,59,0,10.0,0.9833333333333333,59953.6,91844.61000000002
1,298.1,308.0,1426,46.0,61,0,9.899999999999977,0.9838709677419355,65596.0,91814.8
1,298.1,308.0,1652,28.5,63,0,9.899999999999977,0.984375,47082.0,91814.8
1,298.0,308.0,1401,54.7,65,0,10.0,0.9848484848484849,76634.7,91784.0
2,298.0,307.9,1750,26.6,67,0,9.899999999999977,0.9852941176470589,46550.0,91754.2
0,298.0,308.0,1479,50.7,70,0,10.0,0.9859154929577465,74985.3,91784.0
2,298.0,308.0,1620,29.4,75,0,10.0,0.9868421052631579,47628.0,91784.0
1,298.0,308.1,1819,23.4,78,0,10.100000000000023,0.9873417721518988,42564.6,91813.8
2,298.1,308.1,1456,43.7,80,0,10.0,0.9876543209876543,63627.200000000004,91844.61000000002
1,298.1,308.0,1626,36.5,83,0,9.899999999999977,0.9880952380952381,59349.0,91814.8
2,298.1,308.1,1390,49.8,85,0,10.0,0.9883720930232558,69222.0,91844.61000000002
1,298.2,308.2,1469,43.0,88,0,10.0,0.9887640449438202,63167.0,91905.23999999999
1,298.2,308.3,2051,19.2,90,0,10.100000000000023,0.989010989010989,39379.2,91935.06
1,298.2,308.3,1568,36.0,92,0,10.100000000000023,0.989247311827957,56448.0,91935.06
1,298.2,308.3,1589,33.2,94,0,10.100000000000023,0.9894736842105263,52754.8,91935.06
1,298.2,308.3,1805,31.6,96,0,10.100000000000023,0.9896907216494846,57038.0,91935.06
0,298.2,308.4,1385,42.2,98,0,10.199999999999989,0.98989898989899,58447.00000000001,91964.87999999999
1,298.1,308.4,1436,46.7,103,0,10.299999999999955,0.9903846153846154,67061.2,91934.04
1,298.1,308.4,1438,45.6,105,0,10.299999999999955,0.9905660377358491,65572.8,91934.04
1,298.0,308.3,1473,42.6,107,0,10.300000000000011,0.9907407407407407,62749.8,91873.40000000001
1,298.1,308.4,1335,40.2,109,0,10.299999999999955,0.990909090909091,53667.00000000001,91934.04
0,298.1,308.5,1392,44.8,111,0,10.399999999999977,0.9910714285714286,62361.6,91963.85
2,298.1,308.5,1372,51.1,116,0,10.399999999999977,0.9914529914529915,70109.2,91963.85
2,298.1,308.6,1716,30.7,119,0,10.5,0.9916666666666667,52681.2,91993.66000000002
1,298.0,308.5,1395,46.2,122,0,10.5,0.991869918699187,64449.00000000001,91933.0
1,298.0,308.5,1713,25.3,124,0,10.5,0.992,43338.9,91933.0
0,297.9,308.5,2129,18.7,126,0,10.600000000000023,0.9921259842519685,39812.299999999996,91902.15
2,297.8,308.3,1567,35.6,131,0,10.5,0.9924242424242424,55785.200000000004,91811.74
1,297.8,308.4,1622,38.3,134,0,10.599999999999966,0.9925925925925926,62122.6,91841.51999999999
1,297.7,308.4,1740,27.1,136,0,10.699999999999989,0.9927007299270073,47154.0,91810.68
0,297.8,308.4,1512,35.1,138,0,10.599999999999966,0.9928057553956835,53071.200000000004,91841.51999999999
2,297.8,308.4,1479,43.5,143,0,10.599999999999966,0.9930555555555556,64336.5,91841.51999999999
1,297.8,308.4,1737,27.5,146,0,10.599999999999966,0.9931972789115646,47767.5,91841.51999999999
1,297.8,308.4,2129,19.2,148,0,10.599999999999966,0.9932885906040269,40876.799999999996,91841.51999999999
1,297.8,308.4,1374,47.1,150,0,10.599999999999966,0.9933774834437086,64715.4,91841.51999999999
2,297.8,308.4,1579,36.6,152,0,10.599999999999966,0.9934640522875817,57791.4,91841.51999999999
1,297.9,308.5,1305,47.2,155,0,10.600000000000023,0.9935897435897436,61596.00000000001,91902.15
2,297.9,308.5,1449,40.8,157,0,10.600000000000023,0.9936708860759493,59119.2,91902.15
0,298.0,308.6,1526,41.8,160,0,10.600000000000023,0.9937888198757764,63786.799999999996,91962.8
2,298.0,308.6,1453,44.1,165,0,10.600000000000023,0.9939759036144579,64077.3,91962.8
1,297.9,308.6,1468,36.0,168,0,10.700000000000045,0.9940828402366864,52848.0,91931.94
1,298.0,308.6,1313,50.8,170,0,10.600000000000023,0.9941520467836257,66700.4,91962.8
2,297.9,308.5,1300,53.0,172,0,10.600000000000023,0.9942196531791907,68900.0,91902.15
1,297.9,308.4,1646,40.6,175,0,10.5,0.9943181818181818,66827.6,91872.35999999999
1,297.8,308.4,1714,33.2,177,0,10.599999999999966,0.9943820224719101,56904.8,91841.51999999999
1,297.8,308.4,1685,28.4,179,0,10.599999999999966,0.9944444444444445,47854.0,91841.51999999999
1,297.8,308.4,1512,39.9,181,0,10.599999999999966,0.9945054945054945,60328.799999999996,91841.51999999999
1,297.8,308.4,1612,32.1,183,0,10.599999999999966,0.9945652173913043,51745.200000000004,91841.51999999999
0,297.8,308.4,1550,38.2,185,0,10.599999999999966,0.9946236559139785,59210.00000000001,91841.51999999999
1,297.8,308.4,1518,32.5,190,0,10.599999999999966,0.9947643979057592,49335.0,91841.51999999999
1,297.8,308.5,1448,40.0,192,0,10.699999999999989,0.9948186528497409,57920.0,91871.3
1,297.8,308.5,1561,46.3,194,0,10.699999999999989,0.9948717948717949,72274.29999999999,91871.3
2,297.8,308.5,1488,41.9,196,0,10.699999999999989,0.9949238578680203,62347.2,91871.3
1,297.8,308.5,1699,27.8,199,0,10.699999999999989,0.995,47232.200000000004,91871.3
1,297.7,308.5,1501,41.4,201,0,10.800000000000011,0.995049504950495,62141.4,91840.45
1,297.7,308.5,1373,56.7,203,1,10.800000000000011,0.9950980392156863,77849.1,91840.45
0,297.6,308.4,1703,31.4,205,0,10.799999999999955,0.9951456310679612,53474.2,91779.84
0,297.7,308.5,1720,29.9,210,0,10.800000000000011,0.995260663507109,51428.0,91840.45
2,297.6,308.4,1398,41.9,215,0,10.799999999999955,0.9953703703703703,58576.2,91779.84
2,297.6,308.4,1391,51.9,218,0,10.799999999999955,0.9954337899543378,72192.9,91779.84
2,297.6,308.3,1538,40.2,0,0,10.699999999999989,0.0,61827.600000000006,91750.08000000002
1,297.5,308.2,1647,31.3,3,0,10.699999999999989,0.75,51551.1,91689.5
2,297.5,308.1,1469,44.8,5,0,10.600000000000023,0.8333333333333334,65811.2,91659.75
1,297.4,308.1,1749,25.9,8,0,10.700000000000045,0.8888888888888888,45299.1,91628.94
2,297.6,308.2,1995,20.5,10,0,10.599999999999966,0.9090909090909091,40897.5,91720.32
1,297.6,308.3,1742,27.7,13,0,10.699999999999989,0.9285714285714286,48253.4,91750.08000000002
1,297.5,308.2,1563,38.2,15,0,10.699999999999989,0.9375,59706.600000000006,91689.5
2,297.5,308.2,1713,32.2,17,0,10.699999999999989,0.9444444444444444,55158.600000000006,91689.5
1,297.4,308.1,1474,39.4,20,0,10.700000000000045,0.9523809523809523,58075.6,91628.94
2,297.4,308.2,1530,32.6,22,0,10.800000000000011,0.9565217391304348,49878.0,91658.68
1,297.4,308.2,1471,46.5,25,0,10.800000000000011,0.9615384615384616,68401.5,91658.68
1,297.5,308.3,1388,48.6,27,0,10.800000000000011,0.9642857142857143,67456.8,91719.25
2,297.5,308.2,2448,13.8,29,0,10.699999999999989,0.9666666666666667,33782.4,91689.5
1,297.5,308.3,1585,32.9,32,0,10.800000000000011,0.9696969696969697,52146.5,91719.25
2,297.5,308.3,1459,45.2,34,0,10.800000000000011,0.9714285714285714,65946.8,91719.25
1,297.5,308.3,1544,40.8,37,0,10.800000000000011,0.9736842105263158,62995.2,91719.25
1,297.6,308.3,1617,31.7,39,0,10.699999999999989,0.975,51258.9,91750.08000000002
1,297.6,308.3,1595,34.3,41,0,10.699999999999989,0.9761904761904762,54708.49999999999,91750.08000000002
0,297.6,308.3,1400,44.3,43,0,10.699999999999989,0.9772727272727273,62019.99999999999,91750.08000000002
2,297.6,308.4,1611,31.0,48,0,10.799999999999955,0.9795918367346939,49941.0,91779.84
2,297.6,308.4,1507,46.0,51,0,10.799999999999955,0.9807692307692307,69322.0,91779.84
0,297.5,308.3,1674,30.0,54,0,10.800000000000011,0.9818181818181818,50220.0,91719.25
1,297.6,308.3,1658,34.3,59,0,10.699999999999989,0.9833333333333333,56869.399999999994,91750.08000000002
1,297.6,308.3,1623,36.9,61,0,10.699999999999989,0.9838709677419355,59888.7,91750.08000000002
2,297.6,308.4,1398,48.9,63,0,10.799999999999955,0.984375,68362.2,91779.84
1,297.6,308.4,1517,34.2,66,0,10.799999999999955,0.9850746268656716,51881.4,91779.84
2,297.6,308.3,1467,36.7,68,0,10.699999999999989,0.9855072463768116,53838.9,91750.08000000002
2,297.6,308.3,1567,34.6,71,0,10.699999999999989,0.9861111111111112,54218.200000000004,91750.08000000002
2,297.5,308.3,1521,38.2,74,0,10.800000000000011,0.9866666666666667,58102.200000000004,91719.25
1,297.5,308.3,1596,36.8,77,0,10.800000000000011,0.9871794871794872,58732.799999999996,91719.25
0,297.6,308.3,1640,30.9,79,0,10.699999999999989,0.9875,50676.0,91750.08000000002
1,297.6,308.3,1438,47.8,84,0,10.699999999999989,0.9882352941176471,68736.4,91750.08000000002
1,297.6,308.4,1407,55.2,86,0,10.799999999999955,0.9885057471264368,77666.40000000001,91779.84
1,297.6,308.4,1353,57.5,88,0,10.799999999999955,0.9887640449438202,77797.5,91779.84
2,297.6,308.5,1552,40.9,90,0,10.899999999999977,0.989010989010989,63476.799999999996,91809.6
2,297.6,308.4,1569,38.3,93,0,10.799999999999955,0.9893617021276596,60092.7,91779.84
1,297.5,308.4,1489,39.5,96,0,10.899999999999977,0.9896907216494846,58815.5,91749.0
0,297.5,308.4,1587,36.1,98,0,10.899999999999977,0.98989898989899,57290.700000000004,91749.0
2,297.5,308.3,1622,37.2,103,0,10.800000000000011,0.9903846153846154,60338.4,91719.25
1,297.5,308.4,1604,38.1,106,0,10.899999999999977,0.9906542056074766,61112.4,91749.0
2,297.4,308.3,1405,51.7,108,0,10.900000000000034,0.9908256880733946,72638.5,91688.42
1,297.4,308.3,1412,42.0,111,0,10.900000000000034,0.9910714285714286,59304.0,91688.42
1,297.4,308.3,1431,43.0,113,0,10.900000000000034,0.9912280701754386,61533.0,91688.42
1,297.4,308.2,1533,37.4,115,0,10.800000000000011,0.9913793103448276,57334.2,91658.68
2,297.4,308.2,1401,51.9,117,0,10.800000000000011,0.9915254237288136,72711.9,91658.68
2,297.4,308.2,1424,53.9,120,0,10.800000000000011,0.9917355371900827,76753.59999999999,91658.68
1,297.3,308.2,1754,29.4,123,0,10.899999999999977,0.9919354838709677,51567.6,91627.86
1,297.3,308.2,1754,26.8,125,0,10.899999999999977,0.9920634920634921,47007.200000000004,91627.86
1,297.5,308.3,2564,12.8,127,1,10.800000000000011,0.9921875,32819.200000000004,91719.25
1,297.5,308.5,1546,40.4,129,0,11.0,0.9923076923076923,62458.399999999994,91778.75
1,297.5,308.5,1335,48.0,131,0,11.0,0.9924242424242424,64080.0,91778.75
2,297.5,308.6,1842,27.0,133,0,11.100000000000023,0.9925373134328358,49734.0,91808.5
1,297.5,308.5,1712,26.8,136,0,11.0,0.9927007299270073,45881.6,91778.75
2,297.6,308.6,1414,45.4,138,0,11.0,0.9928057553956835,64195.6,91839.36000000002
1,297.6,308.7,1319,50.9,141,0,11.099999999999966,0.9929577464788732,67137.09999999999,91869.12000000001
1,297.7,308.7,1249,60.4,143,0,11.0,0.9930555555555556,75439.59999999999,91899.98999999999
1,297.6,308.7,1455,48.2,145,0,11.099999999999966,0.9931506849315068,70131.0,91869.12000000001
2,297.6,308.7,1408,54.8,147,0,11.099999999999966,0.9932432432432432,77158.4,91869.12000000001
1,297.6,308.7,1460,46.7,150,0,11.099999999999966,0.9933774834437086,68182.0,91869.12000000001
1,297.6,308.6,1491,38.1,152,0,11.0,0.9934640522875817,56807.1,91839.36000000002
2,297.6,308.5,1490,43.4,154,0,10.899999999999977,0.9935483870967742,64666.0,91809.6
2,297.5,308.4,1350,52.2,157,0,10.899999999999977,0.9936708860759493,70470.0,91749.0
1,297.5,308.4,1528,39.9,160,0,10.899999999999977,0.9937888198757764,60967.2,91749.0
1,297.4,308.3,1571,37.7,162,0,10.900000000000034,0.9938650306748467,59226.700000000004,91688.42
1,297.4,308.3,1490,42.6,164,0,10.900000000000034,0.9939393939393939,63474.0,91688.42
2,297.4,308.3,1774,28.9,166,0,10.900000000000034,0.9940119760479041,51268.6,91688.42
0,297.4,308.3,1502,43.6,169,0,10.900000000000034,0.9941176470588236,65487.200000000004,91688.42
1,297.4,308.4,1392,49.7,174,0,11.0,0.9942857142857143,69182.40000000001,91718.15999999999
1,297.4,308.5,2100,16.9,176,0,11.100000000000023,0.9943502824858758,35490.0,91747.9
1,297.5,308.5,1722,30.4,178,0,11.0,0.994413407821229,52348.799999999996,91778.75
1,297.4,308.6,1678,32.3,180,0,11.200000000000045,0.994475138121547,54199.399999999994,91777.64
1,297.3,308.6,1273,59.8,182,0,11.300000000000011,0.994535519125683,76125.4,91746.78000000001
1,297.3,308.6,1297,45.9,184,0,11.300000000000011,0.9945945945945946,59532.299999999996,91746.78000000001
1,297.3,308.5,1350,57.6,186,0,11.199999999999989,0.9946524064171123,77760.0,91717.05
1,297.4,308.6,1439,51.9,188,0,11.200000000000045,0.9947089947089947,74684.09999999999,91777.64
2,297.4,308.5,1600,42.1,190,0,11.100000000000023,0.9947643979057592,67360.0,91747.9
2,297.4,308.6,1434,44.4,193,0,11.200000000000045,0.9948453608247423,63669.6,91777.64
1,297.4,308.6,1459,41.3,196,0,11.200000000000045,0.9949238578680203,60256.7,91777.64
2,297.5,308.6,1472,44.9,198,0,11.100000000000023,0.9949748743718593,66092.8,91808.5
1,297.5,308.7,1429,44.3,201,0,11.199999999999989,0.995049504950495,63304.7,91838.25
1,297.5,308.6,1388,48.2,203,0,11.100000000000023,0.9950980392156863,66901.6,91808.5
1,297.4,308.4,1573,34.5,205,0,11.0,0.9951456310679612,54268.5,91718.15999999999
1,297.4,308.4,1588,32.5,207,0,11.0,0.9951923076923077,51610.0,91718.15999999999
1,297.5,308.4,1511,42.8,209,0,10.899999999999977,0.9952380952380953,64670.799999999996,91749.0
1,297.4,308.5,1495,37.8,211,0,11.100000000000023,0.9952830188679245,56510.99999999999,91747.9
1,297.4,308.4,1394,50.1,213,0,11.0,0.9953271028037384,69839.40000000001,91718.15999999999
1,297.4,308.4,2151,17.7,0,0,11.0,0.0,38072.7,91718.15999999999
2,297.3,308.3,1501,38.2,2,0,11.0,0.6666666666666666,57338.200000000004,91657.59000000001
2,297.3,308.3,1301,39.6,5,0,11.0,0.8333333333333334,51519.6,91657.59000000001
2,297.3,308.3,1657,31.1,8,0,11.0,0.8888888888888888,51532.700000000004,91657.59000000001
1,297.3,308.3,1333,55.2,11,0,11.0,0.9166666666666666,73581.6,91657.59000000001
1,297.3,308.3,1484,43.9,13,0,11.0,0.9285714285714286,65147.6,91657.59000000001
1,297.3,308.4,1430,45.7,15,0,11.099999999999966,0.9375,65351.00000000001,91687.31999999999
2,297.3,308.4,1665,28.9,17,0,11.099999999999966,0.9444444444444444,48118.5,91687.31999999999
1,297.4,308.5,1501,44.9,20,0,11.100000000000023,0.9523809523809523,67394.9,91747.9
2,297.5,308.5,1496,42.2,22,0,11.0,0.9565217391304348,63131.200000000004,91778.75
2,297.6,308.6,1595,36.9,25,0,11.0,0.9615384615384616,58855.5,91839.36000000002
1,297.5,308.6,1208,62.3,28,0,11.100000000000023,0.9655172413793104,75258.4,91808.5
1,297.5,308.6,1596,37.1,30,0,11.100000000000023,0.967741935483871,59211.600000000006,91808.5
1,297.5,308.5,1446,41.9,32,0,11.0,0.9696969696969697,60587.4,91778.75
2,297.6,308.5,1466,39.7,34,0,10.899999999999977,0.9714285714285714,58200.200000000004,91809.6
2,297.6,308.5,1848,23.7,37,0,10.899999999999977,0.9736842105263158,43797.6,91809.6
2,297.5,308.5,1484,44.7,40,0,11.0,0.975609756097561,66334.8,91778.75
1,297.4,308.3,1493,41.2,43,0,10.900000000000034,0.9772727272727273,61511.600000000006,91688.42
1,297.3,308.3,1504,36.3,45,0,11.0,0.9782608695652174,54595.2,91657.59000000001
1,297.3,308.3,1538,38.5,47,0,11.0,0.9791666666666666,59213.0,91657.59000000001
1,297.4,308.4,1341,52.2,49,0,11.0,0.98,70000.2,91718.15999999999
2,297.4,308.3,1535,34.6,51,0,10.900000000000034,0.9807692307692307,53111.0,91688.42
1,297.4,308.5,1389,39.2,54,0,11.100000000000023,0.9818181818181818,54448.8,91747.9
0,297.5,308.5,1393,46.6,56,0,11.0,0.9824561403508771,64913.8,91778.75
1,297.4,308.5,1399,61.5,61,1,11.100000000000023,0.9838709677419355,86038.5,91747.9
0,297.4,308.5,1469,45.1,63,0,11.100000000000023,0.984375,66251.90000000001,91747.9
1,297.4,308.4,1582,37.2,68,0,11.0,0.9855072463768116,58850.4,91718.15999999999
1,297.5,308.6,1793,26.7,70,0,11.100000000000023,0.9859154929577465,47873.1,91808.5
1,297.5,308.6,1452,39.0,72,0,11.100000000000023,0.9863013698630136,56628.0,91808.5
2,297.6,308.7,1376,59.9,74,0,11.099999999999966,0.9866666666666667,82422.4,91869.12000000001
1,297.5,308.6,1552,44.9,77,0,11.100000000000023,0.9871794871794872,69684.8,91808.5
1,297.6,308.7,1622,37.9,79,0,11.099999999999966,0.9875,61473.799999999996,91869.12000000001
2,297.6,308.7,1419,41.7,81,0,11.099999999999966,0.9878048780487805,59172.3,91869.12000000001
0,297.5,308.6,1440,46.1,84,0,11.100000000000023,0.9882352941176471,66384.0,91808.5
2,297.4,308.6,1643,31.0,89,0,11.200000000000045,0.9888888888888889,50933.0,91777.64
1,297.4,308.7,1510,36.2,92,0,11.300000000000011,0.989247311827957,54662.00000000001,91807.37999999999
1,297.4,308.7,1468,46.6,94,0,11.300000000000011,0.9894736842105263,68408.8,91807.37999999999
1,297.4,308.7,1429,57.4,96,0,11.300000000000011,0.9896907216494846,82024.59999999999,91807.37999999999
0,297.3,308.7,1478,47.6,98,0,11.399999999999977,0.98989898989899,70352.8,91776.51
1,297.4,308.6,1276,53.6,103,0,11.200000000000045,0.9903846153846154,68393.6,91777.64
1,297.3,308.6,1486,42.6,105,0,11.300000000000011,0.9905660377358491,63303.6,91746.78000000001
1,297.4,308.6,1476,42.3,107,0,11.200000000000045,0.9907407407407407,62434.799999999996,91777.64
0,297.3,308.6,1431,42.0,109,0,11.300000000000011,0.990909090909091,60102.0,91746.78000000001
1,297.4,308.7,1402,40.2,114,0,11.300000000000011,0.991304347826087,56360.4,91807.37999999999
1,297.4,308.7,1433,43.4,116,0,11.300000000000011,0.9914529914529915,62192.2,91807.37999999999
1,297.4,308.7,2874,4.2,118,1,11.300000000000011,0.9915966386554622,12070.800000000001,91807.37999999999
1,297.3,308.6,1511,35.7,120,0,11.300000000000011,0.9917355371900827,53942.700000000004,91746.78000000001
2,297.3,308.6,1456,42.9,122,0,11.300000000000011,0.991869918699187,62462.4,91746.78000000001
1,297.2,308.5,1550,41.5,125,0,11.300000000000011,0.9920634920634921,64325.0,91686.2
1,297.2,308.5,2182,16.5,127,0,11.300000000000011,0.9921875,36003.0,91686.2
1,297.3,308.7,1619,31.6,129,0,11.399999999999977,0.9923076923076923,51160.4,91776.51
2,297.3,308.8,1586,32.7,131,0,11.5,0.9924242424242424,51862.200000000004,91806.24
0,297.3,308.8,1499,44.2,134,0,11.5,0.9925925925925926,66255.8,91806.24
0,297.3,308.8,1419,42.4,139,0,11.5,0.9928571428571429,60165.6,91806.24
2,297.4,309.0,1497,41.8,144,0,11.600000000000023,0.993103448275862,62574.6,91896.59999999999
2,297.4,309.0,1520,37.0,147,0,11.600000000000023,0.9932432432432432,56240.0,91896.59999999999
1,297.4,309.1,1478,49.8,150,0,11.700000000000045,0.9933774834437086,73604.4,91926.34
1,297.4,309.1,1380,41.1,152,0,11.700000000000045,0.9934640522875817,56718.0,91926.34
1,297.4,309.0,1570,37.9,154,0,11.600000000000023,0.9935483870967742,59503.0,91896.59999999999
0,297.4,309.0,1468,41.4,156,0,11.600000000000023,0.9936305732484076,60775.2,91896.59999999999
1,297.4,309.0,1833,22.6,161,0,11.600000000000023,0.9938271604938271,41425.8,91896.59999999999
2,297.4,308.9,1323,57.3,163,0,11.5,0.9939024390243902,75807.9,91866.85999999999
1,297.4,309.0,1583,32.0,166,0,11.600000000000023,0.9940119760479041,50656.0,91896.59999999999
2,297.3,309.0,1556,39.5,168,0,11.699999999999989,0.9940828402366864,61462.0,91865.7
1,297.3,309.0,1548,37.4,171,0,11.699999999999989,0.9941860465116279,57895.2,91865.7
1,297.4,309.0,1324,56.9,173,0,11.600000000000023,0.9942528735632183,75335.59999999999,91896.59999999999
1,297.4,309.0,1568,33.7,175,0,11.600000000000023,0.9943181818181818,52841.600000000006,91896.59999999999
2,297.4,309.0,1685,30.7,177,0,11.600000000000023,0.9943820224719101,51729.5,91896.59999999999
2,297.4,309.1,1582,35.9,180,0,11.700000000000045,0.994475138121547,56793.799999999996,91926.34
2,297.4,309.1,1463,35.0,183,0,11.700000000000045,0.9945652173913043,51205.0,91926.34
1,297.4,309.2,1584,42.8,186,0,11.800000000000011,0.9946524064171123,67795.2,91956.07999999999
2,297.5,309.2,1347,55.8,188,0,11.699999999999989,0.9947089947089947,75162.59999999999,91987.0
1,297.4,309.2,1459,37.9,191,0,11.800000000000011,0.9947916666666666,55296.1,91956.07999999999
1,297.4,309.2,1420,45.6,193,0,11.800000000000011,0.9948453608247423,64752.0,91956.07999999999
1,297.5,309.3,1404,43.5,195,0,11.800000000000011,0.9948979591836735,61074.0,92016.75
1,297.5,309.3,1470,38.8,197,0,11.800000000000011,0.9949494949494949,57035.99999999999,92016.75
1,297.6,309.4,1326,49.8,199,0,11.799999999999955,0.995,66034.8,92077.44
0,297.5,309.3,1459,49.7,201,0,11.800000000000011,0.995049504950495,72512.3,92016.75
2,297.5,309.2,1530,40.0,206,0,11.699999999999989,0.9951690821256038,61200.0,91987.0
1,297.4,309.0,1505,39.2,209,0,11.600000000000023,0.9952380952380953,58996.00000000001,91896.59999999999
1,297.5,309.1,1611,30.2,211,0,11.600000000000023,0.9952830188679245,48652.2,91957.25
1,297.5,309.1,1515,35.1,213,0,11.600000000000023,0.9953271028037384,53176.5,91957.25
2,297.5,309.2,1804,27.4,215,0,11.699999999999989,0.9953703703703703,49429.6,91987.0
2,297.6,309.3,1464,46.2,218,0,11.699999999999989,0.9954337899543378,67636.8,92047.68000000001
1,297.6,309.2,1390,43.3,221,0,11.599999999999966,0.9954954954954955,60186.99999999999,92017.92
2,297.6,309.2,1442,48.1,0,0,11.599999999999966,0.0,69360.2,92017.92
2,297.6,309.3,1529,41.9,3,0,11.699999999999989,0.75,64065.1,92047.68000000001
1,297.6,309.3,1610,35.0,6,0,11.699999999999989,0.8571428571428571,56350.0,92047.68000000001
1,297.6,309.3,1543,34.3,8,0,11.699999999999989,0.8888888888888888,52924.899999999994,92047.68000000001
0,297.8,309.4,1445,48.2,10,0,11.599999999999966,0.9090909090909091,69649.0,92139.31999999999
1,297.7,309.3,1893,24.6,15,0,11.600000000000023,0.9375,46567.8,92078.61
2,297.6,309.3,1415,41.3,17,0,11.699999999999989,0.9444444444444444,58439.49999999999,92047.68000000001
1,297.5,309.3,1564,37.5,20,0,11.800000000000011,0.9523809523809523,58650.0,92016.75
1,297.5,309.3,1479,39.4,22,0,11.800000000000011,0.9565217391304348,58272.6,92016.75
1,297.5,309.2,1426,44.8,24,0,11.699999999999989,0.96,63884.799999999996,91987.0
1,297.4,309.2,1428,38.8,26,0,11.800000000000011,0.9629629629629629,55406.399999999994,91956.07999999999
1,297.4,309.2,1620,33.2,28,0,11.800000000000011,0.9655172413793104,53784.00000000001,91956.07999999999
1,297.5,309.2,1715,28.0,30,0,11.699999999999989,0.967741935483871,48020.0,91987.0
1,297.5,309.3,1732,29.9,32,0,11.800000000000011,0.9696969696969697,51786.799999999996,92016.75
2,297.5,309.4,1391,58.2,34,0,11.899999999999977,0.9714285714285714,80956.2,92046.5
1,297.6,309.5,1924,20.6,37,0,11.899999999999977,0.9736842105263158,39634.4,92107.20000000001
2,297.7,309.5,2027,19.8,39,0,11.800000000000011,0.975,40134.6,92138.15
1,297.6,309.5,1617,36.2,42,0,11.899999999999977,0.9767441860465116,58535.4,92107.20000000001
1,297.5,309.4,1497,35.8,44,0,11.899999999999977,0.9777777777777777,53592.6,92046.5
2,297.5,309.5,1448,43.7,46,0,12.0,0.9787234042553191,63277.600000000006,92076.25
1,297.4,309.4,1401,45.9,49,0,12.0,0.98,64305.9,92015.55999999998
1,297.4,309.4,1620,35.4,51,0,12.0,0.9807692307692307,57348.0,92015.55999999998
1,297.4,309.4,1466,45.5,53,0,12.0,0.9814814814814815,66703.0,92015.55999999998
1,297.6,309.5,1373,50.6,55,0,11.899999999999977,0.9821428571428571,69473.8,92107.20000000001
2,297.6,309.6,1592,35.8,57,0,12.0,0.9827586206896551,56993.6,92136.96000000002
2,297.5,309.5,1553,42.4,60,0,12.0,0.9836065573770492,65847.2,92076.25
1,297.6,309.5,1569,36.2,63,0,11.899999999999977,0.984375,56797.8,92107.20000000001
2,297.6,309.5,1709,32.2,65,0,11.899999999999977,0.9848484848484849,55029.8,92107.20000000001
1,297.6,309.5,1549,34.9,68,0,11.899999999999977,0.9855072463768116,54060.1,92107.20000000001
1,297.5,309.4,1443,45.4,70,0,11.899999999999977,0.9859154929577465,65512.2,92046.5
1,297.5,309.3,1675,29.8,72,0,11.800000000000011,0.9863013698630136,49915.0,92016.75
1,297.5,309.3,1623,33.4,74,0,11.800000000000011,0.9866666666666667,54208.2,92016.75
0,297.4,309.3,1365,52.4,76,0,11.900000000000034,0.987012987012987,71526.0,91985.81999999999
1,297.4,309.3,1759,24.8,81,0,11.900000000000034,0.9878048780487805,43623.200000000004,91985.81999999999
0,297.4,309.3,1516,43.0,83,0,11.900000000000034,0.9880952380952381,65188.0,91985.81999999999
2,297.4,309.3,1499,36.8,88,0,11.900000000000034,0.9887640449438202,55163.2,91985.81999999999
2,297.4,309.3,1775,25.8,91,0,11.900000000000034,0.9891304347826086,45795.0,91985.81999999999
1,297.4,309.4,1473,45.5,94,0,12.0,0.9894736842105263,67021.5,92015.55999999998
1,297.4,309.4,1296,52.3,96,0,12.0,0.9896907216494846,67780.8,92015.55999999998
1,297.5,309.4,1803,24.7,98,0,11.899999999999977,0.98989898989899,44534.1,92046.5
0,297.5,309.3,1563,36.1,100,0,11.800000000000011,0.9900990099009901,56424.3,92016.75
2,297.5,309.4,1831,26.6,105,0,11.899999999999977,0.9905660377358491,48704.600000000006,92046.5
1,297.6,309.4,1958,22.1,108,0,11.799999999999955,0.9908256880733946,43271.8,92077.44
1,297.5,309.4,1809,24.3,110,0,11.899999999999977,0.990990990990991,43958.700000000004,92046.5
2,297.5,309.4,1482,39.3,112,0,11.899999999999977,0.9911504424778761,58242.6,92046.5
1,297.4,309.3,1332,53.2,115,0,11.900000000000034,0.9913793103448276,70862.40000000001,91985.81999999999
1,297.4,309.2,1437,40.4,117,0,11.800000000000011,0.9915254237288136,58054.799999999996,91956.07999999999
1,297.4,309.2,1698,29.4,119,0,11.800000000000011,0.9916666666666667,49921.2,91956.07999999999
1,297.4,309.2,1274,54.3,121,0,11.800000000000011,0.9918032786885246,69178.2,91956.07999999999
2,297.4,309.3,1622,35.0,123,0,11.900000000000034,0.9919354838709677,56770.0,91985.81999999999
2,297.4,309.3,1564,36.0,126,0,11.900000000000034,0.9921259842519685,56304.0,91985.81999999999
0,297.5,309.4,1368,45.3,129,0,11.899999999999977,0.9923076923076923,61970.399999999994,92046.5
2,297.4,309.4,1539,42.2,134,0,12.0,0.9925925925925926,64945.8,92015.55999999998
1,297.5,309.4,1357,50.1,137,0,11.899999999999977,0.9927536231884058,67985.7,92046.5
2,297.5,309.4,1433,48.3,139,0,11.899999999999977,0.9928571428571429,69213.9,92046.5
1,297.5,309.4,1650,34.6,142,0,11.899999999999977,0.993006993006993,57090.0,92046.5
1,297.5,309.4,1503,40.6,144,0,11.899999999999977,0.993103448275862,61021.8,92046.5
1,297.5,309.4,1318,58.2,146,0,11.899999999999977,0.9931972789115646,76707.6,92046.5
2,297.5,309.4,1678,34.4,148,0,11.899999999999977,0.9932885906040269,57723.2,92046.5
1,297.6,309.5,1574,30.9,151,0,11.899999999999977,0.993421052631579,48636.6,92107.20000000001
1,297.7,309.6,1529,35.2,153,0,11.900000000000034,0.9935064935064936,53820.8,92167.92
0,297.6,309.6,1669,32.1,155,0,12.0,0.9935897435897436,53574.9,92136.96000000002
0,297.7,309.7,1570,35.8,160,0,12.0,0.9937888198757764,56205.99999999999,92197.68999999999
2,297.6,309.7,1541,33.7,165,0,12.099999999999966,0.9939759036144579,51931.700000000004,92166.72
2,297.7,309.7,1680,30.2,168,0,12.0,0.9940828402366864,50736.0,92197.68999999999
1,297.8,309.7,1935,22.1,171,0,11.899999999999977,0.9941860465116279,42763.5,92228.66
2,297.7,309.6,1596,35.2,173,0,11.900000000000034,0.9942528735632183,56179.200000000004,92167.92
1,297.7,309.7,1498,41.0,176,0,12.0,0.9943502824858758,61418.0,92197.68999999999
2,297.8,309.8,1676,29.0,178,0,12.0,0.994413407821229,48604.0,92258.44
1,297.8,309.9,1351,49.0,181,0,12.099999999999966,0.9945054945054945,66199.0,92288.22
1,297.9,309.9,1472,45.0,183,0,12.0,0.9945652173913043,66240.0,92319.20999999999
2,297.9,310.0,1439,41.7,185,0,12.100000000000023,0.9946236559139785,60006.3,92349.0
2,297.9,309.9,1410,55.4,188,0,12.0,0.9947089947089947,78114.0,92319.20999999999
0,297.7,309.7,1440,51.1,191,0,12.0,0.9947916666666666,73584.0,92197.68999999999
1,297.7,309.7,1591,37.7,196,0,12.0,0.9949238578680203,59980.700000000004,92197.68999999999
1,297.8,309.8,1533,36.8,198,0,12.0,0.9949748743718593,56414.399999999994,92258.44
2,297.8,309.7,1700,31.3,200,0,11.899999999999977,0.9950248756218906,53210.0,92228.66
2,297.8,309.8,1798,25.5,203,0,12.0,0.9950980392156863,45849.0,92258.44
1,297.8,309.7,1394,42.9,206,0,11.899999999999977,0.9951690821256038,59802.6,92228.66
1,297.8,309.7,1341,49.2,208,0,11.899999999999977,0.9952153110047847,65977.2,92228.66
0,297.7,309.6,1697,32.2,210,0,11.900000000000034,0.995260663507109,54643.4,92167.92
0,297.6,309.6,1419,48.2,215,0,12.0,0.9953703703703703,68395.8,92136.96000000002
1,297.6,309.5,2001,20.5,220,0,11.899999999999977,0.995475113122172,41020.5,92107.20000000001
1,297.6,309.6,1501,49.8,222,1,12.0,0.9955156950672646,74749.8,92136.96000000002
0,297.6,309.5,1623,33.1,224,0,11.899999999999977,0.9955555555555555,53721.3,92107.20000000001
1,297.6,309.4,1628,33.4,229,0,11.799999999999955,0.9956521739130435,54375.2,92077.44
1,297.6,309.4,1491,40.2,231,0,11.799999999999955,0.9956896551724138,59938.200000000004,92077.44
1,297.5,309.4,1517,36.7,233,0,11.899999999999977,0.9957264957264957,55673.9,92046.5
0,297.5,309.3,1525,41.7,235,0,11.800000000000011,0.9957627118644068,63592.50000000001,92016.75
0,297.5,309.5,1668,27.9,240,0,12.0,0.995850622406639,46537.2,92076.25
1,297.5,309.6,1312,50.7,0,0,12.100000000000023,0.0,66518.40000000001,92106.0
0,297.6,309.6,1278,50.4,2,0,12.0,0.6666666666666666,64411.2,92136.96000000002
2,297.6,309.6,1330,53.1,7,0,12.0,0.875,70623.0,92136.96000000002
2,297.6,309.6,1530,37.3,10,0,12.0,0.9090909090909091,57068.99999999999,92136.96000000002
0,297.6,309.6,1428,46.6,13,0,12.0,0.9285714285714286,66544.8,92136.96000000002
1,297.7,309.6,1480,47.9,18,0,11.900000000000034,0.9473684210526315,70892.0,92167.92
0,297.7,309.7,1616,31.1,20,0,12.0,0.9523809523809523,50257.600000000006,92197.68999999999
1,297.8,309.7,1547,37.3,25,0,11.899999999999977,0.9615384615384616,57703.1,92228.66
1,297.9,309.7,2194,16.8,27,0,11.800000000000011,0.9642857142857143,36859.200000000004,92259.62999999999
1,297.9,309.8,2000,21.3,29,0,11.900000000000034,0.9666666666666667,42600.0,92289.42
1,297.9,309.8,1336,71.6,31,1,11.900000000000034,0.96875,95657.59999999999,92289.42
1,297.9,309.9,1542,33.8,33,0,12.0,0.9705882352941176,52119.6,92319.20999999999
2,297.9,309.8,1693,29.9,35,0,11.900000000000034,0.9722222222222222,50620.7,92289.42
1,297.9,309.8,1461,50.5,38,0,11.900000000000034,0.9743589743589743,73780.5,92289.42
2,298.0,309.9,1565,33.9,40,0,11.899999999999977,0.975609756097561,53053.5,92350.2
1,298.0,309.9,1403,47.7,43,0,11.899999999999977,0.9772727272727273,66923.1,92350.2
1,298.1,309.9,1629,32.5,45,0,11.799999999999955,0.9782608695652174,52942.5,92381.19
1,298.1,310.0,1534,33.7,47,0,11.899999999999977,0.9791666666666666,51695.8,92411.0
1,298.1,310.0,1553,40.9,49,0,11.899999999999977,0.98,63517.7,92411.0
1,298.1,309.9,1563,32.8,51,0,11.799999999999955,0.9807692307692307,51266.399999999994,92381.19
1,298.1,309.9,1634,30.0,53,0,11.799999999999955,0.9814814814814815,49020.0,92381.19
2,298.0,309.9,1445,45.2,55,0,11.899999999999977,0.9821428571428571,65314.00000000001,92350.2
1,298.1,309.9,1642,30.4,58,0,11.799999999999955,0.9830508474576272,49916.799999999996,92381.19
0,298.1,309.9,1686,29.1,60,0,11.799999999999955,0.9836065573770492,49062.600000000006,92381.19
2,298.1,310.0,1393,43.1,65,0,11.899999999999977,0.9848484848484849,60038.3,92411.0
0,298.2,310.0,1433,44.2,68,0,11.800000000000011,0.9855072463768116,63338.600000000006,92442.0
1,298.3,310.0,1507,44.7,73,0,11.699999999999989,0.9864864864864865,67362.90000000001,92473.0
2,298.3,310.1,1389,49.6,75,0,11.800000000000011,0.9868421052631579,68894.40000000001,92502.83000000002
1,298.3,310.1,1408,45.3,78,0,11.800000000000011,0.9873417721518988,63782.399999999994,92502.83000000002
2,298.4,310.2,1725,32.0,80,0,11.800000000000011,0.9876543209876543,55200.0,92563.68
1,298.4,310.1,1926,23.7,83,0,11.700000000000045,0.9880952380952381,45646.2,92533.84
0,298.3,310.1,1509,37.6,85,0,11.800000000000011,0.9883720930232558,56738.4,92502.83000000002
1,298.3,310.1,1545,36.3,90,0,11.800000000000011,0.989010989010989,56083.49999999999,92502.83000000002
1,298.4,310.1,1533,35.2,92,0,11.700000000000045,0.989247311827957,53961.600000000006,92533.84
1,298.4,310.1,1455,42.2,94,0,11.700000000000045,0.9894736842105263,61401.00000000001,92533.84
2,298.4,310.1,1335,57.8,96,0,11.700000000000045,0.9896907216494846,77163.0,92533.84
1,298.3,310.1,1523,45.9,99,0,11.800000000000011,0.99,69905.7,92502.83000000002
1,298.3,310.0,1460,47.6,101,0,11.699999999999989,0.9901960784313726,69496.0,92473.0
1,298.4,310.0,1554,37.3,103,0,11.600000000000023,0.9903846153846154,57964.2,92504.0
0,298.3,310.0,1419,47.1,105,0,11.699999999999989,0.9905660377358491,66834.90000000001,92473.0
1,298.3,310.0,1442,43.9,110,0,11.699999999999989,0.990990990990991,63303.799999999996,92473.0
1,298.3,309.9,1507,41.6,112,0,11.599999999999966,0.9911504424778761,62691.200000000004,92443.17
1,298.3,310.0,1858,23.9,114,0,11.699999999999989,0.991304347826087,44406.2,92473.0
1,298.3,309.9,1463,43.9,116,0,11.599999999999966,0.9914529914529915,64225.7,92443.17
1,298.2,309.7,1585,37.4,118,0,11.5,0.9915966386554622,59279.0,92352.54
1,298.0,309.6,1536,37.3,120,0,11.600000000000023,0.9917355371900827,57292.799999999996,92260.8
1,298.0,309.6,1403,51.3,122,0,11.600000000000023,0.991869918699187,71973.9,92260.8
2,297.9,309.6,1515,38.8,124,0,11.700000000000045,0.992,58781.99999999999,92229.84
1,297.9,309.5,1390,47.9,127,0,11.600000000000023,0.9921875,66581.0,92200.04999999999
2,297.8,309.4,1226,58.7,129,0,11.599999999999966,0.9923076923076923,71966.2,92139.31999999999
2,297.8,309.4,1495,36.5,132,0,11.599999999999966,0.9924812030075187,54567.5,92139.31999999999
0,297.7,309.4,1608,30.2,135,0,11.699999999999989,0.9926470588235294,48561.6,92108.37999999999
1,297.7,309.4,1392,44.1,140,0,11.699999999999989,0.9929078014184397,61387.200000000004,92108.37999999999
2,297.7,309.4,1461,43.7,142,0,11.699999999999989,0.993006993006993,63845.700000000004,92108.37999999999
1,297.7,309.3,1559,36.9,145,0,11.600000000000023,0.9931506849315068,57527.1,92078.61
0,297.7,309.3,1400,48.9,147,0,11.600000000000023,0.9932432432432432,68460.0,92078.61
2,297.7,309.2,1732,28.8,152,0,11.5,0.9934640522875817,49881.6,92048.84
1,297.6,309.2,1611,33.1,155,0,11.599999999999966,0.9935897435897436,53324.100000000006,92017.92
1,297.6,309.1,1503,38.9,157,0,11.5,0.9936708860759493,58466.7,91988.16000000002
1,297.7,309.2,1391,44.5,159,0,11.5,0.99375,61899.5,92048.84
1,297.8,309.3,2015,20.1,161,0,11.5,0.9938271604938271,40501.5,92109.54000000001
1,297.8,309.2,1683,30.9,163,0,11.399999999999977,0.9939024390243902,52004.7,92079.76
1,297.7,309.1,1435,38.8,165,0,11.400000000000034,0.9939759036144579,55677.99999999999,92019.07
2,297.7,309.1,1732,28.1,167,0,11.400000000000034,0.9940476190476191,48669.200000000004,92019.07
1,297.7,309.2,1365,58.6,170,0,11.5,0.9941520467836257,79989.0,92048.84
1,297.7,309.1,1562,36.8,172,0,11.400000000000034,0.9942196531791907,57481.6,92019.07
1,297.6,309.1,1449,49.1,174,0,11.5,0.9942857142857143,71145.90000000001,91988.16000000002
2,297.7,309.2,1700,27.4,176,0,11.5,0.9943502824858758,46580.0,92048.84
2,297.6,309.0,1427,45.6,179,0,11.399999999999977,0.9944444444444445,65071.200000000004,91958.40000000001
2,297.6,308.9,1479,38.1,182,0,11.299999999999955,0.994535519125683,56349.9,91928.64
1,297.5,308.9,1469,44.0,185,0,11.399999999999977,0.9946236559139785,64636.0,91897.75
1,297.5,308.9,1390,47.4,187,0,11.399999999999977,0.9946808510638298,65886.0,91897.75
1,297.5,308.9,1729,28.1,189,0,11.399999999999977,0.9947368421052631,48584.9,91897.75
1,297.5,309.0,1470,43.5,191,0,11.5,0.9947916666666666,63945.0,91927.5
1,297.5,308.9,1459,48.5,193,0,11.399999999999977,0.9948453608247423,70761.5,91897.75
1,297.5,308.9,1738,24.0,195,0,11.399999999999977,0.9948979591836735,41712.0,91897.75
0,297.5,308.9,1471,37.7,197,0,11.399999999999977,0.9949494949494949,55456.700000000004,91897.75
1,297.6,309.0,1822,25.4,202,0,11.399999999999977,0.9950738916256158,46278.799999999996,91958.40000000001
1,297.5,308.9,1554,34.8,204,0,11.399999999999977,0.9951219512195122,54079.2,91897.75
2,297.6,308.9,1433,43.2,206,0,11.299999999999955,0.9951690821256038,61905.600000000006,91928.64
1,297.6,308.9,1449,47.7,209,0,11.299999999999955,0.9952380952380953,69117.3,91928.64
1,297.8,309.0,1456,41.2,0,0,11.199999999999989,0.0,59987.200000000004,92020.2
2,297.8,309.1,1424,45.5,2,0,11.300000000000011,0.6666666666666666,64792.0,92049.98000000001
0,297.9,309.2,1577,34.7,5,0,11.300000000000011,0.8333333333333334,54721.9,92110.68
1,297.9,309.2,1478,39.7,10,0,11.300000000000011,0.9090909090909091,58676.600000000006,92110.68
2,297.8,309.2,1295,61.2,12,0,11.399999999999977,0.9230769230769231,79254.0,92079.76
1,297.8,309.2,1372,47.3,15,0,11.399999999999977,0.9375,64895.6,92079.76
2,297.8,309.1,1432,42.6,17,0,11.300000000000011,0.9444444444444444,61003.200000000004,92049.98000000001
2,297.7,309.0,1656,33.2,20,0,11.300000000000011,0.9523809523809523,54979.200000000004,91989.3
0,297.8,309.0,1410,48.8,23,0,11.199999999999989,0.9583333333333334,68808.0,92020.2
1,297.7,309.0,1874,24.4,28,0,11.300000000000011,0.9655172413793104,45725.6,91989.3
1,297.7,309.0,1538,43.2,30,0,11.300000000000011,0.967741935483871,66441.6,91989.3
2,297.7,309.0,1636,29.7,32,0,11.300000000000011,0.9696969696969697,48589.2,91989.3
2,297.7,309.0,1504,40.4,35,0,11.300000000000011,0.9722222222222222,60761.6,91989.3
2,297.7,309.0,1531,42.4,38,0,11.300000000000011,0.9743589743589743,64914.4,91989.3
0,297.6,309.0,1735,26.4,41,0,11.399999999999977,0.9761904761904762,45804.0,91958.40000000001
0,297.6,309.0,1354,55.6,46,0,11.399999999999977,0.9787234042553191,75282.40000000001,91958.40000000001
0,297.6,309.0,1413,40.2,51,0,11.399999999999977,0.9807692307692307,56802.600000000006,91958.40000000001
1,297.7,309.1,1563,39.3,56,0,11.400000000000034,0.9824561403508771,61425.899999999994,92019.07
1,297.7,309.1,1479,42.1,58,0,11.400000000000034,0.9830508474576272,62265.9,92019.07
1,297.7,309.1,1477,38.3,60,0,11.400000000000034,0.9836065573770492,56569.1,92019.07
1,297.6,309.1,1394,50.0,62,0,11.5,0.9841269841269841,69700.0,91988.16000000002
1,297.6,309.0,1487,45.4,64,0,11.399999999999977,0.9846153846153847,67509.8,91958.40000000001
2,297.6,309.0,1815,25.3,66,0,11.399999999999977,0.9850746268656716,45919.5,91958.40000000001
2,297.6,308.8,1453,39.7,69,0,11.199999999999989,0.9857142857142858,57684.100000000006,91898.88
1,297.6,308.8,1539,40.2,72,0,11.199999999999989,0.9863013698630136,61867.8,91898.88
0,297.5,308.7,1416,39.2,74,0,11.199999999999989,0.9866666666666667,55507.200000000004,91838.25
2,297.6,308.8,1683,31.6,79,0,11.199999999999989,0.9875,53182.8,91898.88
1,297.7,308.8,1515,40.1,82,0,11.100000000000023,0.9879518072289156,60751.5,91929.76
2,297.7,308.9,1531,48.3,84,0,11.199999999999989,0.9882352941176471,73947.3,91959.52999999998
0,297.7,308.9,1479,40.9,87,0,11.199999999999989,0.9886363636363636,60491.1,91959.52999999998
1,297.7,308.9,1516,33.7,92,0,11.199999999999989,0.989247311827957,51089.200000000004,91959.52999999998
1,297.7,309.0,1507,38.2,94,0,11.300000000000011,0.9894736842105263,57567.4,91989.3
2,297.8,309.0,1434,43.3,96,0,11.199999999999989,0.9896907216494846,62092.2,92020.2
1,297.7,308.9,1838,27.3,99,0,11.199999999999989,0.99,50177.4,91959.52999999998
2,297.6,308.8,1416,45.9,101,0,11.199999999999989,0.9901960784313726,64994.4,91898.88
2,297.6,308.8,1357,49.7,104,0,11.199999999999989,0.9904761904761905,67442.90000000001,91898.88
2,297.5,308.7,1697,28.1,107,0,11.199999999999989,0.9907407407407407,47685.700000000004,91838.25
1,297.5,308.7,1443,46.2,110,0,11.199999999999989,0.990990990990991,66666.6,91838.25
1,297.5,308.7,1453,37.6,112,0,11.199999999999989,0.9911504424778761,54632.8,91838.25
1,297.4,308.6,1439,46.4,114,0,11.200000000000045,0.991304347826087,66769.59999999999,91777.64
1,297.4,308.6,1609,36.2,116,0,11.200000000000045,0.9914529914529915,58245.8,91777.64
1,297.4,308.6,1324,59.1,118,0,11.200000000000045,0.9915966386554622,78248.40000000001,91777.64
0,297.4,308.6,1420,45.8,120,0,11.200000000000045,0.9917355371900827,65035.99999999999,91777.64
1,297.4,308.7,1545,36.9,125,0,11.300000000000011,0.9920634920634921,57010.5,91807.37999999999
1,297.5,308.8,1477,39.0,127,0,11.300000000000011,0.9921875,57603.0,91868.0
1,297.4,308.8,1447,58.1,129,0,11.400000000000034,0.9923076923076923,84070.7,91837.12
1,297.4,308.9,1809,23.8,131,0,11.5,0.9924242424242424,43054.200000000004,91866.85999999999
1,297.5,308.9,1696,30.9,133,0,11.399999999999977,0.9925373134328358,52406.399999999994,91897.75
1,297.5,308.9,1427,44.7,135,0,11.399999999999977,0.9926470588235294,63786.9,91897.75
2,297.4,308.9,1500,46.3,137,0,11.5,0.9927536231884058,69450.0,91866.85999999999
1,297.5,308.9,1390,44.6,140,0,11.399999999999977,0.9929078014184397,61994.0,91897.75
1,297.4,308.8,1640,34.2,142,0,11.400000000000034,0.993006993006993,56088.00000000001,91837.12
2,297.4,308.8,1628,37.4,144,0,11.400000000000034,0.993103448275862,60887.2,91837.12
0,297.3,308.6,1499,37.6,147,0,11.300000000000011,0.9932432432432432,56362.4,91746.78000000001
2,297.4,308.7,1425,50.3,152,0,11.300000000000011,0.9934640522875817,71677.5,91807.37999999999
1,297.3,308.6,1586,37.7,155,0,11.300000000000011,0.9935897435897436,59792.200000000004,91746.78000000001
2,297.3,308.6,1471,50.7,157,0,11.300000000000011,0.9936708860759493,74579.7,91746.78000000001
2,297.3,308.6,1431,53.0,160,0,11.300000000000011,0.9937888198757764,75843.0,91746.78000000001
1,297.2,308.6,1924,22.1,163,0,11.400000000000034,0.9939024390243902,42520.4,91715.92
2,297.1,308.4,1421,42.0,165,0,11.299999999999955,0.9939759036144579,59682.0,91625.64
0,297.0,308.4,1305,54.6,168,0,11.399999999999977,0.9940828402366864,71253.0,91594.79999999999
1,296.9,308.4,1557,32.4,173,0,11.5,0.9942528735632183,50446.799999999996,91563.95999999999
1,296.9,308.3,1555,38.2,175,0,11.400000000000034,0.9943181818181818,59401.00000000001,91534.26999999999
0,296.9,308.3,1474,39.2,177,0,11.400000000000034,0.9943820224719101,57780.8,91534.26999999999
1,296.8,308.3,1506,45.9,182,0,11.5,0.994535519125683,69125.4,91503.44
1,296.9,308.4,1390,41.8,184,0,11.5,0.9945945945945946,58101.99999999999,91563.95999999999
2,296.9,308.4,1450,46.9,186,0,11.5,0.9946524064171123,68005.0,91563.95999999999
1,296.9,308.3,1513,38.8,189,0,11.400000000000034,0.9947368421052631,58704.399999999994,91534.26999999999
1,296.8,308.2,1643,34.7,191,0,11.399999999999977,0.9947916666666666,57012.100000000006,91473.76
1,296.8,308.2,1361,53.8,193,0,11.399999999999977,0.9948453608247423,73221.8,91473.76
1,296.7,308.1,1450,40.9,195,0,11.400000000000034,0.9948979591836735,59305.0,91413.27
1,296.7,308.0,1451,50.7,197,0,11.300000000000011,0.9949494949494949,73565.7,91383.59999999999
1,296.8,308.1,1289,62.0,199,1,11.300000000000011,0.995,79918.0,91444.08000000002
1,296.8,308.1,1356,48.3,201,0,11.300000000000011,0.995049504950495,65494.799999999996,91444.08000000002
0,296.7,308.1,1528,46.3,203,0,11.400000000000034,0.9950980392156863,70746.4,91413.27
1,296.6,308.0,1978,22.3,208,0,11.399999999999977,0.9952153110047847,44109.4,91352.8
1,296.7,308.0,1535,36.8,210,0,11.300000000000011,0.995260663507109,56487.99999999999,91383.59999999999
2,296.8,308.1,1843,24.2,212,0,11.300000000000011,0.9953051643192489,44600.6,91444.08000000002
1,296.9,308.1,1422,48.7,215,0,11.200000000000045,0.9953703703703703,69251.40000000001,91474.89
1,296.8,308.0,1536,40.4,217,0,11.199999999999989,0.9954128440366973,62054.399999999994,91414.40000000001
2,296.9,308.1,1483,44.3,219,0,11.200000000000045,0.9954545454545455,65696.9,91474.89
0,296.8,308.1,1492,43.7,222,0,11.300000000000011,0.9955156950672646,65200.4,91444.08000000002
1,296.8,308.0,1584,40.4,227,0,11.199999999999989,0.9956140350877193,63993.6,91414.40000000001
1,296.9,308.1,1555,33.7,229,0,11.200000000000045,0.9956521739130435,52403.50000000001,91474.89
1,296.8,308.0,1497,41.7,231,0,11.199999999999989,0.9956896551724138,62424.9,91414.40000000001
2,296.7,307.8,1537,36.3,233,0,11.100000000000023,0.9957264957264957,55793.1,91324.26
1,296.7,307.8,1505,39.4,236,0,11.100000000000023,0.9957805907172996,59297.0,91324.26
1,296.7,307.8,1646,34.6,238,0,11.100000000000023,0.99581589958159,56951.600000000006,91324.26
2,296.7,307.8,1286,60.5,0,0,11.100000000000023,0.0,77803.0,91324.26
1,296.7,307.8,1400,47.5,3,0,11.100000000000023,0.75,66500.0,91324.26
1,296.8,307.9,1337,56.5,5,0,11.099999999999966,0.8333333333333334,75540.5,91384.72
1,296.9,308.0,1332,53.9,7,0,11.100000000000023,0.875,71794.8,91445.2
1,296.8,308.0,1561,38.3,9,0,11.199999999999989,0.9,59786.299999999996,91414.40000000001
1,296.9,308.0,1546,31.1,11,0,11.100000000000023,0.9166666666666666,48080.600000000006,91445.2
1,296.9,308.0,1713,29.3,13,0,11.100000000000023,0.9285714285714286,50190.9,91445.2
1,296.9,308.0,1343,44.5,15,0,11.100000000000023,0.9375,59763.5,91445.2
1,296.8,308.0,1391,54.4,17,0,11.199999999999989,0.9444444444444444,75670.4,91414.40000000001
0,296.8,308.0,1311,58.6,19,0,11.199999999999989,0.95,76824.6,91414.40000000001
0,296.8,308.0,1453,51.0,24,0,11.199999999999989,0.96,74103.0,91414.40000000001
1,296.8,308.0,1510,39.4,29,0,11.199999999999989,0.9666666666666667,59494.0,91414.40000000001
1,296.8,307.9,1448,48.8,31,0,11.099999999999966,0.96875,70662.4,91384.72
1,296.7,307.8,1453,46.0,33,0,11.100000000000023,0.9705882352941176,66838.0,91324.26
1,296.7,307.8,1468,39.2,35,0,11.100000000000023,0.9722222222222222,57545.600000000006,91324.26
1,296.7,307.8,1382,47.5,37,0,11.100000000000023,0.9736842105263158,65645.0,91324.26
1,296.7,308.0,1580,32.2,39,0,11.300000000000011,0.975,50876.00000000001,91383.59999999999
1,296.8,308.0,1666,29.8,41,0,11.199999999999989,0.9761904761904762,49646.8,91414.40000000001
2,296.9,308.0,1409,50.7,43,0,11.100000000000023,0.9772727272727273,71436.3,91445.2
1,296.8,308.0,1675,29.7,46,0,11.199999999999989,0.9787234042553191,49747.5,91414.40000000001
1,296.8,307.9,1698,30.8,48,0,11.099999999999966,0.9795918367346939,52298.4,91384.72
0,296.7,307.9,1579,33.4,50,0,11.199999999999989,0.9803921568627451,52738.6,91353.93
1,296.7,307.9,1743,27.9,55,0,11.199999999999989,0.9821428571428571,48629.7,91353.93
2,296.9,308.0,1497,44.8,57,0,11.100000000000023,0.9827586206896551,67065.59999999999,91445.2
1,296.9,308.1,1741,28.8,60,0,11.200000000000045,0.9836065573770492,50140.8,91474.89
1,296.9,308.1,1435,45.3,62,0,11.200000000000045,0.9841269841269841,65005.49999999999,91474.89
2,296.9,308.1,1440,46.3,64,0,11.200000000000045,0.9846153846153847,66672.0,91474.89
2,296.9,308.0,1641,33.3,67,0,11.100000000000023,0.9852941176470589,54645.299999999996,91445.2
1,296.8,307.9,1420,45.4,70,0,11.099999999999966,0.9859154929577465,64468.0,91384.72
1,296.8,307.9,1611,35.4,72,0,11.099999999999966,0.9863013698630136,57029.399999999994,91384.72
1,296.8,307.8,1373,42.9,74,0,11.0,0.9866666666666667,58901.7,91355.04000000001
2,296.8,307.9,1683,31.8,76,0,11.099999999999966,0.987012987012987,53519.4,91384.72
0,296.9,307.9,1547,32.6,79,0,11.0,0.9875,50432.200000000004,91415.50999999998
1,296.9,307.8,1605,37.0,84,0,10.900000000000034,0.9882352941176471,59385.0,91385.81999999999
2,296.9,307.9,2010,18.9,86,0,11.0,0.9885057471264368,37989.0,91415.50999999998
1,296.8,307.7,1565,40.1,89,0,10.899999999999977,0.9888888888888889,62756.5,91325.36
2,296.9,307.8,1828,24.6,91,0,10.900000000000034,0.9891304347826086,44968.8,91385.81999999999
2,297.0,307.8,1579,34.1,94,0,10.800000000000011,0.9894736842105263,53843.9,91416.6
2,297.0,307.9,1882,24.2,97,0,10.899999999999977,0.9897959183673469,45544.4,91446.29999999999
1,296.9,307.8,1285,52.1,100,0,10.900000000000034,0.9900990099009901,66948.5,91385.81999999999
1,296.9,307.8,1571,35.0,102,0,10.900000000000034,0.9902912621359223,54985.0,91385.81999999999
0,296.9,307.8,1549,37.8,104,0,10.900000000000034,0.9904761904761905,58552.2,91385.81999999999
2,296.9,307.8,1544,37.6,109,0,10.900000000000034,0.990909090909091,58054.4,91385.81999999999
2,297.0,307.9,1412,47.4,112,0,10.899999999999977,0.9911504424778761,66928.8,91446.29999999999
2,297.0,307.9,1422,53.0,115,0,10.899999999999977,0.9913793103448276,75366.0,91446.29999999999
1,297.0,307.7,1867,22.8,118,0,10.699999999999989,0.9915966386554622,42567.6,91386.9
1,296.9,307.7,1424,43.3,120,0,10.800000000000011,0.9917355371900827,61659.2,91356.12999999999
1,296.9,307.6,1452,45.7,122,0,10.700000000000045,0.991869918699187,66356.40000000001,91326.44
1,296.9,307.7,1550,39.7,124,0,10.800000000000011,0.992,61535.00000000001,91356.12999999999
1,296.8,307.6,1588,37.6,126,0,10.800000000000011,0.9921259842519685,59708.8,91295.68000000001
1,296.8,307.6,1338,44.4,128,0,10.800000000000011,0.9922480620155039,59407.2,91295.68000000001
1,296.8,307.6,1513,40.0,130,0,10.800000000000011,0.9923664122137404,60520.0,91295.68000000001
2,296.8,307.5,1470,45.9,132,0,10.699999999999989,0.9924812030075187,67473.0,91266.0
2,296.8,307.5,1516,36.7,135,0,10.699999999999989,0.9926470588235294,55637.200000000004,91266.0
1,296.8,307.6,1434,48.3,138,0,10.800000000000011,0.9928057553956835,69262.2,91295.68000000001
1,296.8,307.6,1368,52.0,140,0,10.800000000000011,0.9929078014184397,71136.0,91295.68000000001
1,296.8,307.6,1304,48.7,142,0,10.800000000000011,0.993006993006993,63504.8,91295.68000000001
1,296.8,307.6,1398,46.7,144,0,10.800000000000011,0.993103448275862,65286.600000000006,91295.68000000001
1,296.7,307.6,1516,37.4,146,0,10.900000000000034,0.9931972789115646,56698.4,91264.92
1,296.7,307.6,1474,41.7,148,0,10.900000000000034,0.9932885906040269,61465.8,91264.92
2,296.7,307.6,1547,34.7,150,0,10.900000000000034,0.9933774834437086,53680.9,91264.92
2,296.6,307.5,1482,39.9,153,0,10.899999999999977,0.9935064935064936,59131.799999999996,91204.5
1,296.6,307.4,1436,42.8,156,0,10.799999999999955,0.9936305732484076,61460.799999999996,91174.84
1,296.6,307.3,1474,40.0,158,0,10.699999999999989,0.9937106918238994,58960.0,91145.18000000001
1,296.5,307.2,1481,38.2,160,0,10.699999999999989,0.9937888198757764,56574.200000000004,91084.8
1,296.5,307.3,1501,42.1,162,0,10.800000000000011,0.9938650306748467,63192.1,91114.45
1,296.5,307.3,1566,37.2,164,0,10.800000000000011,0.9939393939393939,58255.200000000004,91114.45
1,296.5,307.3,1579,34.5,166,0,10.800000000000011,0.9940119760479041,54475.5,91114.45
1,296.6,307.4,1631,35.0,168,0,10.799999999999955,0.9940828402366864,57085.0,91174.84
2,296.6,307.4,1544,42.3,170,0,10.799999999999955,0.9941520467836257,65311.2,91174.84
1,296.6,307.4,1521,38.6,173,0,10.799999999999955,0.9942528735632183,58710.6,91174.84
1,296.6,307.4,1616,28.0,175,0,10.799999999999955,0.9943181818181818,45248.0,91174.84
0,296.6,307.4,1333,50.2,177,0,10.799999999999955,0.9943820224719101,66916.6,91174.84
2,296.7,307.4,1533,32.5,182,0,10.699999999999989,0.994535519125683,49822.5,91205.57999999999
1,296.6,307.4,1368,45.1,185,0,10.799999999999955,0.9946236559139785,61696.8,91174.84
1,296.6,307.4,1465,47.8,187,0,10.799999999999955,0.9946808510638298,70027.0,91174.84
0,296.6,307.4,1406,41.5,189,0,10.799999999999955,0.9947368421052631,58349.0,91174.84
2,296.5,307.4,1565,43.5,194,0,10.899999999999977,0.9948717948717949,68077.5,91144.09999999999
1,296.6,307.5,1582,37.9,197,0,10.899999999999977,0.9949494949494949,59957.799999999996,91204.5
1,296.6,307.5,1439,45.5,199,0,10.899999999999977,0.995,65474.5,91204.5
2,296.6,307.5,1566,35.0,201,0,10.899999999999977,0.995049504950495,54810.0,91204.5
1,296.6,307.5,1485,42.7,204,0,10.899999999999977,0.9951219512195122,63409.50000000001,91204.5
1,296.5,307.5,1566,35.1,206,0,11.0,0.9951690821256038,54966.600000000006,91173.75
1,296.3,307.3,1439,41.5,208,0,11.0,0.9952153110047847,59718.5,91052.99
2,296.4,307.4,1416,50.0,210,0,11.0,0.995260663507109,70800.0,91113.35999999999
1,296.4,307.4,2833,5.6,213,1,11.0,0.9953271028037384,15864.8,91113.35999999999
1,296.3,307.4,1465,47.1,215,0,11.099999999999966,0.9953703703703703,69001.5,91082.62
0,296.4,307.4,1586,35.5,0,0,11.0,0.0,56303.0,91113.35999999999
1,296.3,307.3,1567,31.4,5,0,11.0,0.8333333333333334,49203.799999999996,91052.99
2,296.2,307.2,1389,48.6,7,0,11.0,0.875,67505.40000000001,90992.64
2,296.3,307.3,1368,49.5,10,0,11.0,0.9090909090909091,67716.0,91052.99
1,296.3,307.3,1444,49.0,13,0,11.0,0.9285714285714286,70756.0,91052.99
2,296.3,307.3,1498,41.6,15,0,11.0,0.9375,62316.8,91052.99
1,296.1,307.2,1615,30.8,18,0,11.099999999999966,0.9473684210526315,49742.0,90961.92
1,296.1,307.1,1898,22.7,20,0,11.0,0.9523809523809523,43084.6,90932.31000000001
2,296.1,307.1,1350,53.3,22,0,11.0,0.9565217391304348,71955.0,90932.31000000001
2,296.2,307.0,1516,37.6,25,0,10.800000000000011,0.9615384615384616,57001.6,90933.4
0,296.2,307.0,1542,40.6,28,0,10.800000000000011,0.9655172413793104,62605.200000000004,90933.4
0,296.1,306.9,1541,32.6,33,0,10.799999999999955,0.9705882352941176,50236.600000000006,90873.09
2,296.1,306.9,1951,23.3,38,0,10.799999999999955,0.9743589743589743,45458.3,90873.09
0,296.1,306.8,1645,31.0,41,0,10.699999999999989,0.9761904761904762,50995.0,90843.48000000001
1,296.0,306.7,1416,44.2,46,0,10.699999999999989,0.9787234042553191,62587.200000000004,90783.2
2,296.0,306.7,2044,22.3,48,0,10.699999999999989,0.9795918367346939,45581.200000000004,90783.2
1,295.9,306.6,1414,50.2,51,0,10.700000000000045,0.9807692307692307,70982.8,90722.94
1,295.9,306.6,1678,26.7,53,0,10.700000000000045,0.9814814814814815,44802.6,90722.94
0,295.9,306.5,1594,33.2,55,0,10.600000000000023,0.9821428571428571,52920.8,90693.34999999999
2,295.8,306.5,1514,37.7,60,0,10.699999999999989,0.9836065573770492,57077.8,90662.7
1,295.8,306.5,1358,49.2,63,0,10.699999999999989,0.984375,66813.6,90662.7
1,295.8,306.4,1325,56.2,65,0,10.599999999999966,0.9848484848484849,74465.0,90633.12
1,295.8,306.4,1339,53.2,67,0,10.599999999999966,0.9852941176470589,71234.8,90633.12
2,295.8,306.4,1335,51.7,69,0,10.599999999999966,0.9857142857142858,69019.5,90633.12
1,295.9,306.4,1892,21.7,72,0,10.5,0.9863013698630136,41056.4,90663.75999999998
1,295.9,306.4,1575,28.5,74,0,10.5,0.9866666666666667,44887.5,90663.75999999998
2,295.8,306.3,1444,45.5,76,0,10.5,0.987012987012987,65702.0,90603.54000000001
1,295.7,306.3,1915,22.4,79,0,10.600000000000023,0.9875,42896.0,90572.91
2,295.6,306.2,1584,33.6,81,0,10.599999999999966,0.9878048780487805,53222.4,90512.72
2,295.7,306.3,1685,34.9,84,0,10.600000000000023,0.9882352941176471,58806.5,90572.91
1,295.8,306.3,1337,54.6,87,0,10.5,0.9886363636363636,73000.2,90603.54000000001
2,295.8,306.3,1235,76.2,89,1,10.5,0.9888888888888889,94107.0,90603.54000000001
1,295.7,306.2,1464,46.2,92,0,10.5,0.989247311827957,67636.8,90543.34
2,295.7,306.2,1739,25.9,94,0,10.5,0.9894736842105263,45040.1,90543.34
1,295.7,306.3,1490,34.3,97,0,10.600000000000023,0.9897959183673469,51106.99999999999,90572.91
1,295.8,306.4,1356,48.0,99,0,10.599999999999966,0.99,65088.0,90633.12
1,295.7,306.2,1397,52.0,101,0,10.5,0.9901960784313726,72644.0,90543.34
1,295.7,306.2,1458,40.6,103,0,10.5,0.9903846153846154,59194.8,90543.34
0,295.7,306.2,2161,16.5,105,0,10.5,0.9905660377358491,35656.5,90543.34
2,295.6,306.1,1651,28.1,110,0,10.5,0.990990990990991,46393.100000000006,90483.16000000002
1,295.6,306.1,1389,46.2,113,0,10.5,0.9912280701754386,64171.8,90483.16000000002
1,295.6,306.0,1370,52.4,115,0,10.399999999999977,0.9913793103448276,71788.0,90453.6
1,295.7,306.1,1408,47.9,117,0,10.400000000000034,0.9915254237288136,67443.2,90513.77
1,295.7,306.1,1343,54.4,119,0,10.400000000000034,0.9916666666666667,73059.2,90513.77
2,295.7,306.2,1423,42.5,121,0,10.5,0.9918032786885246,60477.5,90543.34
1,295.6,306.2,1426,48.6,124,0,10.599999999999966,0.992,69303.6,90512.72
2,295.6,306.2,1435,51.6,126,0,10.599999999999966,0.9921259842519685,74046.0,90512.72
1,295.5,306.1,1573,35.1,129,0,10.600000000000023,0.9923076923076923,55212.3,90452.55
1,295.6,306.2,1612,31.2,131,0,10.599999999999966,0.9924242424242424,50294.4,90512.72
1,295.6,306.2,1446,49.9,133,0,10.599999999999966,0.9925373134328358,72155.4,90512.72
0,295.6,306.2,1329,55.3,135,0,10.599999999999966,0.9926470588235294,73493.7,90512.72
1,295.6,306.2,1569,35.1,140,0,10.599999999999966,0.9929078014184397,55071.9,90512.72
0,295.6,306.1,1256,62.3,142,0,10.5,0.993006993006993,78248.8,90483.16000000002
1,295.6,306.1,1383,48.7,147,0,10.5,0.9932432432432432,67352.1,90483.16000000002
1,295.7,306.2,2270,14.6,149,1,10.5,0.9933333333333333,33142.0,90543.34
0,295.7,306.2,1458,49.8,151,0,10.5,0.993421052631579,72608.4,90543.34
1,295.6,306.1,1474,41.2,156,0,10.5,0.9936305732484076,60728.8,90483.16000000002
2,295.6,306.1,1462,49.2,158,0,10.5,0.9937106918238994,71930.40000000001,90483.16000000002
2,295.6,306.1,1669,29.0,161,0,10.5,0.9938271604938271,48401.0,90483.16000000002
2,295.5,306.1,1822,24.3,164,0,10.600000000000023,0.9939393939393939,44274.6,90452.55
1,295.5,306.0,1456,39.2,167,0,10.5,0.9940476190476191,57075.200000000004,90423.0
1,295.5,306.0,1546,35.9,169,0,10.5,0.9941176470588236,55501.399999999994,90423.0
2,295.6,306.1,1490,42.7,171,0,10.5,0.9941860465116279,63623.00000000001,90483.16000000002
1,295.6,306.0,1569,40.4,174,0,10.399999999999977,0.9942857142857143,63387.6,90453.6
1,295.5,306.0,1621,29.5,176,0,10.5,0.9943502824858758,47819.5,90423.0
2,295.4,305.9,1518,40.6,178,0,10.5,0.994413407821229,61630.8,90362.85999999999
2,295.4,305.8,1526,38.2,181,0,10.400000000000034,0.9945054945054945,58293.200000000004,90333.31999999999
2,295.3,305.8,1589,36.2,184,0,10.5,0.9945945945945946,57521.8,90302.74
1,295.3,305.7,1475,51.0,187,0,10.399999999999977,0.9946808510638298,75225.0,90273.21
2,295.3,305.7,1473,38.5,189,0,10.399999999999977,0.9947368421052631,56710.5,90273.21
1,295.4,305.8,1407,50.7,192,0,10.400000000000034,0.9948186528497409,71334.90000000001,90333.31999999999
2,295.5,305.9,1518,44.1,194,0,10.399999999999977,0.9948717948717949,66943.8,90393.45
0,295.5,305.9,1593,37.2,197,0,10.399999999999977,0.9949494949494949,59259.600000000006,90393.45
2,295.5,305.9,1380,52.4,202,0,10.399999999999977,0.9950738916256158,72312.0,90393.45
2,295.5,306.0,1423,45.3,205,0,10.5,0.9951456310679612,64461.899999999994,90423.0
1,295.5,306.0,1800,27.6,208,0,10.5,0.9952153110047847,49680.0,90423.0
0,295.6,306.1,1623,30.9,210,0,10.5,0.995260663507109,50150.7,90483.16000000002
1,295.6,306.1,1372,55.6,215,1,10.5,0.9953703703703703,76283.2,90483.16000000002
0,295.6,306.0,1396,52.4,0,0,10.399999999999977,0.0,73150.4,90453.6
1,295.6,306.0,1949,21.9,5,0,10.399999999999977,0.8333333333333334,42683.1,90453.6
1,295.6,306.0,1419,51.1,7,0,10.399999999999977,0.875,72510.90000000001,90453.6
2,295.5,305.9,1453,47.3,9,0,10.399999999999977,0.9,68726.9,90393.45
1,295.5,305.9,1542,36.2,12,0,10.399999999999977,0.9230769230769231,55820.4,90393.45
1,295.6,306.0,1363,50.0,14,0,10.399999999999977,0.9333333333333333,68150.0,90453.6
1,295.5,306.0,1597,37.2,16,0,10.5,0.9411764705882353,59408.4,90423.0
2,295.5,306.0,1326,50.8,18,0,10.5,0.9473684210526315,67360.8,90423.0
2,295.5,306.0,1641,36.6,21,0,10.5,0.9545454545454546,60060.600000000006,90423.0
2,295.6,306.1,1418,46.2,24,0,10.5,0.96,65511.600000000006,90483.16000000002
1,295.6,306.2,1263,61.8,27,0,10.599999999999966,0.9642857142857143,78053.4,90512.72
1,295.6,306.2,1823,25.8,29,0,10.599999999999966,0.9666666666666667,47033.4,90512.72
1,295.5,306.1,1488,40.7,31,0,10.600000000000023,0.96875,60561.600000000006,90452.55
1,295.6,306.2,1443,48.9,33,0,10.599999999999966,0.9705882352941176,70562.7,90512.72
1,295.6,306.2,1650,28.2,35,0,10.599999999999966,0.9722222222222222,46530.0,90512.72
2,295.7,306.3,1462,44.3,37,0,10.600000000000023,0.9736842105263158,64766.6,90572.91
2,295.6,306.2,1477,45.0,40,0,10.599999999999966,0.975609756097561,66465.0,90512.72
2,295.7,306.3,1712,28.5,43,0,10.600000000000023,0.9772727272727273,48792.0,90572.91
2,295.7,306.3,1347,50.4,46,0,10.600000000000023,0.9787234042553191,67888.8,90572.91
1,295.6,306.2,1287,54.8,49,0,10.599999999999966,0.98,70527.59999999999,90512.72
1,295.6,306.2,1428,44.5,51,0,10.599999999999966,0.9807692307692307,63546.0,90512.72
2,295.6,306.3,1426,45.5,53,0,10.699999999999989,0.9814814814814815,64883.0,90542.28000000001
1,295.6,306.3,1636,32.7,56,0,10.699999999999989,0.9824561403508771,53497.200000000004,90542.28000000001
1,295.6,306.2,1424,42.5,58,0,10.599999999999966,0.9830508474576272,60520.0,90512.72
0,295.6,306.3,1509,35.8,60,0,10.699999999999989,0.9836065573770492,54022.2,90542.28000000001
1,295.5,306.2,1448,48.9,65,0,10.699999999999989,0.9848484848484849,70807.2,90482.09999999999
1,295.5,306.1,1650,32.8,67,0,10.600000000000023,0.9852941176470589,54119.99999999999,90452.55
0,295.6,306.2,1414,42.5,69,0,10.599999999999966,0.9857142857142858,60095.0,90512.72
1,295.6,306.3,1911,20.9,74,0,10.699999999999989,0.9866666666666667,39939.899999999994,90542.28000000001
0,295.6,306.2,1632,32.2,76,0,10.599999999999966,0.987012987012987,52550.4,90512.72
2,295.7,306.4,1387,40.1,81,0,10.699999999999989,0.9878048780487805,55618.700000000004,90602.48
1,295.8,306.4,1399,47.6,84,0,10.599999999999966,0.9882352941176471,66592.40000000001,90633.12
1,295.8,306.5,1505,35.2,86,0,10.699999999999989,0.9885057471264368,52976.00000000001,90662.7
1,295.8,306.5,1534,37.9,88,0,10.699999999999989,0.9887640449438202,58138.6,90662.7
1,295.8,306.5,1493,40.5,90,0,10.699999999999989,0.989010989010989,60466.5,90662.7
2,295.8,306.6,1480,43.2,92,0,10.800000000000011,0.989247311827957,63936.00000000001,90692.28000000001
1,295.8,306.6,1621,31.6,95,0,10.800000000000011,0.9895833333333334,51223.600000000006,90692.28000000001
1,295.7,306.5,1737,26.2,97,0,10.800000000000011,0.9897959183673469,45509.4,90632.05
1,295.8,306.6,1508,46.5,99,0,10.800000000000011,0.99,70122.0,90692.28000000001
2,295.8,306.5,1641,32.2,101,0,10.699999999999989,0.9901960784313726,52840.200000000004,90662.7
2,295.9,306.6,1532,38.6,104,0,10.700000000000045,0.9904761904761905,59135.200000000004,90722.94
1,295.9,306.7,1547,40.9,107,0,10.800000000000011,0.9907407407407407,63272.299999999996,90752.52999999998
1,295.9,306.6,1412,41.0,109,0,10.700000000000045,0.990909090909091,57892.0,90722.94
1,295.8,306.5,1568,35.1,111,0,10.699999999999989,0.9910714285714286,55036.8,90662.7
1,295.9,306.6,1557,41.1,113,0,10.700000000000045,0.9912280701754386,63992.700000000004,90722.94
1,295.8,306.6,1644,35.2,115,0,10.800000000000011,0.9913793103448276,57868.8,90692.28000000001
1,295.9,306.6,1679,30.4,117,0,10.700000000000045,0.9915254237288136,51041.6,90722.94
1,296.0,306.6,1511,35.2,119,0,10.600000000000023,0.9916666666666667,53187.200000000004,90753.6
2,296.0,306.6,1628,36.8,121,0,10.600000000000023,0.9918032786885246,59910.399999999994,90753.6
2,296.0,306.6,1392,51.3,124,0,10.600000000000023,0.992,71409.59999999999,90753.6
1,296.0,306.7,1917,21.0,127,0,10.699999999999989,0.9921875,40257.0,90783.2
2,296.2,306.8,1526,42.3,129,0,10.600000000000023,0.9923076923076923,64549.799999999996,90874.16
1,296.2,306.8,1389,53.3,132,0,10.600000000000023,0.9924812030075187,74033.7,90874.16
1,296.1,306.7,1409,42.8,134,0,10.599999999999966,0.9925925925925926,60305.2,90813.87000000001
1,296.2,306.8,1655,31.1,136,0,10.600000000000023,0.9927007299270073,51470.5,90874.16
1,296.2,306.9,1516,39.1,138,0,10.699999999999989,0.9928057553956835,59275.6,90903.77999999998
1,296.2,306.9,1526,34.9,140,0,10.699999999999989,0.9929078014184397,53257.4,90903.77999999998
1,296.3,307.1,1419,48.6,142,0,10.800000000000011,0.993006993006993,68963.40000000001,90993.73000000001
1,296.4,307.2,1748,25.3,144,0,10.800000000000011,0.993103448275862,44224.4,91054.07999999999
0,296.4,307.1,1638,32.5,146,0,10.700000000000045,0.9931972789115646,53235.0,91024.44
2,296.3,307.1,1534,33.8,151,0,10.800000000000011,0.993421052631579,51849.2,90993.73000000001
0,296.3,307.1,1774,25.9,154,0,10.800000000000011,0.9935483870967742,45946.6,90993.73000000001
2,296.2,307.0,2119,18.3,159,0,10.800000000000011,0.99375,38777.700000000004,90933.4
1,296.2,307.0,1414,48.3,162,0,10.800000000000011,0.9938650306748467,68296.2,90933.4
2,296.1,307.0,1523,42.0,164,0,10.899999999999977,0.9939393939393939,63966.0,90902.70000000001
1,296.1,307.1,1651,35.7,167,0,11.0,0.9940476190476191,58940.700000000004,90932.31000000001
2,296.1,307.1,1485,36.0,169,0,11.0,0.9941176470588236,53460.0,90932.31000000001
2,296.2,307.2,1168,63.4,172,0,11.0,0.9942196531791907,74051.2,90992.64
1,296.3,307.3,1566,35.8,175,0,11.0,0.9943181818181818,56062.799999999996,91052.99
2,296.3,307.2,1286,51.1,177,0,10.899999999999977,0.9943820224719101,65714.6,91023.36
2,296.3,307.2,1446,45.9,180,0,10.899999999999977,0.994475138121547,66371.4,91023.36
2,296.4,307.2,2071,19.4,183,0,10.800000000000011,0.9945652173913043,40177.399999999994,91054.07999999999
1,296.3,307.1,1560,33.2,186,0,10.800000000000011,0.9946524064171123,51792.00000000001,90993.73000000001
1,296.3,307.1,1654,29.6,188,0,10.800000000000011,0.9947089947089947,48958.4,90993.73000000001
1,296.3,307.1,1662,32.9,190,0,10.800000000000011,0.9947643979057592,54679.799999999996,90993.73000000001
1,296.3,307.2,1646,35.0,192,0,10.899999999999977,0.9948186528497409,57610.0,91023.36
1,296.2,307.1,1444,46.7,194,0,10.900000000000034,0.9948717948717949,67434.8,90963.02
0,296.3,307.2,1424,42.0,196,0,10.899999999999977,0.9949238578680203,59808.0,91023.36
1,296.2,307.2,1382,52.0,201,0,11.0,0.995049504950495,71864.0,90992.64
1,296.2,307.1,1413,53.4,203,0,10.900000000000034,0.9950980392156863,75454.2,90963.02
2,296.2,307.2,1633,31.1,0,0,11.0,0.0,50786.3,90992.64
1,296.2,307.1,1441,41.7,3,0,10.900000000000034,0.75,60089.700000000004,90963.02
2,296.2,307.2,1385,44.0,5,0,11.0,0.8333333333333334,60940.0,90992.64
2,296.2,307.2,1552,34.8,8,0,11.0,0.8888888888888888,54009.6,90992.64
2,296.2,307.3,1451,42.8,11,0,11.100000000000023,0.9166666666666666,62102.799999999996,91022.26
2,296.1,307.1,1433,38.5,14,0,11.0,0.9333333333333333,55170.5,90932.31000000001
2,296.1,307.2,1619,29.7,17,0,11.099999999999966,0.9444444444444444,48084.299999999996,90961.92
1,296.2,307.2,1445,41.8,20,0,11.0,0.9523809523809523,60400.99999999999,90992.64
1,296.2,307.2,1356,43.6,22,0,11.0,0.9565217391304348,59121.6,90992.64
2,296.3,307.2,1319,68.3,24,1,10.899999999999977,0.96,90087.7,91023.36
1,296.3,307.2,1637,31.6,27,0,10.899999999999977,0.9642857142857143,51729.200000000004,91023.36
1,296.3,307.2,1291,58.6,29,0,10.899999999999977,0.9666666666666667,75652.6,91023.36
1,296.3,307.3,1398,52.7,31,0,11.0,0.96875,73674.6,91052.99
1,296.3,307.3,1372,57.7,33,0,11.0,0.9705882352941176,79164.40000000001,91052.99
2,296.3,307.2,1454,42.5,35,0,10.899999999999977,0.9722222222222222,61795.0,91023.36
1,296.2,307.2,1515,36.5,38,0,11.0,0.9743589743589743,55297.5,90992.64
1,296.2,307.3,1881,24.3,40,0,11.100000000000023,0.975609756097561,45708.3,91022.26
1,296.2,307.3,1711,29.9,42,0,11.100000000000023,0.9767441860465116,51158.899999999994,91022.26
1,296.2,307.3,1475,37.0,44,0,11.100000000000023,0.9777777777777777,54575.0,91022.26
1,296.4,307.4,1512,36.8,46,0,11.0,0.9787234042553191,55641.6,91113.35999999999
2,296.3,307.4,1335,50.5,48,0,11.099999999999966,0.9795918367346939,67417.5,91082.62
1,296.3,307.4,1472,39.9,51,0,11.099999999999966,0.9807692307692307,58732.799999999996,91082.62
2,296.2,307.3,1477,35.2,53,0,11.100000000000023,0.9814814814814815,51990.4,91022.26
1,296.3,307.4,1760,28.4,56,0,11.099999999999966,0.9824561403508771,49984.0,91082.62
1,296.4,307.5,1549,36.1,58,0,11.100000000000023,0.9830508474576272,55918.9,91143.0
1,296.3,307.4,1648,34.0,60,0,11.099999999999966,0.9836065573770492,56032.0,91082.62
0,296.4,307.5,1556,38.0,62,0,11.100000000000023,0.9841269841269841,59128.0,91143.0
2,296.3,307.4,1958,19.1,67,0,11.099999999999966,0.9852941176470589,37397.8,91082.62
1,296.4,307.4,1403,48.4,70,0,11.0,0.9859154929577465,67905.2,91113.35999999999
2,296.4,307.5,1684,31.4,72,0,11.100000000000023,0.9863013698630136,52877.6,91143.0
0,296.4,307.5,1596,35.1,75,0,11.100000000000023,0.9868421052631579,56019.600000000006,91143.0
1,296.6,307.6,1498,41.1,80,0,11.0,0.9876543209876543,61567.8,91234.16000000002
1,296.7,307.7,1524,36.8,82,0,11.0,0.9879518072289156,56083.2,91294.59
1,296.7,307.7,1502,43.9,84,0,11.0,0.9882352941176471,65937.8,91294.59
1,296.6,307.6,1809,25.1,86,0,11.0,0.9885057471264368,45405.9,91234.16000000002
1,296.6,307.6,1542,37.4,88,0,11.0,0.9887640449438202,57670.799999999996,91234.16000000002
1,296.5,307.6,1431,45.2,90,0,11.100000000000023,0.989010989010989,64681.200000000004,91203.40000000001
1,296.5,307.6,1512,43.6,92,0,11.100000000000023,0.989247311827957,65923.2,91203.40000000001
0,296.4,307.5,1403,52.8,94,0,11.100000000000023,0.9894736842105263,74078.4,91143.0
1,296.4,307.5,1331,47.8,99,0,11.100000000000023,0.99,63621.799999999996,91143.0
2,296.6,307.7,1474,52.6,101,0,11.099999999999966,0.9901960784313726,77532.40000000001,91263.82
1,296.5,307.6,1607,33.5,104,0,11.100000000000023,0.9904761904761905,53834.5,91203.40000000001
1,296.5,307.6,1415,44.2,106,0,11.100000000000023,0.9906542056074766,62543.00000000001,91203.40000000001
1,296.6,307.6,1671,28.8,108,0,11.0,0.9908256880733946,48124.8,91234.16000000002
1,296.6,307.7,1556,37.7,110,0,11.099999999999966,0.990990990990991,58661.200000000004,91263.82
1,296.7,307.7,1927,23.9,112,0,11.0,0.9911504424778761,46055.299999999996,91294.59
2,296.7,307.7,1597,32.1,114,0,11.0,0.991304347826087,51263.700000000004,91294.59
0,296.8,307.8,1627,30.5,117,0,11.0,0.9915254237288136,49623.5,91355.04000000001
1,296.8,307.8,1480,39.4,122,0,11.0,0.991869918699187,58312.0,91355.04000000001
1,296.8,307.8,1565,39.5,124,0,11.0,0.992,61817.5,91355.04000000001
1,296.8,307.8,1573,36.4,126,0,11.0,0.9921259842519685,57257.2,91355.04000000001
1,296.7,307.8,1605,31.3,128,0,11.100000000000023,0.9922480620155039,50236.5,91324.26
2,296.7,307.9,1874,21.3,130,0,11.199999999999989,0.9923664122137404,39916.200000000004,91353.93
0,296.7,307.9,1424,53.8,133,0,11.199999999999989,0.9925373134328358,76611.2,91353.93
1,296.7,307.9,1420,50.1,138,0,11.199999999999989,0.9928057553956835,71142.0,91353.93
1,296.8,307.9,1372,49.0,140,0,11.099999999999966,0.9929078014184397,67228.0,91384.72
2,296.8,307.8,1664,32.8,142,0,11.0,0.993006993006993,54579.2,91355.04000000001
2,296.8,307.9,1409,44.3,145,0,11.099999999999966,0.9931506849315068,62418.7,91384.72
1,296.8,307.9,1718,25.2,148,0,11.099999999999966,0.9932885906040269,43293.6,91384.72
2,296.9,307.8,1544,40.3,150,0,10.900000000000034,0.9933774834437086,62223.2,91385.81999999999
1,296.9,307.8,1466,45.7,153,0,10.900000000000034,0.9935064935064936,66996.2,91385.81999999999
1,296.8,307.8,1394,47.7,155,0,11.0,0.9935897435897436,66493.8,91355.04000000001
2,296.9,307.8,1840,24.6,157,0,10.900000000000034,0.9936708860759493,45264.0,91385.81999999999
2,296.9,307.8,1477,37.2,160,0,10.900000000000034,0.9937888198757764,54944.4,91385.81999999999
1,296.9,307.8,1425,49.1,163,0,10.900000000000034,0.9939024390243902,69967.5,91385.81999999999
2,297.0,307.9,1414,46.2,165,0,10.899999999999977,0.9939759036144579,65326.8,91446.29999999999
1,297.0,307.8,1414,47.5,168,0,10.800000000000011,0.9940828402366864,67165.0,91416.6
1,297.0,307.9,1595,31.7,170,0,10.899999999999977,0.9941520467836257,50561.5,91446.29999999999
0,296.9,307.8,1345,54.5,172,0,10.900000000000034,0.9942196531791907,73302.5,91385.81999999999
1,296.9,307.7,1653,35.9,177,0,10.800000000000011,0.9943820224719101,59342.7,91356.12999999999
1,296.8,307.6,1547,36.5,179,0,10.800000000000011,0.9944444444444445,56465.5,91295.68000000001
0,296.9,307.7,1656,30.8,181,0,10.800000000000011,0.9945054945054945,51004.8,91356.12999999999
1,297.0,307.7,1731,28.5,186,0,10.699999999999989,0.9946524064171123,49333.5,91386.9
1,297.0,307.8,1774,28.0,188,0,10.800000000000011,0.9947089947089947,49672.0,91416.6
1,297.0,307.8,1521,40.2,190,0,10.800000000000011,0.9947643979057592,61144.200000000004,91416.6
0,297.1,307.9,1420,39.8,192,0,10.799999999999955,0.9948186528497409,56515.99999999999,91477.09
1,297.0,307.8,1683,32.3,197,0,10.800000000000011,0.9949494949494949,54360.899999999994,91416.6
2,297.0,307.7,1498,47.1,199,0,10.699999999999989,0.995,70555.8,91386.9
1,297.0,307.8,1385,56.4,202,1,10.800000000000011,0.9950738916256158,78114.0,91416.6
1,297.0,307.9,1455,49.0,204,0,10.899999999999977,0.9951219512195122,71295.0,91446.29999999999
0,296.9,307.8,1549,35.8,206,1,10.900000000000034,0.9951690821256038,55454.2,91385.81999999999
2,296.9,307.8,1392,43.9,0,0,10.900000000000034,0.0,61108.799999999996,91385.81999999999
2,296.9,307.7,2008,17.5,3,0,10.800000000000011,0.75,35140.0,91356.12999999999
1,296.9,307.7,1464,41.4,6,0,10.800000000000011,0.8571428571428571,60609.6,91356.12999999999
1,297.0,307.7,1447,46.4,8,0,10.699999999999989,0.8888888888888888,67140.8,91386.9
2,296.9,307.6,1685,32.0,10,0,10.700000000000045,0.9090909090909091,53920.0,91326.44
2,296.8,307.5,1443,39.2,13,0,10.699999999999989,0.9285714285714286,56565.600000000006,91266.0
1,296.9,307.5,1354,44.4,16,0,10.600000000000023,0.9411764705882353,60117.6,91296.75
1,296.9,307.5,2721,9.3,18,1,10.600000000000023,0.9473684210526315,25305.300000000003,91296.75
1,297.0,307.6,1680,35.8,20,0,10.600000000000023,0.9523809523809523,60143.99999999999,91357.20000000001
0,296.9,307.5,1397,48.3,22,0,10.600000000000023,0.9565217391304348,67475.09999999999,91296.75
2,296.9,307.4,1521,37.9,27,0,10.5,0.9642857142857143,57645.9,91267.05999999998
2,296.8,307.4,1472,43.9,30,0,10.599999999999966,0.967741935483871,64620.799999999996,91236.31999999999
0,296.8,307.5,1695,30.0,33,0,10.699999999999989,0.9705882352941176,50850.0,91266.0
0,296.7,307.5,1607,33.6,38,0,10.800000000000011,0.9743589743589743,53995.200000000004,91235.25
1,296.8,307.5,1347,54.8,43,0,10.699999999999989,0.9772727272727273,73815.59999999999,91266.0
2,296.7,307.4,1540,38.7,45,0,10.699999999999989,0.9782608695652174,59598.00000000001,91205.57999999999
1,296.6,307.4,1389,42.7,48,0,10.799999999999955,0.9795918367346939,59310.3,91174.84
2,296.6,307.5,1734,27.0,50,0,10.899999999999977,0.9803921568627451,46818.0,91204.5
1,296.7,307.6,1540,38.6,53,0,10.900000000000034,0.9814814814814815,59444.0,91264.92
2,296.7,307.5,1515,42.1,55,0,10.800000000000011,0.9821428571428571,63781.5,91235.25
1,296.6,307.4,1504,45.8,58,0,10.799999999999955,0.9830508474576272,68883.2,91174.84
1,296.6,307.5,1557,35.1,60,0,10.899999999999977,0.9836065573770492,54650.700000000004,91204.5
1,296.5,307.4,1292,52.5,62,0,10.899999999999977,0.9841269841269841,67830.0,91144.09999999999
0,296.5,307.4,1432,49.2,64,0,10.899999999999977,0.9846153846153847,70454.40000000001,91144.09999999999
2,296.5,307.4,1350,55.6,69,0,10.899999999999977,0.9857142857142858,75060.0,91144.09999999999
2,296.6,307.4,1790,25.8,72,0,10.799999999999955,0.9863013698630136,46182.0,91174.84
0,296.4,307.3,1540,37.4,75,0,10.900000000000034,0.9868421052631579,57596.0,91083.72
2,296.4,307.3,2077,19.1,80,0,10.900000000000034,0.9876543209876543,39670.700000000004,91083.72
1,296.4,307.3,1487,37.5,83,0,10.900000000000034,0.9880952380952381,55762.5,91083.72
1,296.5,307.4,1523,40.7,85,0,10.899999999999977,0.9883720930232558,61986.100000000006,91144.09999999999
1,296.5,307.5,1443,41.8,87,0,11.0,0.9886363636363636,60317.399999999994,91173.75
1,296.5,307.5,1340,59.1,89,0,11.0,0.9888888888888889,79194.0,91173.75
0,296.6,307.7,1654,31.0,91,0,11.099999999999966,0.9891304347826086,51274.0,91263.82
1,296.6,307.6,1459,40.2,96,0,11.0,0.9896907216494846,58651.8,91234.16000000002
1,296.5,307.6,1541,38.5,98,0,11.100000000000023,0.98989898989899,59328.5,91203.40000000001
0,296.6,307.7,1386,62.3,100,1,11.099999999999966,0.9900990099009901,86347.8,91263.82
2,296.7,307.8,1258,69.0,105,1,11.100000000000023,0.9905660377358491,86802.0,91324.26
2,296.7,307.8,1375,51.4,108,0,11.100000000000023,0.9908256880733946,70675.0,91324.26
1,296.8,307.9,1706,30.8,111,0,11.099999999999966,0.9910714285714286,52544.8,91384.72
2,296.7,307.8,1672,32.4,113,0,11.100000000000023,0.9912280701754386,54172.799999999996,91324.26
2,296.8,307.9,1843,25.2,116,0,11.099999999999966,0.9914529914529915,46443.6,91384.72
1,296.7,307.9,1690,29.6,119,0,11.199999999999989,0.9916666666666667,50024.0,91353.93
1,296.8,307.9,1413,46.5,121,0,11.099999999999966,0.9918032786885246,65704.5,91384.72
1,296.8,307.9,1489,33.4,123,0,11.099999999999966,0.9919354838709677,49732.6,91384.72
1,296.8,307.9,1271,61.4,125,0,11.099999999999966,0.9920634920634921,78039.4,91384.72
2,296.8,307.9,1418,47.9,127,0,11.099999999999966,0.9921875,67922.2,91384.72
2,296.9,307.8,1426,50.7,130,0,10.900000000000034,0.9923664122137404,72298.2,91385.81999999999
1,296.9,307.9,1535,39.2,133,0,11.0,0.9925373134328358,60172.00000000001,91415.50999999998
1,296.9,307.8,1557,38.1,135,0,10.900000000000034,0.9926470588235294,59321.700000000004,91385.81999999999
1,296.9,307.8,1653,29.7,137,0,10.900000000000034,0.9927536231884058,49094.1,91385.81999999999
1,296.9,307.9,1435,41.6,139,0,11.0,0.9928571428571429,59696.0,91415.50999999998
2,297.0,307.9,1569,33.3,141,0,10.899999999999977,0.9929577464788732,52247.7,91446.29999999999
2,296.9,307.9,1385,44.8,144,0,11.0,0.993103448275862,62047.99999999999,91415.50999999998
1,297.0,307.9,1635,31.6,147,0,10.899999999999977,0.9932432432432432,51666.0,91446.29999999999
1,296.9,307.9,1423,43.9,149,0,11.0,0.9933333333333333,62469.7,91415.50999999998
1,297.0,307.9,1479,39.2,151,0,10.899999999999977,0.993421052631579,57976.8,91446.29999999999
1,297.0,307.9,1296,69.1,153,1,10.899999999999977,0.9935064935064936,89553.59999999999,91446.29999999999
1,297.0,307.8,1553,33.3,155,0,10.800000000000011,0.9935897435897436,51714.899999999994,91416.6
1,297.0,307.9,1529,42.2,157,0,10.899999999999977,0.9936708860759493,64523.8,91446.29999999999
2,297.1,308.0,1690,25.6,159,0,10.899999999999977,0.99375,43264.0,91506.8
1,297.1,308.0,1348,58.0,162,0,10.899999999999977,0.9938650306748467,78184.0,91506.8
1,297.2,308.1,1446,38.5,164,0,10.900000000000034,0.9939393939393939,55671.0,91567.32
1,297.1,307.9,1456,50.0,166,0,10.799999999999955,0.9940119760479041,72800.0,91477.09
1,297.0,307.9,1350,47.7,168,0,10.899999999999977,0.9940828402366864,64395.00000000001,91446.29999999999
1,297.1,307.9,1507,38.3,170,0,10.799999999999955,0.9941520467836257,57718.1,91477.09
0,297.0,307.9,1448,45.6,172,0,10.899999999999977,0.9942196531791907,66028.8,91446.29999999999
1,296.9,307.9,1626,29.9,177,0,11.0,0.9943820224719101,48617.399999999994,91415.50999999998
0,297.0,307.9,1846,27.3,179,0,10.899999999999977,0.9944444444444445,50395.8,91446.29999999999
0,297.0,307.8,1404,40.7,184,0,10.800000000000011,0.9945945945945946,57142.8,91416.6
1,297.0,307.8,1583,37.2,189,0,10.800000000000011,0.9947368421052631,58887.600000000006,91416.6
1,297.0,307.9,1436,47.7,191,0,10.899999999999977,0.9947916666666666,68497.2,91446.29999999999
1,297.0,307.8,1609,35.6,193,0,10.800000000000011,0.9948453608247423,57280.4,91416.6
0,297.0,307.7,1834,23.8,195,0,10.699999999999989,0.9948979591836735,43649.200000000004,91386.9
1,297.0,307.8,1316,61.2,200,1,10.800000000000011,0.9950248756218906,80539.2,91416.6
1,296.9,307.8,1400,57.1,202,1,10.900000000000034,0.9950738916256158,79940.0,91385.81999999999
1,296.9,307.9,1367,47.1,204,0,11.0,0.9951219512195122,64385.700000000004,91415.50999999998
1,297.1,308.1,1754,30.3,206,0,11.0,0.9951690821256038,53146.200000000004,91536.51000000001
1,297.1,308.1,1487,34.6,208,0,11.0,0.9952153110047847,51450.200000000004,91536.51000000001
2,297.1,308.1,1506,37.7,210,0,11.0,0.995260663507109,56776.200000000004,91536.51000000001
1,297.0,308.1,1362,52.5,213,1,11.100000000000023,0.9953271028037384,71505.0,91505.70000000001
1,297.1,308.1,1584,36.8,215,0,11.0,0.9953703703703703,58291.2,91536.51000000001
1,297.0,308.1,1355,43.7,217,0,11.100000000000023,0.9954128440366973,59213.50000000001,91505.70000000001
2,297.1,308.1,1823,24.3,219,0,11.0,0.9954545454545455,44298.9,91536.51000000001
0,297.0,308.1,1517,41.4,222,0,11.100000000000023,0.9955156950672646,62803.799999999996,91505.70000000001
1,297.1,308.1,1446,36.6,227,0,11.0,0.9956140350877193,52923.6,91536.51000000001
0,297.1,308.0,1559,38.8,229,0,10.899999999999977,0.9956521739130435,60489.2,91506.8
2,297.1,308.1,1352,44.4,0,0,11.0,0.0,60028.799999999996,91536.51000000001
2,297.2,308.3,1578,37.8,3,0,11.100000000000023,0.75,59648.399999999994,91626.76
2,297.2,308.3,1429,42.0,6,0,11.100000000000023,0.8571428571428571,60018.0,91626.76
2,297.2,308.3,1604,39.4,9,0,11.100000000000023,0.9,63197.6,91626.76
1,297.3,308.5,1398,60.4,12,0,11.199999999999989,0.9230769230769231,84439.2,91717.05
1,297.3,308.4,1441,43.4,14,0,11.099999999999966,0.9333333333333333,62539.4,91687.31999999999
0,297.3,308.4,1531,35.6,16,0,11.099999999999966,0.9411764705882353,54503.6,91687.31999999999
1,297.2,308.3,1379,52.1,21,0,11.100000000000023,0.9545454545454546,71845.90000000001,91626.76
1,297.3,308.3,1410,48.1,23,0,11.0,0.9583333333333334,67821.0,91657.59000000001
1,297.3,308.4,1513,40.5,25,0,11.099999999999966,0.9615384615384616,61276.5,91687.31999999999
1,297.3,308.5,1497,47.5,27,0,11.199999999999989,0.9642857142857143,71107.5,91717.05
1,297.3,308.4,1491,46.5,29,0,11.099999999999966,0.9666666666666667,69331.5,91687.31999999999
1,297.3,308.4,1417,47.8,31,0,11.099999999999966,0.96875,67732.59999999999,91687.31999999999
2,297.4,308.6,1522,38.0,33,0,11.200000000000045,0.9705882352941176,57836.0,91777.64
1,297.3,308.4,1339,52.1,36,0,11.099999999999966,0.972972972972973,69761.90000000001,91687.31999999999
2,297.2,308.3,1794,27.5,38,0,11.100000000000023,0.9743589743589743,49335.0,91626.76
1,297.2,308.4,1460,42.1,41,0,11.199999999999989,0.9761904761904762,61466.0,91656.48
2,297.2,308.3,1776,28.0,43,0,11.100000000000023,0.9772727272727273,49728.0,91626.76
2,297.2,308.3,1431,43.7,46,0,11.100000000000023,0.9787234042553191,62534.700000000004,91626.76
1,297.1,308.2,1347,50.8,49,0,11.099999999999966,0.98,68427.59999999999,91566.22
2,297.0,308.1,1507,43.1,51,0,11.100000000000023,0.9807692307692307,64951.700000000004,91505.70000000001
2,297.0,308.0,1408,47.9,54,0,11.0,0.9818181818181818,67443.2,91476.0
2,297.0,307.9,1493,34.7,57,0,10.899999999999977,0.9827586206896551,51807.100000000006,91446.29999999999
2,296.9,307.9,1441,47.6,60,0,11.0,0.9836065573770492,68591.6,91415.50999999998
0,296.9,307.9,1557,36.5,63,0,11.0,0.984375,56830.5,91415.50999999998
2,296.9,307.9,1979,20.4,68,0,11.0,0.9855072463768116,40371.6,91415.50999999998
2,296.9,308.0,1430,55.9,71,0,11.100000000000023,0.9861111111111112,79937.0,91445.2
1,296.9,308.0,1658,41.0,74,0,11.100000000000023,0.9866666666666667,67978.0,91445.2
2,297.0,308.1,1355,51.4,76,0,11.100000000000023,0.987012987012987,69647.0,91505.70000000001
0,297.0,308.1,1410,47.6,79,0,11.100000000000023,0.9875,67116.0,91505.70000000001
1,296.9,308.0,1521,34.5,84,0,11.100000000000023,0.9882352941176471,52474.5,91445.2
1,296.8,308.0,1371,54.5,86,0,11.199999999999989,0.9885057471264368,74719.5,91414.40000000001
0,296.9,308.0,1318,53.5,88,0,11.100000000000023,0.9887640449438202,70513.0,91445.2
2,297.0,308.1,1573,34.9,93,0,11.100000000000023,0.9893617021276596,54897.7,91505.70000000001
1,297.0,308.1,1489,44.1,96,0,11.100000000000023,0.9896907216494846,65664.90000000001,91505.70000000001
0,297.0,308.1,2540,13.3,98,0,11.100000000000023,0.98989898989899,33782.0,91505.70000000001
1,297.0,308.1,1537,39.0,103,0,11.100000000000023,0.9903846153846154,59943.0,91505.70000000001
0,296.9,308.0,1416,46.9,105,0,11.100000000000023,0.9905660377358491,66410.4,91445.2
1,296.9,307.9,1359,56.5,110,0,11.0,0.990990990990991,76783.5,91415.50999999998
2,296.8,307.8,1551,38.9,112,0,11.0,0.9911504424778761,60333.899999999994,91355.04000000001
2,296.8,307.8,1694,33.0,115,0,11.0,0.9913793103448276,55902.0,91355.04000000001
1,296.8,307.9,1709,28.4,118,0,11.099999999999966,0.9915966386554622,48535.6,91384.72
1,296.9,308.0,1514,41.0,120,0,11.100000000000023,0.9917355371900827,62074.0,91445.2
1,297.0,308.1,1455,43.5,122,0,11.100000000000023,0.991869918699187,63292.5,91505.70000000001
2,297.0,308.2,1702,30.7,124,0,11.199999999999989,0.992,52251.4,91535.4
2,296.9,308.1,1357,41.8,127,0,11.200000000000045,0.9921875,56722.6,91474.89
1,297.0,308.2,1577,29.4,130,0,11.199999999999989,0.9923664122137404,46363.799999999996,91535.4
2,297.0,308.3,1399,46.4,132,0,11.300000000000011,0.9924812030075187,64913.6,91565.1
1,297.0,308.3,1399,59.0,135,0,11.300000000000011,0.9926470588235294,82541.0,91565.1
1,297.0,308.3,1492,48.1,137,0,11.300000000000011,0.9927536231884058,71765.2,91565.1
1,297.1,308.3,1763,25.7,139,0,11.199999999999989,0.9928571428571429,45309.1,91595.93000000001
0,297.1,308.3,1492,41.5,141,0,11.199999999999989,0.9929577464788732,61918.0,91595.93000000001
1,297.1,308.4,1488,42.5,146,0,11.299999999999955,0.9931972789115646,63240.0,91625.64
1,297.1,308.4,1422,42.1,148,0,11.299999999999955,0.9932885906040269,59866.200000000004,91625.64
2,297.1,308.4,1583,38.2,150,0,11.299999999999955,0.9933774834437086,60470.600000000006,91625.64
1,297.1,308.4,1304,53.5,153,0,11.299999999999955,0.9935064935064936,69764.0,91625.64
2,297.1,308.4,1880,23.5,155,0,11.299999999999955,0.9935897435897436,44180.0,91625.64
2,297.2,308.5,1604,40.7,158,0,11.300000000000011,0.9937106918238994,65282.8,91686.2
1,297.2,308.6,1500,37.1,161,0,11.400000000000034,0.9938271604938271,55650.0,91715.92
2,297.2,308.5,1364,55.6,163,0,11.300000000000011,0.9939024390243902,75838.40000000001,91686.2
0,297.2,308.5,2440,14.0,166,0,11.300000000000011,0.9940119760479041,34160.0,91686.2
0,297.1,308.4,1654,31.4,171,0,11.299999999999955,0.9941860465116279,51935.6,91625.64
0,297.1,308.4,1359,46.6,176,0,11.299999999999955,0.9943502824858758,63329.4,91625.64
2,297.1,308.4,1502,37.3,181,0,11.299999999999955,0.9945054945054945,56024.6,91625.64
2,297.1,308.4,1615,32.6,184,0,11.299999999999955,0.9945945945945946,52649.0,91625.64
0,297.2,308.5,1482,39.3,187,0,11.300000000000011,0.9946808510638298,58242.6,91686.2
1,297.2,308.6,1636,31.3,192,0,11.400000000000034,0.9948186528497409,51206.8,91715.92
2,297.1,308.5,1621,32.4,194,0,11.399999999999977,0.9948717948717949,52520.399999999994,91655.35
1,297.1,308.4,1468,44.4,197,0,11.299999999999955,0.9949494949494949,65179.2,91625.64
2,297.1,308.4,1432,53.4,199,0,11.299999999999955,0.995,76468.8,91625.64
1,297.1,308.4,1726,28.4,202,0,11.299999999999955,0.9950738916256158,49018.399999999994,91625.64
2,297.1,308.4,1588,33.4,204,0,11.299999999999955,0.9951219512195122,53039.2,91625.64
0,297.2,308.5,1653,33.3,207,0,11.300000000000011,0.9951923076923077,55044.899999999994,91686.2
1,297.2,308.5,1513,42.9,212,0,11.300000000000011,0.9953051643192489,64907.7,91686.2
1,297.2,308.6,1489,40.2,214,0,11.400000000000034,0.9953488372093023,59857.8,91715.92
1,297.3,308.7,1467,36.8,216,0,11.399999999999977,0.9953917050691244,53985.6,91776.51
1,297.3,308.7,1549,36.1,218,0,11.399999999999977,0.9954337899543378,55918.9,91776.51
2,297.4,308.8,1359,48.7,220,0,11.400000000000034,0.995475113122172,66183.3,91837.12
1,297.5,308.8,1533,41.5,223,0,11.300000000000011,0.9955357142857143,63619.5,91868.0
1,297.5,308.8,1309,57.3,0,0,11.300000000000011,0.0,75005.7,91868.0
0,297.5,308.8,1430,49.4,2,0,11.300000000000011,0.6666666666666666,70642.0,91868.0
0,297.5,308.9,1419,50.7,7,0,11.399999999999977,0.875,71943.3,91897.75
2,297.5,308.9,1535,37.7,12,0,11.399999999999977,0.9230769230769231,57869.50000000001,91897.75
1,297.5,308.9,1466,43.0,15,0,11.399999999999977,0.9375,63038.0,91897.75
1,297.5,308.9,1427,50.4,17,0,11.399999999999977,0.9444444444444444,71920.8,91897.75
2,297.5,308.9,1280,48.5,19,0,11.399999999999977,0.95,62080.0,91897.75
1,297.6,309.0,1528,33.8,22,0,11.399999999999977,0.9565217391304348,51646.399999999994,91958.40000000001
0,297.6,309.0,1885,25.2,24,0,11.399999999999977,0.96,47502.0,91958.40000000001
0,297.8,309.2,1648,33.0,29,0,11.399999999999977,0.9666666666666667,54384.0,92079.76
1,297.8,309.2,1400,56.9,34,0,11.399999999999977,0.9714285714285714,79660.0,92079.76
2,297.8,309.3,2243,15.7,36,0,11.5,0.972972972972973,35215.1,92109.54000000001
1,297.9,309.4,1558,35.7,39,0,11.5,0.975,55620.600000000006,92170.25999999998
1,298.0,309.6,1633,34.8,41,0,11.600000000000023,0.9761904761904762,56828.399999999994,92260.8
2,298.1,309.6,1549,38.7,43,0,11.5,0.9772727272727273,59946.3,92291.76000000001
1,298.0,309.5,1496,45.8,46,0,11.5,0.9787234042553191,68516.8,92231.0
1,298.1,309.5,1467,41.8,48,0,11.399999999999977,0.9795918367346939,61320.6,92261.95000000001
2,298.0,309.4,1276,65.9,50,0,11.399999999999977,0.9803921568627451,84088.40000000001,92201.2
0,298.0,309.4,1490,40.5,53,0,11.399999999999977,0.9814814814814815,60345.0,92201.2
0,298.0,309.4,1562,38.1,58,0,11.399999999999977,0.9830508474576272,59512.200000000004,92201.2
1,298.1,309.4,1397,48.2,63,0,11.299999999999955,0.984375,67335.40000000001,92232.14
0,298.1,309.5,1530,40.2,65,0,11.399999999999977,0.9848484848484849,61506.00000000001,92261.95000000001
2,298.1,309.4,1362,47.6,70,0,11.299999999999955,0.9859154929577465,64831.200000000004,92232.14
2,298.2,309.4,1693,34.4,73,0,11.199999999999989,0.9864864864864865,58239.2,92263.07999999999
2,298.2,309.4,1408,46.5,76,0,11.199999999999989,0.987012987012987,65472.0,92263.07999999999
1,298.2,309.4,1398,52.9,79,0,11.199999999999989,0.9875,73954.2,92263.07999999999
2,298.3,309.6,1531,40.1,81,0,11.300000000000011,0.9878048780487805,61393.1,92353.68000000001
0,298.3,309.5,1521,37.1,84,0,11.199999999999989,0.9882352941176471,56429.1,92323.85
0,298.3,309.5,1427,54.3,89,0,11.199999999999989,0.9888888888888889,77486.09999999999,92323.85
1,298.3,309.4,1546,36.1,94,0,11.099999999999966,0.9894736842105263,55810.600000000006,92294.01999999999
1,298.3,309.4,1356,45.4,96,0,11.099999999999966,0.9896907216494846,61562.4,92294.01999999999
1,298.4,309.5,2153,15.3,98,1,11.100000000000023,0.98989898989899,32940.9,92354.79999999999
2,298.5,309.6,1492,41.7,100,0,11.100000000000023,0.9900990099009901,62216.4,92415.6
1,298.5,309.6,1582,40.3,103,0,11.100000000000023,0.9903846153846154,63754.6,92415.6
1,298.5,309.6,1419,41.5,105,0,11.100000000000023,0.9905660377358491,58888.5,92415.6
2,298.5,309.6,1441,48.2,107,0,11.100000000000023,0.9907407407407407,69456.2,92415.6
2,298.6,309.7,1635,32.2,110,0,11.099999999999966,0.990990990990991,52647.00000000001,92476.42
1,298.6,309.7,1429,45.8,113,0,11.099999999999966,0.9912280701754386,65448.2,92476.42
2,298.6,309.7,1675,28.4,115,0,11.099999999999966,0.9913793103448276,47570.0,92476.42
2,298.7,309.7,1868,23.8,118,0,11.0,0.9915966386554622,44458.4,92507.39
0,298.7,309.8,1582,33.4,121,0,11.100000000000023,0.9918032786885246,52838.799999999996,92537.26
1,298.8,309.9,1486,40.3,126,0,11.099999999999966,0.9921259842519685,59885.799999999996,92598.12
1,298.7,309.8,1402,54.3,128,0,11.100000000000023,0.9922480620155039,76128.59999999999,92537.26
1,298.7,309.9,1621,34.1,130,0,11.199999999999989,0.9923664122137404,55276.100000000006,92567.12999999999
1,298.8,309.9,1428,42.4,132,0,11.099999999999966,0.9924812030075187,60547.2,92598.12
2,298.7,309.8,1343,53.6,134,0,11.100000000000023,0.9925925925925926,71984.8,92537.26
2,298.7,309.9,1458,40.2,137,0,11.199999999999989,0.9927536231884058,58611.600000000006,92567.12999999999
1,298.7,309.8,1322,57.0,140,0,11.100000000000023,0.9929078014184397,75354.0,92537.26
1,298.7,309.9,1483,32.8,142,0,11.199999999999989,0.993006993006993,48642.399999999994,92567.12999999999
1,298.6,309.8,1505,45.7,144,0,11.199999999999989,0.993103448275862,68778.5,92506.28000000001
1,298.7,309.9,1593,42.5,146,0,11.199999999999989,0.9931972789115646,67702.5,92567.12999999999
1,298.8,310.0,2098,19.6,148,0,11.199999999999989,0.9932885906040269,41120.8,92628.0
1,298.8,310.0,1672,30.4,150,0,11.199999999999989,0.9933774834437086,50828.799999999996,92628.0
1,298.8,310.0,1487,41.4,152,0,11.199999999999989,0.9934640522875817,61561.799999999996,92628.0
1,298.8,310.0,1423,42.1,154,0,11.199999999999989,0.9935483870967742,59908.3,92628.0
1,298.9,310.1,1750,25.0,156,0,11.200000000000045,0.9936305732484076,43750.0,92688.89
1,298.9,310.2,1654,31.1,158,0,11.300000000000011,0.9937106918238994,51439.4,92718.77999999998
1,298.9,310.2,1498,50.2,160,0,11.300000000000011,0.9937888198757764,75199.6,92718.77999999998
1,298.9,310.1,1587,30.2,162,0,11.200000000000045,0.9938650306748467,47927.4,92688.89
1,298.9,310.1,1473,42.6,164,0,11.200000000000045,0.9939393939393939,62749.8,92688.89
1,298.9,310.2,1359,56.9,166,0,11.300000000000011,0.9940119760479041,77327.09999999999,92718.77999999998
2,299.0,310.3,1635,34.5,168,0,11.300000000000011,0.9940828402366864,56407.5,92779.7
1,299.0,310.3,1520,45.0,171,0,11.300000000000011,0.9941860465116279,68400.0,92779.7
1,299.0,310.3,1507,36.7,173,0,11.300000000000011,0.9942528735632183,55306.9,92779.7
1,299.0,310.3,1428,46.3,175,0,11.300000000000011,0.9943181818181818,66116.4,92779.7
2,299.0,310.3,1582,33.3,177,0,11.300000000000011,0.9943820224719101,52680.6,92779.7
1,299.0,310.3,1929,24.4,180,0,11.300000000000011,0.994475138121547,47067.6,92779.7
2,299.0,310.3,1540,38.1,182,0,11.300000000000011,0.994535519125683,58674.0,92779.7
1,298.9,310.2,1362,53.0,185,0,11.300000000000011,0.9946236559139785,72186.0,92718.77999999998
0,298.9,310.1,1452,49.9,187,0,11.200000000000045,0.9946808510638298,72454.8,92688.89
1,298.9,310.1,1361,51.7,192,0,11.200000000000045,0.9948186528497409,70363.7,92688.89
2,298.8,310.1,1243,74.5,194,1,11.300000000000011,0.9948717948717949,92603.5,92657.88
0,298.8,310.1,1567,36.8,197,0,11.300000000000011,0.9949494949494949,57665.6,92657.88
1,298.9,310.2,1411,46.5,202,0,11.300000000000011,0.9950738916256158,65611.5,92718.77999999998
1,298.8,310.2,1814,26.8,204,0,11.399999999999977,0.9951219512195122,48615.200000000004,92687.76
2,298.8,310.1,1719,28.8,206,0,11.300000000000011,0.9951690821256038,49507.200000000004,92657.88
0,298.8,310.2,1663,30.4,209,0,11.399999999999977,0.9952380952380953,50555.2,92687.76
1,298.9,310.2,1696,30.2,214,0,11.300000000000011,0.9953488372093023,51219.2,92718.77999999998
0,298.9,310.2,1771,26.8,216,0,11.300000000000011,0.9953917050691244,47462.8,92718.77999999998
1,299.0,310.3,1868,24.0,221,0,11.300000000000011,0.9954954954954955,44832.0,92779.7
2,299.0,310.3,1558,35.4,223,0,11.300000000000011,0.9955357142857143,55153.2,92779.7
1,299.0,310.4,1365,49.1,226,1,11.399999999999977,0.9955947136563876,67021.5,92809.59999999999
1,299.0,310.4,1371,53.8,228,1,11.399999999999977,0.9956331877729258,73759.8,92809.59999999999
1,298.9,310.3,1583,32.6,230,0,11.400000000000034,0.9956709956709957,51605.8,92748.67
0,298.7,310.2,1613,36.0,0,0,11.5,0.0,58068.0,92656.73999999999
1,298.6,310.1,1721,27.2,5,0,11.5,0.8333333333333334,46811.2,92595.86000000002
2,298.6,310.2,1668,31.5,7,0,11.599999999999966,0.875,52542.0,92625.72
1,298.6,310.2,1569,36.3,10,0,11.599999999999966,0.9090909090909091,56954.7,92625.72
2,298.6,310.2,1328,50.5,12,0,11.599999999999966,0.9230769230769231,67064.0,92625.72
2,298.6,310.1,1596,33.0,15,0,11.5,0.9375,52668.0,92595.86000000002
1,298.5,310.2,1676,32.7,18,0,11.699999999999989,0.9473684210526315,54805.200000000004,92594.7
1,298.5,310.1,1809,28.9,20,0,11.600000000000023,0.9523809523809523,52280.1,92564.85
1,298.5,310.0,1804,26.1,22,0,11.5,0.9565217391304348,47084.4,92535.0
1,298.6,310.1,1533,33.9,24,0,11.5,0.96,51968.7,92595.86000000002
1,298.7,310.2,1717,27.3,26,0,11.5,0.9629629629629629,46874.1,92656.73999999999
1,298.7,310.2,1363,45.5,28,0,11.5,0.9655172413793104,62016.5,92656.73999999999
1,298.7,310.2,1402,45.9,30,0,11.5,0.967741935483871,64351.799999999996,92656.73999999999
1,298.7,310.2,1436,47.5,32,0,11.5,0.9696969696969697,68210.0,92656.73999999999
1,298.7,310.2,1525,43.7,34,0,11.5,0.9714285714285714,66642.5,92656.73999999999
2,298.7,310.2,1598,33.3,36,0,11.5,0.972972972972973,53213.399999999994,92656.73999999999
2,298.6,310.1,1444,48.1,39,0,11.5,0.975,69456.40000000001,92595.86000000002
1,298.6,310.0,1334,48.0,42,0,11.399999999999977,0.9767441860465116,64032.0,92566.0
2,298.6,310.0,1681,35.5,44,0,11.399999999999977,0.9777777777777777,59675.5,92566.0
1,298.6,309.9,1593,37.4,47,0,11.299999999999955,0.9791666666666666,59578.2,92536.14
1,298.6,309.9,1461,45.7,49,0,11.299999999999955,0.98,66767.7,92536.14
2,298.7,310.1,1693,31.9,51,0,11.400000000000034,0.9807692307692307,54006.7,92626.87000000001
1,298.7,310.2,1404,50.3,54,0,11.5,0.9818181818181818,70621.2,92656.73999999999
0,298.8,310.2,1707,27.6,56,0,11.399999999999977,0.9824561403508771,47113.200000000004,92687.76
2,298.6,310.1,1458,41.9,61,0,11.5,0.9838709677419355,61090.2,92595.86000000002
1,298.6,310.0,1517,41.2,64,0,11.399999999999977,0.9846153846153847,62500.4,92566.0
1,298.7,310.1,1433,54.6,66,0,11.400000000000034,0.9850746268656716,78241.8,92626.87000000001
1,298.7,310.2,1566,33.1,68,0,11.5,0.9855072463768116,51834.600000000006,92656.73999999999
1,298.7,310.1,1676,33.5,70,0,11.400000000000034,0.9859154929577465,56146.0,92626.87000000001
2,298.7,310.1,1368,56.8,72,0,11.400000000000034,0.9863013698630136,77702.4,92626.87000000001
2,298.8,310.2,1581,37.5,75,0,11.399999999999977,0.9868421052631579,59287.5,92687.76
0,298.8,310.3,1708,27.1,78,0,11.5,0.9873417721518988,46286.8,92717.64000000001
2,298.7,310.3,1481,41.5,83,0,11.600000000000023,0.9880952380952381,61461.5,92686.61
1,298.7,310.3,1451,40.0,86,0,11.600000000000023,0.9885057471264368,58040.0,92686.61
2,298.7,310.3,1495,38.7,88,0,11.600000000000023,0.9887640449438202,57856.50000000001,92686.61
2,298.8,310.3,1573,41.8,91,0,11.5,0.9891304347826086,65751.4,92717.64000000001
2,298.8,310.3,1366,59.0,94,0,11.5,0.9894736842105263,80594.0,92717.64000000001
1,298.8,310.3,1553,36.8,97,0,11.5,0.9897959183673469,57150.399999999994,92717.64000000001
2,298.8,310.3,1528,37.1,99,0,11.5,0.99,56688.8,92717.64000000001
2,298.8,310.2,1527,31.2,102,0,11.399999999999977,0.9902912621359223,47642.4,92687.76
1,298.8,310.2,1461,46.7,105,0,11.399999999999977,0.9905660377358491,68228.7,92687.76
0,298.8,310.2,1455,44.9,107,0,11.399999999999977,0.9907407407407407,65329.5,92687.76
1,298.7,310.1,1620,34.8,112,0,11.400000000000034,0.9911504424778761,56375.99999999999,92626.87000000001
1,298.7,310.1,1786,27.7,114,0,11.400000000000034,0.991304347826087,49472.2,92626.87000000001
2,298.8,310.2,1583,35.7,116,0,11.399999999999977,0.9914529914529915,56513.100000000006,92687.76
1,298.8,310.1,1653,30.3,119,0,11.300000000000011,0.9916666666666667,50085.9,92657.88
2,298.9,310.2,1331,49.0,121,0,11.300000000000011,0.9918032786885246,65219.0,92718.77999999998
1,298.9,310.3,1484,43.8,124,0,11.400000000000034,0.992,64999.2,92748.67
2,298.9,310.2,1603,36.1,126,0,11.300000000000011,0.9921259842519685,57868.3,92718.77999999998
1,298.9,310.2,1445,40.0,129,0,11.300000000000011,0.9923076923076923,57800.0,92718.77999999998
1,298.9,310.1,1823,26.1,131,0,11.200000000000045,0.9924242424242424,47580.3,92688.89
0,298.9,310.1,1491,45.3,133,0,11.200000000000045,0.9925373134328358,67542.3,92688.89
1,298.9,310.2,1533,42.8,138,0,11.300000000000011,0.9928057553956835,65612.4,92718.77999999998
1,298.9,310.2,1409,54.8,140,0,11.300000000000011,0.9929078014184397,77213.2,92718.77999999998
1,298.9,310.2,2737,8.8,142,1,11.300000000000011,0.993006993006993,24085.600000000002,92718.77999999998
2,299.0,310.3,1494,46.6,144,0,11.300000000000011,0.993103448275862,69620.40000000001,92779.7
1,299.1,310.4,1594,33.3,147,0,11.299999999999955,0.9932432432432432,53080.2,92840.64
1,299.1,310.4,1527,44.0,149,0,11.299999999999955,0.9933333333333333,67188.0,92840.64
1,299.1,310.4,1452,39.7,151,0,11.299999999999955,0.993421052631579,57644.4,92840.64
1,299.0,310.3,1483,39.2,153,0,11.300000000000011,0.9935064935064936,58133.600000000006,92779.7
1,299.1,310.2,1569,38.2,155,0,11.099999999999966,0.9935897435897436,59935.8,92780.82
1,299.1,310.3,1472,46.6,157,0,11.199999999999989,0.9936708860759493,68595.2,92810.73000000001
1,299.0,310.2,1533,43.5,159,0,11.199999999999989,0.99375,66685.5,92749.8
0,298.9,310.1,1366,62.7,161,0,11.200000000000045,0.9938271604938271,85648.2,92688.89
0,298.9,310.2,1532,37.7,166,0,11.300000000000011,0.9940119760479041,57756.4,92718.77999999998
2,298.9,310.1,1313,56.8,171,0,11.200000000000045,0.9941860465116279,74578.4,92688.89
1,299.0,310.2,1372,48.0,174,0,11.199999999999989,0.9942857142857143,65856.0,92749.8
2,298.9,310.1,1555,40.6,176,0,11.200000000000045,0.9943502824858758,63133.0,92688.89
1,298.9,310.1,1394,42.7,179,0,11.200000000000045,0.9944444444444445,59523.8,92688.89
1,298.9,310.1,1442,48.0,181,0,11.200000000000045,0.9945054945054945,69216.0,92688.89
1,298.9,310.0,1564,33.8,183,0,11.100000000000023,0.9945652173913043,52863.2,92659.0
1,298.9,310.0,1452,48.9,185,0,11.100000000000023,0.9946236559139785,71002.8,92659.0
1,298.9,310.1,1466,42.5,187,0,11.200000000000045,0.9946808510638298,62305.0,92688.89
2,298.9,310.1,1469,53.2,189,0,11.200000000000045,0.9947368421052631,78150.8,92688.89
1,298.9,310.1,1944,23.4,192,0,11.200000000000045,0.9948186528497409,45489.6,92688.89
2,298.8,309.9,1415,53.2,194,0,11.099999999999966,0.9948717948717949,75278.0,92598.12
2,298.7,309.8,1528,36.7,197,0,11.100000000000023,0.9949494949494949,56077.600000000006,92537.26
2,298.7,309.8,1570,42.1,200,0,11.100000000000023,0.9950248756218906,66097.0,92537.26
1,298.7,309.9,1617,33.0,203,0,11.199999999999989,0.9950980392156863,53361.0,92567.12999999999
2,298.7,309.9,2083,18.2,205,0,11.199999999999989,0.9951456310679612,37910.6,92567.12999999999
1,298.7,309.9,1541,38.5,208,0,11.199999999999989,0.9952153110047847,59328.5,92567.12999999999
1,298.8,309.9,1320,47.4,210,0,11.099999999999966,0.995260663507109,62568.0,92598.12
1,298.7,309.8,1354,53.3,212,1,11.100000000000023,0.9953051643192489,72168.2,92537.26
2,298.8,309.9,1495,35.2,214,0,11.099999999999966,0.9953488372093023,52624.00000000001,92598.12
1,298.7,309.8,1589,31.8,217,0,11.100000000000023,0.9954128440366973,50530.200000000004,92537.26
1,298.7,309.8,1530,35.5,0,0,11.100000000000023,0.0,54315.0,92537.26
1,298.7,309.8,1539,33.4,2,0,11.100000000000023,0.6666666666666666,51402.6,92537.26
1,298.7,309.7,1462,46.8,4,0,11.0,0.8,68421.59999999999,92507.39
1,298.6,309.7,1356,54.0,6,0,11.099999999999966,0.8571428571428571,73224.0,92476.42
2,298.7,309.7,1622,34.6,8,0,11.0,0.8888888888888888,56121.200000000004,92507.39
1,298.7,309.8,1394,40.3,11,0,11.100000000000023,0.9166666666666666,56178.2,92537.26
1,298.8,309.9,1568,33.7,13,0,11.099999999999966,0.9285714285714286,52841.600000000006,92598.12
2,298.9,310.0,1456,43.8,15,0,11.100000000000023,0.9375,63772.799999999996,92659.0
1,298.9,310.0,1378,49.3,18,0,11.100000000000023,0.9473684210526315,67935.4,92659.0
2,298.9,309.9,1404,41.4,20,0,11.0,0.9523809523809523,58125.6,92629.10999999999
1,298.8,309.8,1437,42.8,23,0,11.0,0.9583333333333334,61503.6,92568.24
1,298.8,309.8,1363,44.0,25,0,11.0,0.9615384615384616,59972.0,92568.24
2,298.8,309.8,1377,49.6,27,0,11.0,0.9642857142857143,68299.2,92568.24
0,298.8,309.9,1526,42.1,30,0,11.099999999999966,0.967741935483871,64244.6,92598.12
0,298.8,309.8,1510,44.2,35,0,11.0,0.9722222222222222,66742.0,92568.24
0,298.8,309.9,1439,45.2,40,1,11.099999999999966,0.975609756097561,65042.8,92598.12
1,298.8,309.9,1482,39.1,45,0,11.099999999999966,0.9782608695652174,57946.200000000004,92598.12
2,298.8,309.8,1534,37.0,47,0,11.0,0.9791666666666666,56758.0,92568.24
2,298.8,309.9,1741,27.7,50,0,11.099999999999966,0.9803921568627451,48225.7,92598.12
1,298.8,309.9,1550,38.8,53,0,11.099999999999966,0.9814814814814815,60139.99999999999,92598.12
2,298.8,310.0,1486,38.5,55,0,11.199999999999989,0.9821428571428571,57211.0,92628.0
1,298.9,310.1,1602,38.2,58,0,11.200000000000045,0.9830508474576272,61196.4,92688.89
1,299.0,310.2,1477,37.9,60,0,11.199999999999989,0.9836065573770492,55978.299999999996,92749.8
1,299.0,310.1,1618,29.2,62,0,11.100000000000023,0.9841269841269841,47245.6,92719.90000000001
2,299.0,310.2,1628,35.8,64,0,11.199999999999989,0.9846153846153847,58282.399999999994,92749.8
2,299.0,310.3,1662,33.6,67,0,11.300000000000011,0.9852941176470589,55843.200000000004,92779.7
2,299.0,310.3,1657,31.0,70,0,11.300000000000011,0.9859154929577465,51367.0,92779.7
0,299.0,310.4,1677,30.8,73,0,11.399999999999977,0.9864864864864865,51651.6,92809.59999999999
2,299.0,310.3,1447,39.9,78,0,11.300000000000011,0.9873417721518988,57735.299999999996,92779.7
1,298.9,310.4,1831,25.4,81,0,11.5,0.9878048780487805,46507.399999999994,92778.55999999998
1,299.0,310.3,1584,34.4,83,0,11.300000000000011,0.9880952380952381,54489.6,92779.7
1,299.1,310.4,1450,40.9,85,0,11.299999999999955,0.9883720930232558,59305.0,92840.64
1,299.1,310.4,1428,46.9,87,0,11.299999999999955,0.9886363636363636,66973.2,92840.64
1,299.0,310.4,1382,53.0,89,0,11.399999999999977,0.9888888888888889,73246.0,92809.59999999999
1,299.0,310.3,1501,43.0,91,0,11.300000000000011,0.9891304347826086,64543.0,92779.7
1,299.0,310.3,1475,42.4,93,0,11.300000000000011,0.9893617021276596,62540.0,92779.7
1,298.9,310.3,1364,54.0,95,0,11.400000000000034,0.9895833333333334,73656.0,92748.67
1,299.0,310.3,1472,36.1,97,0,11.300000000000011,0.9897959183673469,53139.200000000004,92779.7
1,299.0,310.3,1437,47.8,99,0,11.300000000000011,0.99,68688.59999999999,92779.7
1,298.9,310.2,1491,45.1,101,0,11.300000000000011,0.9901960784313726,67244.1,92718.77999999998
1,298.9,310.2,1706,27.6,103,0,11.300000000000011,0.9903846153846154,47085.600000000006,92718.77999999998
1,298.8,310.1,1607,39.5,105,0,11.300000000000011,0.9905660377358491,63476.5,92657.88
1,298.8,310.0,1412,46.3,107,0,11.199999999999989,0.9907407407407407,65375.6,92628.0
1,298.7,309.8,1546,40.9,109,0,11.100000000000023,0.990909090909091,63231.399999999994,92537.26
1,298.7,309.8,1365,50.5,111,0,11.100000000000023,0.9910714285714286,68932.5,92537.26
1,298.6,309.8,1544,30.2,113,0,11.199999999999989,0.9912280701754386,46628.799999999996,92506.28000000001
2,298.6,309.8,1419,44.9,115,0,11.199999999999989,0.9913793103448276,63713.1,92506.28000000001
1,298.6,309.8,1497,41.6,118,0,11.199999999999989,0.9915966386554622,62275.200000000004,92506.28000000001
1,298.5,309.7,1437,42.6,120,0,11.199999999999989,0.9917355371900827,61216.200000000004,92445.45
1,298.5,309.6,1421,53.6,122,0,11.100000000000023,0.991869918699187,76165.6,92415.6
2,298.5,309.6,1438,44.5,124,0,11.100000000000023,0.992,63991.0,92415.6
2,298.5,309.5,1315,48.9,127,0,11.0,0.9921875,64303.5,92385.75
2,298.5,309.5,1366,61.9,130,0,11.0,0.9923664122137404,84555.4,92385.75
2,298.4,309.5,1519,35.4,133,0,11.100000000000023,0.9925373134328358,53772.6,92354.79999999999
1,298.4,309.5,1692,28.3,136,0,11.100000000000023,0.9927007299270073,47883.6,92354.79999999999
1,298.3,309.4,1570,35.6,138,0,11.099999999999966,0.9928057553956835,55892.0,92294.01999999999
1,298.3,309.4,1568,35.8,140,0,11.099999999999966,0.9929078014184397,56134.399999999994,92294.01999999999
1,298.2,309.3,1355,43.8,142,0,11.100000000000023,0.993006993006993,59348.99999999999,92233.26
2,298.2,309.3,2056,18.7,144,0,11.100000000000023,0.993103448275862,38447.2,92233.26
2,298.2,309.2,1332,60.2,147,0,11.0,0.9932432432432432,80186.40000000001,92203.43999999999
2,298.1,309.1,1448,52.5,150,0,11.0,0.9933774834437086,76020.0,92142.71000000002
1,298.0,308.9,1578,35.6,153,0,10.899999999999977,0.9935064935064936,56176.8,92052.2
2,298.0,309.0,1562,39.2,155,0,11.0,0.9935897435897436,61230.4,92082.0
2,298.1,309.0,1976,19.3,158,0,10.899999999999977,0.9937106918238994,38136.8,92112.90000000001
2,298.2,309.2,1524,34.6,161,0,11.0,0.9938271604938271,52730.4,92203.43999999999
1,298.2,309.1,1429,48.5,164,0,10.900000000000034,0.9939393939393939,69306.5,92173.62000000001
1,298.2,309.1,1568,36.3,166,0,10.900000000000034,0.9940119760479041,56918.399999999994,92173.62000000001
2,298.2,309.0,1723,26.6,168,0,10.800000000000011,0.9940828402366864,45831.8,92143.8
1,298.2,309.0,1341,43.8,171,0,10.800000000000011,0.9941860465116279,58735.799999999996,92143.8
2,298.1,308.9,1353,46.2,173,0,10.799999999999955,0.9942528735632183,62508.600000000006,92083.09
2,298.0,308.7,1479,58.5,176,1,10.699999999999989,0.9943502824858758,86521.5,91992.59999999999
1,298.0,308.8,1496,44.9,179,0,10.800000000000011,0.9944444444444445,67170.4,92022.40000000001
2,298.0,308.7,1377,48.5,181,0,10.699999999999989,0.9945054945054945,66784.5,91992.59999999999
0,297.9,308.5,1383,44.6,184,0,10.600000000000023,0.9945945945945946,61681.8,91902.15
1,298.0,308.7,1268,69.4,189,1,10.699999999999989,0.9947368421052631,87999.20000000001,91992.59999999999
1,298.0,308.7,1629,34.3,191,0,10.699999999999989,0.9947916666666666,55874.7,91992.59999999999
1,298.0,308.8,1790,27.2,193,0,10.800000000000011,0.9948453608247423,48688.0,92022.40000000001
2,298.1,308.8,2206,16.3,195,0,10.699999999999989,0.9948979591836735,35957.8,92053.28000000001
2,298.0,308.7,2101,17.4,198,0,10.699999999999989,0.9949748743718593,36557.399999999994,91992.59999999999
2,298.0,308.7,1436,48.2,201,0,10.699999999999989,0.995049504950495,69215.2,91992.59999999999
1,298.0,308.7,1462,48.2,204,0,10.699999999999989,0.9951219512195122,70468.40000000001,91992.59999999999
1,298.0,308.7,1771,26.2,206,0,10.699999999999989,0.9951690821256038,46400.2,91992.59999999999
1,298.0,308.7,1506,47.0,208,0,10.699999999999989,0.9952153110047847,70782.0,91992.59999999999
1,298.0,308.7,1626,36.7,210,0,10.699999999999989,0.995260663507109,59674.200000000004,91992.59999999999
1,298.0,308.8,1610,33.7,212,0,10.800000000000011,0.9953051643192489,54257.00000000001,92022.40000000001
2,298.0,308.6,1376,55.7,214,0,10.600000000000023,0.9953488372093023,76643.2,91962.8
2,298.0,308.6,1507,37.3,217,0,10.600000000000023,0.9954128440366973,56211.1,91962.8
1,298.0,308.5,1429,37.7,220,1,10.5,0.995475113122172,53873.3,91933.0
2,298.1,308.7,1547,38.9,0,0,10.599999999999966,0.0,60178.299999999996,92023.47
1,298.1,308.7,1642,30.3,3,0,10.599999999999966,0.75,49752.6,92023.47
0,298.0,308.7,1503,36.3,5,0,10.699999999999989,0.8333333333333334,54558.899999999994,91992.59999999999
1,298.1,308.7,1568,32.9,10,0,10.599999999999966,0.9090909090909091,51587.2,92023.47
2,298.1,308.8,1628,37.6,12,0,10.699999999999989,0.9230769230769231,61212.8,92053.28000000001
2,298.2,308.9,1614,35.5,15,0,10.699999999999989,0.9375,57297.0,92113.98
1,298.2,308.9,1278,54.0,18,0,10.699999999999989,0.9473684210526315,69012.0,92113.98
2,298.2,308.9,1408,38.8,20,0,10.699999999999989,0.9523809523809523,54630.399999999994,92113.98
0,298.2,309.0,1371,55.7,23,0,10.800000000000011,0.9583333333333334,76364.7,92143.8
2,298.2,308.9,1512,38.5,28,0,10.699999999999989,0.9655172413793104,58212.0,92113.98
1,298.3,309.1,1472,40.1,31,0,10.800000000000011,0.96875,59027.200000000004,92204.53000000001
2,298.2,308.9,1585,34.3,33,0,10.699999999999989,0.9705882352941176,54365.49999999999,92113.98
0,298.2,309.0,1562,37.7,36,0,10.800000000000011,0.972972972972973,58887.4,92143.8
1,298.3,309.0,1519,36.9,41,0,10.699999999999989,0.9761904761904762,56051.1,92174.7
1,298.2,309.0,1601,35.8,43,0,10.800000000000011,0.9772727272727273,57315.799999999996,92143.8
1,298.2,309.0,2449,13.8,45,0,10.800000000000011,0.9782608695652174,33796.200000000004,92143.8
1,298.1,309.0,1787,27.6,47,0,10.899999999999977,0.9791666666666666,49321.200000000004,92112.90000000001
0,298.1,309.1,1425,44.5,49,0,11.0,0.98,63412.5,92142.71000000002
1,298.1,309.0,1559,34.0,54,0,10.899999999999977,0.9818181818181818,53006.0,92112.90000000001
1,298.1,309.0,1557,36.0,56,0,10.899999999999977,0.9824561403508771,56052.0,92112.90000000001
1,298.1,309.0,1497,40.5,58,0,10.899999999999977,0.9830508474576272,60628.5,92112.90000000001
0,298.1,309.0,1438,41.4,60,0,10.899999999999977,0.9836065573770492,59533.2,92112.90000000001
2,298.1,308.9,1417,39.2,65,0,10.799999999999955,0.9848484848484849,55546.4,92083.09
2,298.0,308.9,1339,51.4,68,0,10.899999999999977,0.9855072463768116,68824.59999999999,92052.2
1,298.0,308.8,1757,29.1,71,0,10.800000000000011,0.9861111111111112,51128.700000000004,92022.40000000001
1,298.0,308.8,1581,36.1,73,0,10.800000000000011,0.9864864864864865,57074.100000000006,92022.40000000001
2,298.2,308.9,1326,54.4,75,0,10.699999999999989,0.9868421052631579,72134.4,92113.98
2,298.4,309.1,1467,39.6,78,0,10.700000000000045,0.9873417721518988,58093.200000000004,92235.44
1,298.4,309.1,1798,29.6,81,0,10.700000000000045,0.9878048780487805,53220.8,92235.44
2,298.5,309.2,1449,46.4,83,0,10.699999999999989,0.9880952380952381,67233.59999999999,92296.2
2,298.4,309.1,1525,39.3,86,0,10.700000000000045,0.9885057471264368,59932.49999999999,92235.44
1,298.4,309.0,2304,15.1,89,0,10.600000000000023,0.9888888888888889,34790.4,92205.59999999999
1,298.3,308.9,1379,54.7,91,0,10.599999999999966,0.9891304347826086,75431.3,92144.87
1,298.4,308.9,1628,34.9,93,0,10.5,0.9893617021276596,56817.2,92175.75999999998
1,298.4,309.0,1474,52.7,95,0,10.600000000000023,0.9895833333333334,77679.8,92205.59999999999
2,298.4,309.0,1544,38.8,97,0,10.600000000000023,0.9897959183673469,59907.2,92205.59999999999
1,298.4,308.9,1391,48.4,100,0,10.5,0.9900990099009901,67324.4,92175.75999999998
1,298.3,308.9,1348,55.5,102,0,10.599999999999966,0.9902912621359223,74814.0,92144.87
2,298.3,308.8,1349,52.1,104,0,10.5,0.9904761904761905,70282.90000000001,92115.04000000001
1,298.4,308.9,1706,29.5,107,0,10.5,0.9907407407407407,50327.0,92175.75999999998
1,298.4,308.9,1638,32.4,109,0,10.5,0.990909090909091,53071.2,92175.75999999998
1,298.4,308.8,1458,40.1,111,0,10.400000000000034,0.9910714285714286,58465.8,92145.92
1,298.5,308.9,1781,27.8,113,0,10.399999999999977,0.9912280701754386,49511.8,92206.65
1,298.5,308.8,1332,59.1,115,0,10.300000000000011,0.9913793103448276,78721.2,92176.8
2,298.4,308.7,1584,31.7,117,0,10.300000000000011,0.9915254237288136,50212.799999999996,92116.07999999999
1,298.4,308.6,1491,42.0,120,0,10.200000000000045,0.9917355371900827,62622.0,92086.24
0,298.4,308.5,1398,47.1,122,0,10.100000000000023,0.991869918699187,65845.8,92056.4
1,298.3,308.4,1585,30.6,127,0,10.099999999999966,0.9921875,48501.0,91995.72
2,298.2,308.3,1476,43.5,129,0,10.100000000000023,0.9923076923076923,64206.0,91935.06
1,298.2,308.3,1458,41.8,132,0,10.100000000000023,0.9924812030075187,60944.399999999994,91935.06
2,298.2,308.4,1510,39.9,134,0,10.199999999999989,0.9925925925925926,60249.0,91964.87999999999
1,298.2,308.4,1388,53.8,137,0,10.199999999999989,0.9927536231884058,74674.4,91964.87999999999
1,298.2,308.3,2216,16.8,139,0,10.100000000000023,0.9928571428571429,37228.8,91935.06
1,298.2,308.3,1402,51.0,141,0,10.100000000000023,0.9929577464788732,71502.0,91935.06
2,298.0,308.2,2090,19.0,143,0,10.199999999999989,0.9930555555555556,39710.0,91843.59999999999
1,298.0,308.2,1459,42.1,146,0,10.199999999999989,0.9931972789115646,61423.9,91843.59999999999
2,298.0,308.1,1403,44.8,148,0,10.100000000000023,0.9932885906040269,62854.399999999994,91813.8
1,298.1,308.2,1521,39.3,151,0,10.099999999999966,0.993421052631579,59775.299999999996,91874.42
1,298.2,308.2,1407,47.1,153,0,10.0,0.9935064935064936,66269.7,91905.23999999999
2,298.1,308.2,1654,35.3,155,0,10.099999999999966,0.9935897435897436,58386.2,91874.42
1,298.2,308.4,1452,43.5,158,0,10.199999999999989,0.9937106918238994,63162.0,91964.87999999999
1,298.3,308.4,1528,37.3,160,0,10.099999999999966,0.9937888198757764,56994.399999999994,91995.72
1,298.2,308.3,1230,59.6,162,0,10.100000000000023,0.9938650306748467,73308.0,91935.06
1,298.2,308.2,1466,42.4,164,0,10.0,0.9939393939393939,62158.4,91905.23999999999
1,298.2,308.2,1478,50.1,166,0,10.0,0.9940119760479041,74047.8,91905.23999999999
1,298.2,308.3,2057,18.0,168,0,10.100000000000023,0.9940828402366864,37026.0,91935.06
1,298.3,308.4,1490,41.7,170,0,10.099999999999966,0.9941520467836257,62133.00000000001,91995.72
1,298.3,308.4,1484,43.4,172,0,10.099999999999966,0.9942196531791907,64405.6,91995.72
1,298.3,308.4,1593,37.0,174,0,10.099999999999966,0.9942857142857143,58941.0,91995.72
1,298.3,308.3,1444,43.8,176,0,10.0,0.9943502824858758,63247.2,91965.89000000001
2,298.3,308.4,1444,47.5,178,0,10.099999999999966,0.994413407821229,68590.0,91995.72
2,298.2,308.3,1560,33.0,181,0,10.100000000000023,0.9945054945054945,51480.0,91935.06
0,298.1,308.3,1530,42.0,184,0,10.199999999999989,0.9945945945945946,64260.0,91904.23000000001
1,298.2,308.4,1310,61.0,189,1,10.199999999999989,0.9947368421052631,79910.0,91964.87999999999
2,298.2,308.3,1639,33.3,191,0,10.100000000000023,0.9947916666666666,54578.7,91935.06
1,298.2,308.3,1400,48.7,194,0,10.100000000000023,0.9948717948717949,68180.0,91935.06
2,298.3,308.4,1486,44.2,196,0,10.099999999999966,0.9949238578680203,65681.2,91995.72
2,298.2,308.3,1448,43.3,199,0,10.100000000000023,0.995,62698.399999999994,91935.06
1,298.2,308.3,1688,32.0,202,0,10.100000000000023,0.9950738916256158,54016.0,91935.06
2,298.1,308.3,1453,41.5,204,0,10.199999999999989,0.9951219512195122,60299.5,91904.23000000001
1,298.2,308.4,1497,37.7,207,0,10.199999999999989,0.9951923076923077,56436.9,91964.87999999999
1,298.2,308.4,1355,49.4,209,0,10.199999999999989,0.9952380952380953,66937.0,91964.87999999999
1,298.1,308.4,1592,38.2,211,0,10.299999999999955,0.9952830188679245,60814.4,91934.04
1,298.0,308.3,1544,34.7,213,0,10.300000000000011,0.9953271028037384,53576.8,91873.40000000001
2,298.0,308.2,1373,51.2,215,0,10.199999999999989,0.9953703703703703,70297.6,91843.59999999999
1,298.0,308.2,1365,52.9,218,1,10.199999999999989,0.9954337899543378,72208.5,91843.59999999999
1,298.0,308.1,1877,24.3,0,0,10.100000000000023,0.0,45611.1,91813.8
1,297.9,308.1,1531,40.8,2,0,10.200000000000045,0.6666666666666666,62464.799999999996,91782.99
1,297.9,308.0,1501,36.7,4,0,10.100000000000023,0.8,55086.700000000004,91753.2
1,297.9,308.0,1490,46.2,6,0,10.100000000000023,0.8571428571428571,68838.0,91753.2
2,297.8,307.8,1543,43.7,8,0,10.0,0.8888888888888888,67429.1,91662.84000000001
1,297.8,307.8,1597,38.2,11,0,10.0,0.9166666666666666,61005.4,91662.84000000001
0,297.8,307.9,1600,33.5,13,0,10.099999999999966,0.9285714285714286,53600.0,91692.62
2,297.8,307.8,1622,32.1,18,0,10.0,0.9473684210526315,52066.200000000004,91662.84000000001
1,297.8,307.8,1452,39.8,21,0,10.0,0.9545454545454546,57789.6,91662.84000000001
1,297.8,307.8,1396,42.5,23,0,10.0,0.9583333333333334,59330.0,91662.84000000001
1,297.8,307.7,1505,39.7,25,0,9.899999999999977,0.9615384615384616,59748.50000000001,91633.06
1,297.8,307.8,1412,48.3,27,0,10.0,0.9642857142857143,68199.59999999999,91662.84000000001
1,297.8,307.7,1393,38.0,29,0,9.899999999999977,0.9666666666666667,52934.0,91633.06
1,297.7,307.7,1581,34.9,31,0,10.0,0.96875,55176.899999999994,91602.29
1,297.8,307.8,1573,37.9,33,0,10.0,0.9705882352941176,59616.7,91662.84000000001
2,297.8,307.9,1726,27.3,35,0,10.099999999999966,0.9722222222222222,47119.8,91692.62
2,297.9,307.9,1540,39.8,38,0,10.0,0.9743589743589743,61291.99999999999,91723.40999999999
1,297.9,308.0,1296,62.9,41,0,10.100000000000023,0.9761904761904762,81518.4,91753.2
2,297.8,307.9,1802,25.8,43,0,10.099999999999966,0.9772727272727273,46491.6,91692.62
1,297.8,307.9,1447,48.6,46,0,10.099999999999966,0.9787234042553191,70324.2,91692.62
0,297.8,307.8,1662,30.7,48,0,10.0,0.9795918367346939,51023.4,91662.84000000001
1,297.8,307.8,1563,34.3,53,0,10.0,0.9814814814814815,53610.899999999994,91662.84000000001
1,297.9,307.8,1286,59.5,55,0,9.900000000000034,0.9821428571428571,76517.0,91693.62
1,297.9,307.7,1590,34.6,57,0,9.800000000000011,0.9827586206896551,55014.0,91663.82999999999
1,297.9,307.7,1492,43.7,59,0,9.800000000000011,0.9833333333333333,65200.4,91663.82999999999
1,297.7,307.6,1844,21.9,61,0,9.900000000000034,0.9838709677419355,40383.6,91572.52
0,297.7,307.6,1538,38.3,63,0,9.900000000000034,0.984375,58905.399999999994,91572.52
1,297.7,307.6,1921,22.9,68,0,9.900000000000034,0.9855072463768116,43990.899999999994,91572.52
2,297.8,307.8,1310,57.9,70,0,10.0,0.9859154929577465,75849.0,91662.84000000001
1,297.9,307.8,1365,46.9,73,0,9.900000000000034,0.9864864864864865,64018.5,91693.62
2,297.9,307.8,1303,59.3,75,0,9.900000000000034,0.9868421052631579,77267.9,91693.62
1,297.9,307.8,1499,37.5,78,0,9.900000000000034,0.9873417721518988,56212.5,91693.62
1,297.9,307.8,1451,38.2,80,0,9.900000000000034,0.9876543209876543,55428.200000000004,91693.62
2,297.9,307.9,1336,54.4,82,0,10.0,0.9879518072289156,72678.4,91723.40999999999
1,297.9,307.9,1412,44.5,85,0,10.0,0.9883720930232558,62834.0,91723.40999999999
1,298.0,308.0,1433,39.2,87,0,10.0,0.9886363636363636,56173.600000000006,91784.0
1,297.9,307.9,1426,43.6,89,0,10.0,0.9888888888888889,62173.6,91723.40999999999
1,297.9,307.9,1476,45.2,91,0,10.0,0.9891304347826086,66715.2,91723.40999999999
0,297.9,307.9,1406,58.5,93,0,10.0,0.9893617021276596,82251.0,91723.40999999999
1,297.8,307.8,1383,56.5,98,0,10.0,0.98989898989899,78139.5,91662.84000000001
1,297.9,307.8,1505,37.3,100,0,9.900000000000034,0.9900990099009901,56136.49999999999,91693.62
1,297.9,307.8,1665,33.9,102,0,9.900000000000034,0.9902912621359223,56443.5,91693.62
1,297.9,307.8,1397,45.0,104,0,9.900000000000034,0.9904761904761905,62865.0,91693.62
2,297.9,307.8,1450,43.5,106,0,9.900000000000034,0.9906542056074766,63075.0,91693.62
1,298.0,307.8,1567,36.4,109,0,9.800000000000011,0.990909090909091,57038.799999999996,91724.40000000001
2,298.0,308.0,1555,37.0,111,0,10.0,0.9910714285714286,57535.0,91784.0
0,298.0,307.8,1588,35.4,114,0,9.800000000000011,0.991304347826087,56215.2,91724.40000000001
1,298.0,307.8,1453,37.7,119,0,9.800000000000011,0.9916666666666667,54778.100000000006,91724.40000000001
1,298.0,307.8,1622,33.3,121,0,9.800000000000011,0.9918032786885246,54012.6,91724.40000000001
1,297.9,307.8,1538,38.5,123,0,9.900000000000034,0.9919354838709677,59213.0,91693.62
2,297.9,307.7,1527,42.8,125,0,9.800000000000011,0.9920634920634921,65355.6,91663.82999999999
1,297.8,307.8,1761,28.9,128,0,10.0,0.9922480620155039,50892.899999999994,91662.84000000001
1,297.9,307.8,1373,50.2,130,0,9.900000000000034,0.9923664122137404,68924.6,91693.62
0,298.0,307.9,1482,37.8,132,0,9.899999999999977,0.9924812030075187,56019.6,91754.2
2,298.0,307.9,1417,51.0,137,0,9.899999999999977,0.9927536231884058,72267.0,91754.2
1,298.0,307.8,1414,51.7,140,0,9.800000000000011,0.9929078014184397,73103.8,91724.40000000001
0,297.9,307.8,1635,34.0,142,0,9.900000000000034,0.993006993006993,55590.0,91693.62
1,298.0,307.8,1386,57.3,147,0,9.800000000000011,0.9932432432432432,79417.8,91724.40000000001
1,298.2,308.1,1379,62.3,149,0,9.900000000000034,0.9933333333333333,85911.7,91875.42
2,298.2,308.0,1577,35.9,151,0,9.800000000000011,0.993421052631579,56614.299999999996,91845.59999999999
1,298.2,308.1,1532,42.5,154,0,9.900000000000034,0.9935483870967742,65110.0,91875.42
2,298.1,308.0,1374,48.8,156,0,9.899999999999977,0.9936305732484076,67051.2,91814.8
0,298.1,308.0,1570,35.3,159,0,9.899999999999977,0.99375,55420.99999999999,91814.8
1,298.1,308.0,1697,31.0,164,0,9.899999999999977,0.9939393939393939,52607.0,91814.8
1,298.2,308.0,1499,44.1,166,0,9.800000000000011,0.9940119760479041,66105.90000000001,91845.59999999999
2,298.2,308.0,1411,47.2,168,0,9.800000000000011,0.9940828402366864,66599.2,91845.59999999999
0,298.2,307.9,1462,45.5,171,0,9.699999999999989,0.9941860465116279,66521.0,91815.77999999998
2,298.1,307.9,1759,28.6,176,0,9.799999999999955,0.9943502824858758,50307.4,91784.99
1,298.2,308.0,1535,38.0,179,0,9.800000000000011,0.9944444444444445,58330.0,91845.59999999999
0,298.2,307.9,1491,39.7,181,0,9.699999999999989,0.9945054945054945,59192.700000000004,91815.77999999998
1,298.2,307.9,1551,36.0,186,0,9.699999999999989,0.9946524064171123,55836.0,91815.77999999998
1,298.2,307.9,1769,27.2,188,0,9.699999999999989,0.9947089947089947,48116.799999999996,91815.77999999998
1,298.2,307.9,1551,34.1,190,0,9.699999999999989,0.9947643979057592,52889.100000000006,91815.77999999998
1,298.2,307.9,1544,31.4,192,0,9.699999999999989,0.9948186528497409,48481.6,91815.77999999998
1,298.2,307.8,1528,31.1,194,0,9.600000000000023,0.9948717948717949,47520.8,91785.96
1,298.1,307.9,1614,35.8,196,0,9.799999999999955,0.9949238578680203,57781.2,91784.99
1,298.1,307.8,1432,49.8,198,0,9.699999999999989,0.9949748743718593,71313.59999999999,91755.18000000001
2,298.1,307.8,1384,43.7,200,0,9.699999999999989,0.9950248756218906,60480.8,91755.18000000001
1,298.1,307.8,1540,37.8,203,0,9.699999999999989,0.9950980392156863,58211.99999999999,91755.18000000001
1,298.0,307.7,1407,43.9,205,0,9.699999999999989,0.9951456310679612,61767.299999999996,91694.59999999999
0,297.9,307.6,1418,43.0,207,0,9.700000000000045,0.9951923076923077,60974.0,91634.04
2,297.9,307.5,1647,30.8,212,0,9.600000000000023,0.9953051643192489,50727.6,91604.25
1,298.0,307.5,1644,32.8,215,0,9.5,0.9953703703703703,53923.2,91635.0
1,298.0,307.5,1792,27.9,217,0,9.5,0.9954128440366973,49996.799999999996,91635.0
2,297.9,307.4,1610,34.6,219,0,9.5,0.9954545454545455,55706.0,91574.45999999999
2,297.8,307.3,1804,26.0,222,0,9.5,0.9955156950672646,46904.0,91513.94
0,297.9,307.4,1604,36.1,225,1,9.5,0.995575221238938,57904.4,91574.45999999999
2,297.9,307.4,1403,52.8,0,0,9.5,0.0,74078.4,91574.45999999999
1,297.8,307.3,1438,44.5,3,0,9.5,0.75,63991.0,91513.94
1,297.9,307.3,1824,26.3,5,0,9.400000000000034,0.8333333333333334,47971.200000000004,91544.67
0,297.9,307.3,1663,28.7,7,0,9.400000000000034,0.875,47728.1,91544.67
1,297.9,307.3,1502,36.7,12,0,9.400000000000034,0.9230769230769231,55123.4,91544.67
1,297.9,307.4,1606,35.5,14,0,9.5,0.9333333333333333,57013.0,91574.45999999999
1,297.9,307.5,1561,37.7,16,0,9.600000000000023,0.9411764705882353,58849.700000000004,91604.25
2,297.9,307.4,1435,42.9,18,0,9.5,0.9473684210526315,61561.5,91574.45999999999
1,297.9,307.5,1602,38.3,21,0,9.600000000000023,0.9545454545454546,61356.6,91604.25
2,298.1,307.6,1764,27.7,23,0,9.5,0.9583333333333334,48862.799999999996,91695.56000000001
0,298.0,307.5,1683,27.8,26,0,9.5,0.9629629629629629,46787.4,91635.0
1,298.0,307.5,1618,35.2,31,0,9.5,0.96875,56953.600000000006,91635.0
1,298.0,307.6,1509,41.6,33,0,9.600000000000023,0.9705882352941176,62774.4,91664.8
1,297.9,307.6,1550,39.0,35,0,9.700000000000045,0.9722222222222222,60450.0,91634.04
2,297.9,307.6,1519,44.0,37,0,9.700000000000045,0.9736842105263158,66836.0,91634.04
1,297.9,307.6,1481,38.0,40,0,9.700000000000045,0.975609756097561,56278.0,91634.04
1,298.1,307.7,1289,48.3,42,0,9.599999999999966,0.9767441860465116,62258.7,91725.37000000001
2,298.0,307.6,1844,23.8,44,0,9.600000000000023,0.9777777777777777,43887.200000000004,91664.8
1,298.0,307.7,1479,42.5,47,0,9.699999999999989,0.9791666666666666,62857.5,91694.59999999999
1,298.0,307.7,1430,47.3,49,0,9.699999999999989,0.98,67639.0,91694.59999999999
2,298.1,307.8,1636,36.7,51,0,9.699999999999989,0.9807692307692307,60041.200000000004,91755.18000000001
2,298.1,307.8,1503,44.7,54,0,9.699999999999989,0.9818181818181818,67184.1,91755.18000000001
2,298.1,307.8,1608,32.6,57,0,9.699999999999989,0.9827586206896551,52420.8,91755.18000000001
1,298.2,307.8,1521,42.9,60,0,9.600000000000023,0.9836065573770492,65250.9,91785.96
1,298.2,307.8,1439,41.6,62,0,9.600000000000023,0.9841269841269841,59862.4,91785.96
1,298.2,307.8,1627,31.5,64,0,9.600000000000023,0.9846153846153847,51250.5,91785.96
1,298.2,307.8,1749,26.1,66,0,9.600000000000023,0.9850746268656716,45648.9,91785.96
1,298.2,307.8,1530,35.9,68,0,9.600000000000023,0.9855072463768116,54927.0,91785.96
1,298.2,307.8,1355,51.3,70,0,9.600000000000023,0.9859154929577465,69511.5,91785.96
1,298.3,307.9,1551,33.8,72,0,9.599999999999966,0.9863013698630136,52423.799999999996,91846.56999999999
1,298.2,307.8,1515,46.7,74,0,9.600000000000023,0.9866666666666667,70750.5,91785.96
1,298.2,307.8,1388,48.6,76,0,9.600000000000023,0.987012987012987,67456.8,91785.96
1,298.2,307.8,1585,34.6,78,0,9.600000000000023,0.9873417721518988,54841.0,91785.96
1,298.1,307.7,1523,37.7,80,0,9.599999999999966,0.9876543209876543,57417.100000000006,91725.37000000001
1,298.2,307.6,1369,54.5,82,0,9.400000000000034,0.9879518072289156,74610.5,91726.32
2,298.2,307.7,1681,31.0,84,0,9.5,0.9882352941176471,52111.0,91756.14
1,298.2,307.7,1503,38.3,87,0,9.5,0.9886363636363636,57564.899999999994,91756.14
1,298.2,307.7,1459,44.5,89,0,9.5,0.9888888888888889,64925.5,91756.14
1,298.2,307.7,1688,32.4,91,0,9.5,0.9891304347826086,54691.2,91756.14
2,298.2,307.7,1952,21.6,93,0,9.5,0.9893617021276596,42163.200000000004,91756.14
1,298.2,307.8,2029,19.9,96,0,9.600000000000023,0.9896907216494846,40377.1,91785.96
2,298.3,307.8,1457,52.5,98,0,9.5,0.98989898989899,76492.5,91816.74
2,298.3,307.8,1392,50.4,101,0,9.5,0.9901960784313726,70156.8,91816.74
1,298.3,307.8,1906,22.1,104,0,9.5,0.9904761904761905,42122.600000000006,91816.74
2,298.3,307.7,1602,33.4,106,0,9.399999999999977,0.9906542056074766,53506.799999999996,91786.91
1,298.3,307.7,1465,49.4,109,0,9.399999999999977,0.990909090909091,72371.0,91786.91
2,298.3,307.7,1439,43.8,111,0,9.399999999999977,0.9910714285714286,63028.2,91786.91
2,298.3,307.8,1330,55.4,114,0,9.5,0.991304347826087,73682.0,91816.74
2,298.3,307.9,1485,42.0,117,0,9.599999999999966,0.9915254237288136,62370.0,91846.56999999999
0,298.4,307.9,1700,28.2,120,0,9.5,0.9917355371900827,47940.0,91877.35999999999
1,298.4,308.0,1515,42.8,125,0,9.600000000000023,0.9920634920634921,64841.99999999999,91907.2
2,298.5,308.1,1501,39.2,127,0,9.600000000000023,0.9921875,58839.200000000004,91967.85
1,298.4,308.0,1380,47.6,130,0,9.600000000000023,0.9923664122137404,65688.0,91907.2
1,298.4,307.9,1544,35.9,132,0,9.5,0.9924812030075187,55429.6,91877.35999999999
1,298.4,307.9,1743,27.3,134,0,9.5,0.9925925925925926,47583.9,91877.35999999999
0,298.4,307.9,1948,21.4,136,0,9.5,0.9927007299270073,41687.2,91877.35999999999
0,298.5,307.9,1260,54.2,141,0,9.399999999999977,0.9929577464788732,68292.0,91908.15
2,298.5,307.9,1640,33.1,146,0,9.399999999999977,0.9931972789115646,54284.0,91908.15
2,298.5,308.0,1363,49.2,149,0,9.5,0.9933333333333333,67059.6,91938.0
1,298.5,308.0,1379,49.6,152,0,9.5,0.9934640522875817,68398.40000000001,91938.0
2,298.5,308.0,1713,25.8,154,0,9.5,0.9935483870967742,44195.4,91938.0
2,298.5,308.0,1461,51.9,157,0,9.5,0.9936708860759493,75825.9,91938.0
1,298.5,308.0,1624,29.8,160,0,9.5,0.9937888198757764,48395.200000000004,91938.0
1,298.4,308.0,1526,41.1,162,0,9.600000000000023,0.9938650306748467,62718.6,91907.2
1,298.4,307.9,2381,14.2,164,0,9.5,0.9939393939393939,33810.2,91877.35999999999
0,298.4,307.7,1626,31.1,166,0,9.300000000000011,0.9940119760479041,50568.600000000006,91817.68
1,298.3,307.7,1576,33.8,171,0,9.399999999999977,0.9941860465116279,53268.799999999996,91786.91
2,298.4,307.8,1617,31.6,173,0,9.400000000000034,0.9942528735632183,51097.200000000004,91847.51999999999
1,298.3,307.6,1942,20.6,176,0,9.300000000000011,0.9943502824858758,40005.200000000004,91757.08000000002
1,298.2,307.6,1492,37.2,178,0,9.400000000000034,0.994413407821229,55502.4,91726.32
1,298.2,307.5,1470,51.3,180,0,9.300000000000011,0.994475138121547,75411.0,91696.5
2,298.0,307.4,1463,46.5,182,0,9.399999999999977,0.994535519125683,68029.5,91605.2
1,298.0,307.3,1424,46.5,185,0,9.300000000000011,0.9946236559139785,66216.0,91575.40000000001
2,298.1,307.4,1363,60.1,187,0,9.299999999999955,0.9946808510638298,81916.3,91635.94
2,298.1,307.4,1335,56.2,190,0,9.299999999999955,0.9947643979057592,75027.0,91635.94
1,298.1,307.4,1608,33.9,193,0,9.299999999999955,0.9948453608247423,54511.2,91635.94
0,298.0,307.4,1606,35.2,195,0,9.399999999999977,0.9948979591836735,56531.200000000004,91605.2
1,298.1,307.5,1684,33.1,200,0,9.399999999999977,0.9950248756218906,55740.4,91665.75
1,298.1,307.6,1950,20.3,202,0,9.5,0.9950738916256158,39585.0,91695.56000000001
0,298.2,307.6,1460,48.6,204,0,9.400000000000034,0.9951219512195122,70956.0,91726.32
1,298.2,307.6,1511,31.0,209,1,9.400000000000034,0.9952380952380953,46841.0,91726.32
0,298.2,307.6,1318,55.7,0,0,9.400000000000034,0.0,73412.6,91726.32
1,298.2,307.6,1368,51.8,5,0,9.400000000000034,0.8333333333333334,70862.4,91726.32
2,298.3,307.7,1717,27.1,7,0,9.399999999999977,0.875,46530.700000000004,91786.91
2,298.3,307.7,1520,41.4,10,0,9.399999999999977,0.9090909090909091,62928.0,91786.91
2,298.3,307.8,1485,42.0,13,0,9.5,0.9285714285714286,62370.0,91816.74
1,298.4,307.9,1981,23.2,16,0,9.5,0.9411764705882353,45959.2,91877.35999999999
0,298.4,307.9,1605,31.0,18,0,9.5,0.9473684210526315,49755.0,91877.35999999999
1,298.4,307.9,1446,45.3,23,0,9.5,0.9583333333333334,65503.799999999996,91877.35999999999
1,298.4,308.0,1508,47.9,25,0,9.600000000000023,0.9615384615384616,72233.2,91907.2
1,298.5,308.0,1384,59.5,27,0,9.5,0.9642857142857143,82348.0,91938.0
2,298.5,308.0,1519,37.3,29,0,9.5,0.9666666666666667,56658.7,91938.0
1,298.5,308.0,1404,48.1,32,0,9.5,0.9696969696969697,67532.40000000001,91938.0
1,298.5,308.1,1564,31.1,34,0,9.600000000000023,0.9714285714285714,48640.4,91967.85
0,298.6,308.2,1555,36.8,36,0,9.599999999999966,0.972972972972973,57223.99999999999,92028.52
1,298.6,308.2,1325,54.0,41,0,9.599999999999966,0.9761904761904762,71550.0,92028.52
2,298.6,308.2,1488,44.0,43,0,9.599999999999966,0.9772727272727273,65472.0,92028.52
1,298.5,308.2,1595,32.3,46,0,9.699999999999989,0.9787234042553191,51518.49999999999,91997.7
1,298.5,308.1,1662,28.6,48,0,9.600000000000023,0.9795918367346939,47533.200000000004,91967.85
1,298.4,308.0,1571,37.4,50,0,9.600000000000023,0.9803921568627451,58755.399999999994,91907.2
0,298.3,308.0,1553,41.0,52,0,9.699999999999989,0.9811320754716981,63673.0,91876.40000000001
1,298.3,308.0,2886,3.8,57,1,9.699999999999989,0.9827586206896551,10966.8,91876.40000000001
1,298.2,308.0,1538,38.2,59,0,9.800000000000011,0.9833333333333333,58751.600000000006,91845.59999999999
1,298.4,308.2,1618,33.0,61,0,9.800000000000011,0.9838709677419355,53394.0,91966.87999999999
1,298.4,308.2,1364,45.9,63,0,9.800000000000011,0.984375,62607.6,91966.87999999999
1,298.3,308.0,1442,47.3,65,0,9.699999999999989,0.9848484848484849,68206.59999999999,91876.40000000001
1,298.2,307.9,1313,67.3,67,1,9.699999999999989,0.9852941176470589,88364.9,91815.77999999998
1,298.2,307.9,1847,23.6,69,0,9.699999999999989,0.9857142857142858,43589.200000000004,91815.77999999998
1,298.1,307.8,1524,40.8,71,0,9.699999999999989,0.9861111111111112,62179.2,91755.18000000001
2,298.1,307.7,1445,48.0,73,0,9.599999999999966,0.9864864864864865,69360.0,91725.37000000001
1,298.1,307.8,1761,28.2,76,0,9.699999999999989,0.987012987012987,49660.2,91755.18000000001
2,298.1,307.8,1514,43.5,78,0,9.699999999999989,0.9873417721518988,65859.0,91755.18000000001
2,298.1,307.7,1498,38.3,81,0,9.599999999999966,0.9878048780487805,57373.399999999994,91725.37000000001
0,298.1,307.6,1542,37.1,84,0,9.5,0.9882352941176471,57208.200000000004,91695.56000000001
2,298.0,307.6,1508,41.8,89,0,9.600000000000023,0.9888888888888889,63034.399999999994,91664.8
2,298.0,307.5,1431,52.9,92,0,9.5,0.989247311827957,75699.9,91635.0
2,298.0,307.5,1427,45.1,95,0,9.5,0.9895833333333334,64357.700000000004,91635.0
2,298.0,307.5,1524,36.3,98,0,9.5,0.98989898989899,55321.2,91635.0
2,298.0,307.5,1427,43.6,101,0,9.5,0.9901960784313726,62217.200000000004,91635.0
0,298.1,307.6,1496,44.1,104,0,9.5,0.9904761904761905,65973.6,91695.56000000001
1,298.1,307.7,1388,40.3,109,0,9.599999999999966,0.990909090909091,55936.399999999994,91725.37000000001
1,298.1,307.7,1495,48.1,111,0,9.599999999999966,0.9910714285714286,71909.5,91725.37000000001
0,298.1,307.7,1376,56.2,113,0,9.599999999999966,0.9912280701754386,77331.2,91725.37000000001
0,298.0,307.6,1593,32.2,118,0,9.600000000000023,0.9915966386554622,51294.600000000006,91664.8
1,298.0,307.6,1654,28.9,123,0,9.600000000000023,0.9919354838709677,47800.6,91664.8
1,298.1,307.7,2567,12.8,125,1,9.599999999999966,0.9920634920634921,32857.6,91725.37000000001
1,298.1,307.7,1767,27.0,127,0,9.599999999999966,0.9921875,47709.0,91725.37000000001
1,298.1,307.6,1364,53.8,129,0,9.5,0.9923076923076923,73383.2,91695.56000000001
2,298.1,307.8,1569,31.2,131,0,9.699999999999989,0.9924242424242424,48952.799999999996,91755.18000000001
1,298.2,307.8,1476,36.8,134,0,9.600000000000023,0.9925925925925926,54316.799999999996,91785.96
1,298.1,307.7,1479,45.0,136,0,9.599999999999966,0.9927007299270073,66555.0,91725.37000000001
1,298.1,307.7,1650,34.1,138,0,9.599999999999966,0.9928057553956835,56265.0,91725.37000000001
2,298.1,307.6,1565,36.3,140,0,9.5,0.9929078014184397,56809.49999999999,91695.56000000001
1,298.1,307.6,1460,46.5,143,0,9.5,0.9930555555555556,67890.0,91695.56000000001
1,298.1,307.7,1664,27.6,145,0,9.599999999999966,0.9931506849315068,45926.4,91725.37000000001
2,298.1,307.7,1435,40.9,147,0,9.599999999999966,0.9932432432432432,58691.5,91725.37000000001
2,298.1,307.6,2066,19.2,150,0,9.5,0.9933774834437086,39667.2,91695.56000000001
1,298.1,307.5,1493,43.7,153,0,9.399999999999977,0.9935064935064936,65244.100000000006,91665.75
1,298.1,307.6,1354,43.3,155,0,9.5,0.9935897435897436,58628.2,91695.56000000001
1,298.1,307.6,1488,39.4,157,0,9.5,0.9936708860759493,58627.2,91695.56000000001
1,298.1,307.7,1414,48.7,159,0,9.599999999999966,0.99375,68861.8,91725.37000000001
1,298.1,307.5,1391,57.4,161,0,9.399999999999977,0.9938271604938271,79843.4,91665.75
2,298.0,307.5,1784,27.8,163,0,9.5,0.9939024390243902,49595.200000000004,91635.0
0,297.8,307.3,1516,40.1,166,0,9.5,0.9940119760479041,60791.6,91513.94
2,297.9,307.3,1420,47.8,171,0,9.400000000000034,0.9941860465116279,67876.0,91544.67
1,297.8,307.2,1351,56.3,174,0,9.399999999999977,0.9942857142857143,76061.3,91484.16
1,297.8,307.2,1880,23.0,176,0,9.399999999999977,0.9943502824858758,43240.0,91484.16
1,297.8,307.3,1859,24.0,178,0,9.5,0.994413407821229,44616.0,91513.94
2,297.8,307.3,1315,54.0,180,0,9.5,0.994475138121547,71010.0,91513.94
2,297.8,307.4,1330,51.7,183,0,9.599999999999966,0.9945652173913043,68761.0,91543.72
1,297.8,307.3,1327,61.0,186,1,9.5,0.9946524064171123,80947.0,91513.94
1,297.8,307.2,1498,38.1,188,0,9.399999999999977,0.9947089947089947,57073.8,91484.16
0,297.8,307.3,1555,35.8,190,0,9.5,0.9947643979057592,55668.99999999999,91513.94
1,297.7,307.2,1518,35.8,195,0,9.5,0.9948979591836735,54344.399999999994,91453.43999999999
1,297.7,307.2,1392,43.0,197,0,9.5,0.9949494949494949,59856.0,91453.43999999999
2,297.8,307.2,1456,39.6,199,0,9.399999999999977,0.995,57657.6,91484.16
1,297.7,307.1,1715,30.2,0,0,9.400000000000034,0.0,51793.0,91423.67
2,297.7,307.2,1405,43.7,2,0,9.5,0.6666666666666666,61398.50000000001,91453.43999999999
1,297.7,307.2,1668,37.8,5,0,9.5,0.8333333333333334,63050.399999999994,91453.43999999999
0,297.7,307.1,1855,22.5,7,0,9.400000000000034,0.875,41737.5,91423.67
1,297.6,307.1,1496,39.2,12,0,9.5,0.9230769230769231,58643.200000000004,91392.96000000002
2,297.6,307.1,1471,44.9,14,0,9.5,0.9333333333333333,66047.9,91392.96000000002
1,297.7,307.2,1444,40.0,17,0,9.5,0.9444444444444444,57760.0,91453.43999999999
0,297.7,307.3,1514,38.6,19,0,9.600000000000023,0.95,58440.4,91483.21
1,297.8,307.3,1412,50.7,24,0,9.5,0.96,71588.40000000001,91513.94
0,297.7,307.2,1429,44.1,26,0,9.5,0.9629629629629629,63018.9,91453.43999999999
1,297.7,307.2,1668,32.7,31,0,9.5,0.96875,54543.600000000006,91453.43999999999
2,297.7,307.2,1372,52.8,33,0,9.5,0.9705882352941176,72441.59999999999,91453.43999999999
2,297.7,307.3,1365,49.2,36,0,9.600000000000023,0.972972972972973,67158.0,91483.21
2,297.6,307.1,1526,39.1,39,0,9.5,0.975,59666.6,91392.96000000002
1,297.6,307.2,1486,40.6,42,0,9.599999999999966,0.9767441860465116,60331.6,91422.72
2,297.6,307.2,1470,42.6,44,0,9.599999999999966,0.9777777777777777,62622.0,91422.72
0,297.7,307.3,1249,62.8,47,0,9.600000000000023,0.9791666666666666,78437.2,91483.21
2,297.8,307.4,1752,26.1,52,0,9.599999999999966,0.9811320754716981,45727.200000000004,91543.72
1,297.7,307.4,1643,36.5,55,0,9.699999999999989,0.9821428571428571,59969.5,91512.98
2,297.8,307.4,1488,36.1,57,0,9.599999999999966,0.9827586206896551,53716.8,91543.72
1,297.8,307.4,1355,45.8,60,0,9.599999999999966,0.9836065573770492,62058.99999999999,91543.72
1,297.8,307.6,1607,30.3,62,0,9.800000000000011,0.9841269841269841,48692.1,91603.28000000001
2,297.9,307.6,1609,30.3,64,0,9.700000000000045,0.9846153846153847,48752.700000000004,91634.04
1,297.9,307.7,1517,44.4,67,0,9.800000000000011,0.9852941176470589,67354.8,91663.82999999999
2,297.9,307.7,1517,39.5,69,0,9.800000000000011,0.9857142857142858,59921.5,91663.82999999999
1,297.9,307.7,1546,37.6,72,0,9.800000000000011,0.9863013698630136,58129.600000000006,91663.82999999999
1,297.9,307.7,1567,34.7,74,0,9.800000000000011,0.9866666666666667,54374.9,91663.82999999999
2,298.1,307.9,1662,28.9,76,0,9.799999999999955,0.987012987012987,48031.799999999996,91784.99
1,298.1,307.9,1502,41.8,79,0,9.799999999999955,0.9875,62783.6,91784.99
1,298.3,308.0,1361,56.9,81,0,9.699999999999989,0.9878048780487805,77440.9,91876.40000000001
2,298.3,308.1,1630,32.7,83,0,9.800000000000011,0.9880952380952381,53301.00000000001,91906.23000000001
1,298.3,308.0,1486,42.3,86,0,9.699999999999989,0.9885057471264368,62857.799999999996,91876.40000000001
1,298.3,308.1,1840,21.5,88,0,9.800000000000011,0.9887640449438202,39560.0,91906.23000000001
1,298.3,308.1,1326,58.4,90,0,9.800000000000011,0.989010989010989,77438.4,91906.23000000001
1,298.4,308.1,1367,57.8,92,0,9.700000000000045,0.989247311827957,79012.59999999999,91937.04
1,298.4,308.1,1598,32.7,94,0,9.700000000000045,0.9894736842105263,52254.600000000006,91937.04
1,298.3,308.0,1363,50.1,96,0,9.699999999999989,0.9896907216494846,68286.3,91876.40000000001
1,298.3,308.0,1242,62.0,98,0,9.699999999999989,0.98989898989899,77004.0,91876.40000000001
2,298.2,307.8,1566,33.8,100,0,9.600000000000023,0.9900990099009901,52930.799999999996,91785.96
2,298.1,307.7,1424,47.7,103,0,9.599999999999966,0.9903846153846154,67924.8,91725.37000000001
2,298.2,307.7,1608,33.8,106,0,9.5,0.9906542056074766,54350.399999999994,91756.14
1,298.1,307.7,1705,29.1,109,0,9.599999999999966,0.990909090909091,49615.5,91725.37000000001
1,298.0,307.6,1548,45.8,111,0,9.600000000000023,0.9910714285714286,70898.4,91664.8
2,298.0,307.6,1581,43.4,113,0,9.600000000000023,0.9912280701754386,68615.4,91664.8
2,298.0,307.6,1472,46.7,116,0,9.600000000000023,0.9914529914529915,68742.40000000001,91664.8
2,298.0,307.6,1792,26.0,119,0,9.600000000000023,0.9916666666666667,46592.0,91664.8
1,298.0,307.6,1683,32.8,122,0,9.600000000000023,0.991869918699187,55202.399999999994,91664.8
1,297.9,307.6,1503,40.7,124,0,9.700000000000045,0.992,61172.100000000006,91634.04
2,297.9,307.5,1642,32.4,126,0,9.600000000000023,0.9921259842519685,53200.799999999996,91604.25
2,297.8,307.4,1902,24.3,129,0,9.599999999999966,0.9923076923076923,46218.6,91543.72
0,297.7,307.4,1432,40.2,132,0,9.699999999999989,0.9924812030075187,57566.4,91512.98
1,297.8,307.4,1512,40.8,137,0,9.599999999999966,0.9927536231884058,61689.6,91543.72
1,297.7,307.4,1764,29.0,139,0,9.699999999999989,0.9928571428571429,51156.0,91512.98
2,297.8,307.4,1438,43.6,141,0,9.599999999999966,0.9929577464788732,62696.8,91543.72
1,297.8,307.5,1631,29.9,144,0,9.699999999999989,0.993103448275862,48766.899999999994,91573.5
0,297.9,307.5,1880,23.3,146,0,9.600000000000023,0.9931972789115646,43804.0,91604.25
1,297.9,307.6,1344,54.3,151,0,9.700000000000045,0.993421052631579,72979.2,91634.04
1,297.9,307.5,1574,35.8,153,0,9.600000000000023,0.9935064935064936,56349.2,91604.25
1,297.8,307.4,1418,41.2,155,0,9.599999999999966,0.9935897435897436,58421.600000000006,91543.72
1,297.8,307.5,1372,54.1,157,0,9.699999999999989,0.9936708860759493,74225.2,91573.5
1,297.8,307.5,1388,40.0,159,0,9.699999999999989,0.99375,55520.0,91573.5
0,297.9,307.6,1493,36.0,161,0,9.700000000000045,0.9938271604938271,53748.0,91634.04
2,297.9,307.6,1505,40.1,166,0,9.700000000000045,0.9940119760479041,60350.5,91634.04
1,298.0,307.6,1694,29.1,169,0,9.600000000000023,0.9941176470588236,49295.4,91664.8
1,297.9,307.6,1968,20.4,171,0,9.700000000000045,0.9941860465116279,40147.2,91634.04
2,298.0,307.6,1569,35.6,173,0,9.600000000000023,0.9942528735632183,55856.4,91664.8
1,297.9,307.6,1687,29.1,176,0,9.700000000000045,0.9943502824858758,49091.700000000004,91634.04
1,297.9,307.6,1430,52.4,178,0,9.700000000000045,0.994413407821229,74932.0,91634.04
1,297.9,307.6,1504,42.4,180,0,9.700000000000045,0.994475138121547,63769.6,91634.04
1,297.9,307.6,1977,20.2,182,0,9.700000000000045,0.994535519125683,39935.4,91634.04
1,298.0,307.7,1435,45.6,184,0,9.699999999999989,0.9945945945945946,65436.0,91694.59999999999
0,298.0,307.7,1547,36.8,186,0,9.699999999999989,0.9946524064171123,56929.6,91694.59999999999
2,298.1,307.8,1316,57.2,191,0,9.699999999999989,0.9947916666666666,75275.2,91755.18000000001
2,298.0,307.7,1621,34.9,194,0,9.699999999999989,0.9948717948717949,56572.899999999994,91694.59999999999
2,298.0,307.8,1492,40.2,197,0,9.800000000000011,0.9949494949494949,59978.4,91724.40000000001
1,298.0,307.7,1643,32.3,200,0,9.699999999999989,0.9950248756218906,53068.899999999994,91694.59999999999
1,298.0,307.7,1492,38.7,202,0,9.699999999999989,0.9950738916256158,57740.4,91694.59999999999
1,298.0,307.7,1387,50.8,204,0,9.699999999999989,0.9951219512195122,70459.59999999999,91694.59999999999
2,298.1,307.9,1463,47.3,206,0,9.799999999999955,0.9951690821256038,69199.9,91784.99
2,298.1,307.9,1496,40.0,0,0,9.799999999999955,0.0,59840.0,91784.99
1,298.2,308.0,1658,30.0,3,0,9.800000000000011,0.75,49740.0,91845.59999999999
1,298.1,307.9,2161,17.5,5,0,9.799999999999955,0.8333333333333334,37817.5,91784.99
1,298.1,307.9,1665,32.0,7,0,9.799999999999955,0.875,53280.0,91784.99
1,298.0,307.8,1716,26.6,9,0,9.800000000000011,0.9,45645.600000000006,91724.40000000001
1,298.0,307.7,1529,34.1,11,0,9.699999999999989,0.9166666666666666,52138.9,91694.59999999999
1,297.9,307.7,1353,50.7,13,0,9.800000000000011,0.9285714285714286,68597.1,91663.82999999999
1,297.9,307.7,1537,37.7,15,0,9.800000000000011,0.9375,57944.9,91663.82999999999
1,298.0,307.7,1606,30.8,17,0,9.699999999999989,0.9444444444444444,49464.8,91694.59999999999
0,298.0,307.8,1314,47.8,19,0,9.800000000000011,0.95,62809.2,91724.40000000001
1,298.0,307.8,1623,29.9,24,0,9.800000000000011,0.96,48527.7,91724.40000000001
2,298.0,307.8,1483,50.9,26,0,9.800000000000011,0.9629629629629629,75484.7,91724.40000000001
2,298.1,307.9,1569,37.0,29,0,9.799999999999955,0.9666666666666667,58053.0,91784.99
2,298.2,308.0,1969,21.7,32,0,9.800000000000011,0.9696969696969697,42727.299999999996,91845.59999999999
2,298.1,308.0,1686,29.3,35,0,9.899999999999977,0.9722222222222222,49399.8,91814.8
1,298.1,308.0,1638,35.1,38,0,9.899999999999977,0.9743589743589743,57493.8,91814.8
1,298.1,307.9,1698,33.3,40,0,9.799999999999955,0.975609756097561,56543.399999999994,91784.99
2,298.1,307.9,1377,55.1,42,0,9.799999999999955,0.9767441860465116,75872.7,91784.99
2,298.1,308.0,2129,18.4,45,0,9.899999999999977,0.9782608695652174,39173.6,91814.8
1,298.2,308.0,1411,42.4,48,0,9.800000000000011,0.9795918367346939,59826.4,91845.59999999999
1,298.1,307.9,1517,40.8,50,0,9.799999999999955,0.9803921568627451,61893.6,91784.99
2,298.1,307.9,1303,53.9,52,0,9.799999999999955,0.9811320754716981,70231.7,91784.99
1,298.1,307.9,1578,35.6,55,0,9.799999999999955,0.9821428571428571,56176.8,91784.99
1,298.1,307.9,1425,58.2,57,0,9.799999999999955,0.9827586206896551,82935.0,91784.99
1,298.1,308.0,1456,42.4,59,0,9.899999999999977,0.9833333333333333,61734.4,91814.8
1,298.1,308.0,1704,30.9,61,0,9.899999999999977,0.9838709677419355,52653.6,91814.8
1,298.1,308.1,1791,27.3,63,0,10.0,0.984375,48894.3,91844.61000000002
1,298.1,308.1,1616,32.8,65,0,10.0,0.9848484848484849,53004.799999999996,91844.61000000002
1,298.2,308.1,1622,34.9,67,0,9.900000000000034,0.9852941176470589,56607.799999999996,91875.42
1,298.2,308.1,1462,49.9,69,0,9.900000000000034,0.9857142857142858,72953.8,91875.42
1,298.1,308.1,1410,45.8,71,0,10.0,0.9861111111111112,64577.99999999999,91844.61000000002
2,298.1,308.0,1543,41.9,73,0,9.899999999999977,0.9864864864864865,64651.7,91814.8
2,298.0,307.9,1479,47.6,76,0,9.899999999999977,0.987012987012987,70400.40000000001,91754.2
1,298.0,307.8,1839,22.7,79,0,9.800000000000011,0.9875,41745.299999999996,91724.40000000001
1,298.0,307.8,1266,60.5,81,0,9.800000000000011,0.9878048780487805,76593.0,91724.40000000001
1,297.9,307.7,1593,34.9,83,0,9.800000000000011,0.9880952380952381,55595.7,91663.82999999999
1,297.9,307.8,1459,46.9,85,0,9.900000000000034,0.9883720930232558,68427.09999999999,91693.62
1,297.9,307.7,1308,55.2,87,0,9.800000000000011,0.9886363636363636,72201.6,91663.82999999999
2,297.9,307.7,1364,46.8,89,0,9.800000000000011,0.9888888888888889,63835.2,91663.82999999999
0,297.9,307.7,1618,35.9,92,0,9.800000000000011,0.989247311827957,58086.2,91663.82999999999
0,297.9,307.7,1464,43.2,97,0,9.800000000000011,0.9897959183673469,63244.8,91663.82999999999
2,297.8,307.6,1352,49.4,102,0,9.800000000000011,0.9902912621359223,66788.8,91603.28000000001
1,297.8,307.6,1446,51.4,105,0,9.800000000000011,0.9905660377358491,74324.4,91603.28000000001
1,297.8,307.5,1448,51.2,107,0,9.699999999999989,0.9907407407407407,74137.6,91573.5
1,297.8,307.5,1391,48.6,109,0,9.699999999999989,0.990909090909091,67602.6,91573.5
1,297.7,307.5,1379,43.3,111,0,9.800000000000011,0.9910714285714286,59710.7,91542.75
2,297.8,307.5,1405,46.9,113,0,9.699999999999989,0.9912280701754386,65894.5,91573.5
1,297.8,307.5,1581,33.1,116,0,9.699999999999989,0.9914529914529915,52331.100000000006,91573.5
1,297.9,307.6,1515,40.5,118,0,9.700000000000045,0.9915966386554622,61357.5,91634.04
1,297.9,307.6,1589,37.8,120,0,9.700000000000045,0.9917355371900827,60064.2,91634.04
1,298.0,307.6,1281,50.8,122,0,9.600000000000023,0.991869918699187,65074.799999999996,91664.8
0,297.8,307.5,1631,31.3,124,0,9.699999999999989,0.992,51050.3,91573.5
2,297.9,307.6,1202,67.0,129,0,9.700000000000045,0.9923076923076923,80534.0,91634.04
1,297.9,307.6,1298,52.7,132,0,9.700000000000045,0.9924812030075187,68404.6,91634.04
1,297.9,307.6,1612,30.7,134,0,9.700000000000045,0.9925925925925926,49488.4,91634.04
1,297.9,307.6,1747,25.3,136,0,9.700000000000045,0.9927007299270073,44199.1,91634.04
1,298.0,307.6,1450,48.7,138,0,9.600000000000023,0.9928057553956835,70615.0,91664.8
1,298.0,307.7,1422,45.6,140,0,9.699999999999989,0.9929078014184397,64843.200000000004,91694.59999999999
2,298.1,307.7,1419,47.4,142,0,9.599999999999966,0.993006993006993,67260.59999999999,91725.37000000001
2,298.1,307.7,1633,30.7,145,0,9.599999999999966,0.9931506849315068,50133.1,91725.37000000001
1,298.0,307.7,1442,43.6,148,0,9.699999999999989,0.9932885906040269,62871.200000000004,91694.59999999999
0,298.0,307.6,1420,45.8,150,0,9.600000000000023,0.9933774834437086,65035.99999999999,91664.8
2,298.0,307.6,1301,58.5,155,0,9.600000000000023,0.9935897435897436,76108.5,91664.8
1,298.0,307.6,1385,45.0,158,0,9.600000000000023,0.9937106918238994,62325.0,91664.8
2,298.0,307.7,1487,41.3,160,0,9.699999999999989,0.9937888198757764,61413.1,91694.59999999999
2,298.0,307.6,1459,44.4,163,0,9.600000000000023,0.9939024390243902,64779.6,91664.8
2,298.0,307.5,1387,45.5,166,0,9.5,0.9940119760479041,63108.5,91635.0
1,298.1,307.7,1537,40.8,169,0,9.599999999999966,0.9941176470588236,62709.6,91725.37000000001
1,298.1,307.6,1498,42.9,171,0,9.5,0.9941860465116279,64264.2,91695.56000000001
2,298.2,307.8,1599,31.2,173,0,9.600000000000023,0.9942528735632183,49888.799999999996,91785.96
0,298.3,307.9,1420,39.2,176,0,9.599999999999966,0.9943502824858758,55664.00000000001,91846.56999999999
1,298.2,307.9,1785,23.4,181,0,9.699999999999989,0.9945054945054945,41769.0,91815.77999999998
1,298.2,307.8,1423,48.1,183,0,9.600000000000023,0.9945652173913043,68446.3,91785.96
2,298.2,307.8,1583,36.6,185,0,9.600000000000023,0.9946236559139785,57937.8,91785.96
1,298.2,307.8,1375,46.6,188,0,9.600000000000023,0.9947089947089947,64075.0,91785.96
2,298.3,308.0,1463,42.5,190,0,9.699999999999989,0.9947643979057592,62177.5,91876.40000000001
2,298.2,307.9,1403,45.1,193,0,9.699999999999989,0.9948453608247423,63275.3,91815.77999999998
1,298.3,308.0,1451,47.1,196,0,9.699999999999989,0.9949238578680203,68342.1,91876.40000000001
2,298.4,308.0,1416,38.2,198,1,9.600000000000023,0.9949748743718593,54091.200000000004,91907.2
1,298.3,308.1,1672,41.3,0,0,9.800000000000011,0.0,69053.59999999999,91906.23000000001
0,298.3,308.0,1637,30.8,2,0,9.699999999999989,0.6666666666666666,50419.6,91876.40000000001
1,298.4,308.0,1540,37.8,7,0,9.600000000000023,0.875,58211.99999999999,91907.2
1,298.4,308.1,1279,53.1,9,0,9.700000000000045,0.9,67914.90000000001,91937.04
1,298.4,308.2,1604,34.9,11,0,9.800000000000011,0.9166666666666666,55979.6,91966.87999999999
1,298.5,308.2,1654,27.1,13,0,9.699999999999989,0.9285714285714286,44823.4,91997.7
2,298.5,308.2,1564,37.5,15,0,9.699999999999989,0.9375,58650.0,91997.7
1,298.5,308.2,1451,47.5,18,0,9.699999999999989,0.9473684210526315,68922.5,91997.7
1,298.5,308.3,1504,38.0,20,0,9.800000000000011,0.9523809523809523,57152.0,92027.55
2,298.5,308.3,1381,50.5,22,0,9.800000000000011,0.9565217391304348,69740.5,92027.55
1,298.6,308.4,1562,34.4,25,0,9.799999999999955,0.9615384615384616,53732.799999999996,92088.24
1,298.5,308.3,1811,24.7,27,0,9.800000000000011,0.9642857142857143,44731.7,92027.55
2,298.6,308.3,1717,28.7,29,0,9.699999999999989,0.9666666666666667,49277.9,92058.38
1,298.6,308.3,1278,60.5,32,0,9.699999999999989,0.9696969696969697,77319.0,92058.38
1,298.7,308.5,1616,30.2,34,0,9.800000000000011,0.9714285714285714,48803.2,92148.95
1,298.6,308.4,1397,46.4,36,0,9.799999999999955,0.972972972972973,64820.799999999996,92088.24
1,298.6,308.4,1485,42.9,38,0,9.799999999999955,0.9743589743589743,63706.5,92088.24
1,298.6,308.4,1310,59.7,40,0,9.799999999999955,0.975609756097561,78207.0,92088.24
1,298.5,308.2,1301,66.3,42,1,9.699999999999989,0.9767441860465116,86256.3,91997.7
1,298.5,308.3,1458,44.0,44,0,9.800000000000011,0.9777777777777777,64152.0,92027.55
1,298.7,308.5,1483,42.5,46,0,9.800000000000011,0.9787234042553191,63027.5,92148.95
1,298.7,308.5,1375,46.4,48,0,9.800000000000011,0.9795918367346939,63800.0,92148.95
2,298.7,308.5,1660,27.0,50,0,9.800000000000011,0.9803921568627451,44820.0,92148.95
0,298.7,308.4,1560,33.3,53,0,9.699999999999989,0.9814814814814815,51947.99999999999,92119.07999999999
1,298.7,308.5,1480,42.2,58,0,9.800000000000011,0.9830508474576272,62456.00000000001,92148.95
1,298.7,308.4,1373,46.9,60,0,9.699999999999989,0.9836065573770492,64393.7,92119.07999999999
1,298.7,308.5,1444,54.2,62,0,9.800000000000011,0.9841269841269841,78264.8,92148.95
2,298.7,308.6,1722,24.7,64,0,9.900000000000034,0.9846153846153847,42533.4,92178.82
1,298.7,308.5,1469,39.9,67,0,9.800000000000011,0.9852941176470589,58613.1,92148.95
2,298.7,308.5,1360,52.9,69,0,9.800000000000011,0.9857142857142858,71944.0,92148.95
1,298.7,308.4,1750,25.8,72,0,9.699999999999989,0.9863013698630136,45150.0,92119.07999999999
2,298.7,308.3,1349,46.6,74,0,9.600000000000023,0.9866666666666667,62863.4,92089.21
1,298.7,308.5,1668,35.2,77,0,9.800000000000011,0.9871794871794872,58713.600000000006,92148.95
1,298.9,308.6,1400,49.5,79,0,9.700000000000045,0.9875,69300.0,92240.54
1,298.8,308.6,1331,62.8,81,0,9.800000000000011,0.9878048780487805,83586.8,92209.68000000001
1,298.8,308.5,1444,42.2,83,0,9.699999999999989,0.9880952380952381,60936.8,92179.8
0,298.8,308.5,1359,47.6,85,0,9.699999999999989,0.9883720930232558,64688.4,92179.8
2,298.8,308.5,1425,47.4,90,0,9.699999999999989,0.989010989010989,67545.0,92179.8
2,298.9,308.6,1469,34.2,93,0,9.700000000000045,0.9893617021276596,50239.8,92240.54
1,299.0,308.7,1892,22.8,96,0,9.699999999999989,0.9896907216494846,43137.6,92301.3
0,299.0,308.7,1940,19.9,98,0,9.699999999999989,0.98989898989899,38606.0,92301.3
1,299.0,308.8,1405,55.2,103,0,9.800000000000011,0.9903846153846154,77556.0,92331.2
2,299.0,308.9,1449,39.6,105,0,9.899999999999977,0.9905660377358491,57380.4,92361.09999999999
1,299.1,308.9,1686,29.6,108,0,9.799999999999955,0.9908256880733946,49905.600000000006,92391.99
1,299.1,308.9,1680,27.2,110,0,9.799999999999955,0.990990990990991,45696.0,92391.99
2,299.1,308.9,1397,52.4,112,0,9.799999999999955,0.9911504424778761,73202.8,92391.99
2,299.2,309.0,1597,30.3,115,0,9.800000000000011,0.9913793103448276,48389.1,92452.8
1,299.3,309.1,1470,41.1,118,0,9.800000000000011,0.9915966386554622,60417.0,92513.63
2,299.3,309.1,1703,31.3,120,0,9.800000000000011,0.9917355371900827,53303.9,92513.63
1,299.3,309.1,1388,45.5,123,0,9.800000000000011,0.9919354838709677,63154.0,92513.63
1,299.3,309.2,1775,24.2,125,0,9.899999999999977,0.9920634920634921,42955.0,92543.56
1,299.3,309.2,1465,41.5,127,0,9.899999999999977,0.9921875,60797.5,92543.56
2,299.3,309.2,1586,37.9,129,0,9.899999999999977,0.9923076923076923,60109.399999999994,92543.56
2,299.5,309.3,1675,29.2,132,0,9.800000000000011,0.9924812030075187,48910.0,92635.35
2,299.4,309.2,1470,44.4,135,0,9.800000000000011,0.9926470588235294,65268.0,92574.48
1,299.5,309.3,1477,40.4,138,0,9.800000000000011,0.9928057553956835,59670.799999999996,92635.35
1,299.5,309.3,1382,61.0,140,0,9.800000000000011,0.9929078014184397,84302.0,92635.35
2,299.6,309.4,1605,29.8,142,0,9.799999999999955,0.993006993006993,47829.0,92696.24
1,299.6,309.4,1643,32.9,145,0,9.799999999999955,0.9931506849315068,54054.7,92696.24
1,299.5,309.3,1333,54.1,147,0,9.800000000000011,0.9932432432432432,72115.3,92635.35
1,299.5,309.3,1520,42.3,149,0,9.800000000000011,0.9933333333333333,64295.99999999999,92635.35
2,299.5,309.3,1902,24.0,151,0,9.800000000000011,0.993421052631579,45648.0,92635.35
0,299.5,309.4,1386,44.4,154,0,9.899999999999977,0.9935483870967742,61538.4,92665.29999999999
1,299.6,309.5,1803,27.7,159,0,9.899999999999977,0.99375,49943.1,92726.20000000001
1,299.7,309.6,1359,50.7,161,0,9.900000000000034,0.9938271604938271,68901.3,92787.12000000001
2,299.7,309.6,1477,42.7,163,0,9.900000000000034,0.9939024390243902,63067.9,92787.12000000001
1,299.7,309.6,1321,53.4,166,0,9.900000000000034,0.9940119760479041,70541.4,92787.12000000001
1,299.6,309.5,1453,41.4,168,0,9.899999999999977,0.9940828402366864,60154.2,92726.20000000001
1,299.7,309.6,1419,45.1,170,0,9.900000000000034,0.9941520467836257,63996.9,92787.12000000001
1,299.7,309.6,1512,36.2,172,0,9.900000000000034,0.9942196531791907,54734.4,92787.12000000001
1,299.7,309.6,1553,36.8,174,0,9.900000000000034,0.9942857142857143,57150.399999999994,92787.12000000001
2,299.7,309.6,1534,39.1,176,0,9.900000000000034,0.9943502824858758,59979.4,92787.12000000001
0,299.7,309.6,1553,41.0,179,0,9.900000000000034,0.9944444444444445,63673.0,92787.12000000001
1,299.7,309.5,1352,49.7,184,0,9.800000000000011,0.9945945945945946,67194.40000000001,92757.15
2,299.7,309.6,1313,60.0,186,0,9.900000000000034,0.9946524064171123,78780.0,92787.12000000001
1,299.6,309.5,1570,35.5,189,0,9.899999999999977,0.9947368421052631,55735.0,92726.20000000001
1,299.6,309.4,1677,31.1,191,0,9.799999999999955,0.9947916666666666,52154.700000000004,92696.24
1,299.5,309.4,1602,31.5,193,0,9.899999999999977,0.9948453608247423,50463.0,92665.29999999999
1,299.5,309.4,1390,58.8,195,1,9.899999999999977,0.9948979591836735,81732.0,92665.29999999999
1,299.4,309.3,1544,36.0,197,0,9.900000000000034,0.9949494949494949,55584.0,92604.42
1,299.4,309.4,1701,31.2,199,0,10.0,0.995,53071.2,92634.35999999999
2,299.4,309.3,1692,28.4,201,0,9.900000000000034,0.995049504950495,48052.799999999996,92604.42
2,299.3,309.3,1523,37.9,204,0,10.0,0.9951219512195122,57721.7,92573.49
1,299.3,309.2,2280,15.4,207,0,9.899999999999977,0.9951923076923077,35112.0,92543.56
2,299.4,309.3,1485,47.1,209,0,9.900000000000034,0.9952380952380953,69943.5,92604.42
0,299.4,309.2,1513,36.1,212,0,9.800000000000011,0.9953051643192489,54619.3,92574.48
0,299.4,309.3,1743,28.2,0,0,9.900000000000034,0.0,49152.6,92604.42
1,299.5,309.3,1442,46.2,5,0,9.800000000000011,0.8333333333333334,66620.40000000001,92635.35
1,299.5,309.3,1462,46.7,7,0,9.800000000000011,0.875,68275.40000000001,92635.35
0,299.4,309.3,1439,49.7,9,0,9.900000000000034,0.9,71518.3,92604.42
1,299.5,309.3,1577,36.6,14,0,9.800000000000011,0.9333333333333333,57718.200000000004,92635.35
1,299.6,309.4,1331,46.4,16,0,9.799999999999955,0.9411764705882353,61758.4,92696.24
1,299.5,309.3,1941,22.5,18,0,9.800000000000011,0.9473684210526315,43672.5,92635.35
1,299.5,309.2,1393,47.3,20,0,9.699999999999989,0.9523809523809523,65888.9,92605.4
1,299.4,309.2,1433,42.1,22,0,9.800000000000011,0.9565217391304348,60329.3,92574.48
1,299.4,309.2,1444,48.2,24,0,9.800000000000011,0.96,69600.8,92574.48
1,299.4,309.2,1564,39.0,26,0,9.800000000000011,0.9629629629629629,60996.0,92574.48
1,299.4,309.3,1377,43.6,28,0,9.900000000000034,0.9655172413793104,60037.200000000004,92604.42
1,299.4,309.3,1525,41.5,30,0,9.900000000000034,0.967741935483871,63287.5,92604.42
2,299.5,309.4,1387,56.2,32,0,9.899999999999977,0.9696969696969697,77949.40000000001,92665.29999999999
2,299.4,309.4,1326,47.5,35,0,10.0,0.9722222222222222,62985.0,92634.35999999999
1,299.4,309.3,1401,59.0,38,0,9.900000000000034,0.9743589743589743,82659.0,92604.42
1,299.4,309.3,1596,31.8,40,0,9.900000000000034,0.975609756097561,50752.8,92604.42
2,299.3,309.3,1471,46.0,42,0,10.0,0.9767441860465116,67666.0,92573.49
1,299.3,309.3,1528,37.8,45,0,10.0,0.9782608695652174,57758.399999999994,92573.49
1,299.3,309.3,1325,62.0,47,0,10.0,0.9791666666666666,82150.0,92573.49
2,299.3,309.1,1376,46.7,49,0,9.800000000000011,0.98,64259.200000000004,92513.63
2,299.3,309.1,1600,35.3,52,0,9.800000000000011,0.9811320754716981,56479.99999999999,92513.63
1,299.3,309.1,1495,44.0,55,0,9.800000000000011,0.9821428571428571,65780.0,92513.63
1,299.4,309.1,1645,28.6,57,0,9.700000000000045,0.9827586206896551,47047.0,92544.54
2,299.4,309.1,1417,47.3,59,0,9.700000000000045,0.9833333333333333,67024.09999999999,92544.54
0,299.4,309.0,1415,51.7,62,0,9.600000000000023,0.9841269841269841,73155.5,92514.59999999999
2,299.3,309.0,1496,43.4,67,0,9.699999999999989,0.9852941176470589,64926.4,92483.7
0,299.3,309.0,1508,35.0,70,0,9.699999999999989,0.9859154929577465,52780.0,92483.7
1,299.4,309.0,1436,47.9,75,0,9.600000000000023,0.9868421052631579,68784.4,92514.59999999999
1,299.5,309.1,1852,22.6,77,0,9.600000000000023,0.9871794871794872,41855.200000000004,92575.45000000001
1,299.5,309.1,1863,22.5,79,0,9.600000000000023,0.9875,41917.5,92575.45000000001
0,299.4,309.1,1373,44.1,81,0,9.700000000000045,0.9878048780487805,60549.3,92544.54
1,299.4,309.0,1404,47.3,86,0,9.600000000000023,0.9885057471264368,66409.2,92514.59999999999
2,299.4,309.0,1381,44.9,88,0,9.600000000000023,0.9887640449438202,62006.9,92514.59999999999
0,299.4,308.9,1762,29.3,91,0,9.5,0.9891304347826086,51626.6,92484.65999999999
0,299.3,308.9,1429,43.0,96,0,9.599999999999966,0.9896907216494846,61447.0,92453.76999999999
2,299.3,308.9,1858,24.7,101,0,9.599999999999966,0.9901960784313726,45892.6,92453.76999999999
0,299.2,308.8,1908,21.3,104,0,9.600000000000023,0.9904761904761905,40640.4,92392.96
2,299.2,308.8,1503,37.4,109,0,9.600000000000023,0.990909090909091,56212.2,92392.96
2,299.2,308.8,1523,38.9,112,0,9.600000000000023,0.9911504424778761,59244.7,92392.96
1,299.3,309.0,1491,38.4,115,0,9.699999999999989,0.9913793103448276,57254.4,92483.7
1,299.2,308.9,1430,39.1,117,0,9.699999999999989,0.9915254237288136,55913.0,92422.87999999999
1,299.3,308.9,1258,69.4,119,1,9.599999999999966,0.9916666666666667,87305.20000000001,92453.76999999999
1,299.3,309.0,1449,46.5,121,0,9.699999999999989,0.9918032786885246,67378.5,92483.7
0,299.3,309.0,1425,40.6,123,0,9.699999999999989,0.9919354838709677,57855.0,92483.7
1,299.4,309.0,1800,24.3,128,0,9.600000000000023,0.9922480620155039,43740.0,92514.59999999999
0,299.4,309.0,1607,33.7,130,0,9.600000000000023,0.9923664122137404,54155.9,92514.59999999999
1,299.4,309.0,1391,58.2,135,0,9.600000000000023,0.9926470588235294,80956.2,92514.59999999999
1,299.4,309.1,1432,45.4,137,0,9.700000000000045,0.9927536231884058,65012.799999999996,92544.54
1,299.4,309.0,1660,28.4,139,0,9.600000000000023,0.9928571428571429,47144.0,92514.59999999999
0,299.3,309.0,1732,29.7,141,0,9.699999999999989,0.9929577464788732,51440.4,92483.7
1,299.3,309.0,1473,46.3,146,0,9.699999999999989,0.9931972789115646,68199.9,92483.7
1,299.3,309.0,1511,47.8,148,0,9.699999999999989,0.9932885906040269,72225.8,92483.7
1,299.2,308.9,1588,41.5,150,0,9.699999999999989,0.9933774834437086,65902.0,92422.87999999999
1,299.3,308.9,1623,31.1,152,0,9.599999999999966,0.9934640522875817,50475.3,92453.76999999999
1,299.3,309.0,1734,30.6,154,0,9.699999999999989,0.9935483870967742,53060.4,92483.7
1,299.3,309.0,1415,47.6,156,0,9.699999999999989,0.9936305732484076,67354.0,92483.7
1,299.3,309.0,1419,46.6,158,0,9.699999999999989,0.9937106918238994,66125.40000000001,92483.7
2,299.3,308.9,1577,34.9,160,0,9.599999999999966,0.9937888198757764,55037.299999999996,92453.76999999999
1,299.3,308.9,1376,60.3,163,0,9.599999999999966,0.9939024390243902,82972.8,92453.76999999999
2,299.3,308.8,1442,49.0,165,0,9.5,0.9939759036144579,70658.0,92423.84000000001
1,299.4,308.9,1451,40.5,168,0,9.5,0.9940828402366864,58765.5,92484.65999999999
1,299.3,308.8,1550,45.8,170,0,9.5,0.9941520467836257,70990.0,92423.84000000001
1,299.3,308.8,1647,32.9,172,0,9.5,0.9942196531791907,54186.299999999996,92423.84000000001
1,299.4,308.9,1550,33.7,174,0,9.5,0.9942857142857143,52235.00000000001,92484.65999999999
1,299.4,308.9,1583,34.1,176,0,9.5,0.9943502824858758,53980.3,92484.65999999999
1,299.4,309.0,1613,32.2,178,0,9.600000000000023,0.994413407821229,51938.600000000006,92514.59999999999
0,299.3,308.8,1636,35.5,180,0,9.5,0.994475138121547,58078.0,92423.84000000001
2,299.3,308.7,1289,51.5,185,0,9.399999999999977,0.9946236559139785,66383.5,92393.91
2,299.3,308.8,1648,28.4,188,0,9.5,0.9947089947089947,46803.2,92423.84000000001
0,299.3,308.8,1397,45.4,191,0,9.5,0.9947916666666666,63423.799999999996,92423.84000000001
2,299.3,308.9,1767,24.8,196,0,9.599999999999966,0.9949238578680203,43821.6,92453.76999999999
1,299.3,308.8,1341,47.7,199,0,9.5,0.995,63965.700000000004,92423.84000000001
2,299.4,308.9,1457,41.5,201,0,9.5,0.995049504950495,60465.5,92484.65999999999
2,299.4,309.0,1939,19.8,204,0,9.600000000000023,0.9951219512195122,38392.200000000004,92514.59999999999
2,299.5,309.0,1399,49.7,207,0,9.5,0.9951923076923077,69530.3,92545.5
2,299.5,309.0,1602,31.3,210,0,9.5,0.995260663507109,50142.6,92545.5
1,299.4,309.0,1507,41.0,213,0,9.600000000000023,0.9953271028037384,61787.0,92514.59999999999
1,299.4,309.1,1464,40.5,215,0,9.700000000000045,0.9953703703703703,59292.0,92544.54
1,299.5,309.1,1336,42.1,217,0,9.600000000000023,0.9954128440366973,56245.6,92575.45000000001
1,299.6,309.2,1422,39.8,219,0,9.599999999999966,0.9954545454545455,56595.6,92636.32
1,299.6,309.2,1540,36.7,221,0,9.599999999999966,0.9954954954954955,56518.00000000001,92636.32
1,299.5,309.1,1476,47.8,223,0,9.600000000000023,0.9955357142857143,70552.8,92575.45000000001
2,299.6,309.2,1867,23.4,225,1,9.599999999999966,0.995575221238938,43687.799999999996,92636.32
0,299.6,309.1,1588,41.3,0,0,9.5,0.0,65584.4,92606.36000000002
2,299.5,309.1,1420,49.5,5,0,9.600000000000023,0.8333333333333334,70290.0,92575.45000000001
1,299.5,309.1,1415,49.2,8,0,9.600000000000023,0.8888888888888888,69618.0,92575.45000000001
2,299.4,309.1,1500,43.3,10,0,9.700000000000045,0.9090909090909091,64949.99999999999,92544.54
1,299.5,309.1,1502,44.6,13,0,9.600000000000023,0.9285714285714286,66989.2,92575.45000000001
1,299.5,309.2,1816,23.0,15,0,9.699999999999989,0.9375,41768.0,92605.4
2,299.5,309.2,1495,41.6,17,0,9.699999999999989,0.9444444444444444,62192.0,92605.4
1,299.6,309.2,1572,33.4,20,0,9.599999999999966,0.9523809523809523,52504.799999999996,92636.32
2,299.5,309.2,1590,35.9,22,0,9.699999999999989,0.9565217391304348,57081.0,92605.4
2,299.6,309.3,1387,48.3,25,0,9.699999999999989,0.9615384615384616,66992.09999999999,92666.28000000001
2,299.6,309.2,1393,47.7,28,0,9.599999999999966,0.9655172413793104,66446.1,92636.32
1,299.6,309.2,1602,37.3,31,0,9.599999999999966,0.96875,59754.6,92636.32
1,299.6,309.2,1601,33.3,33,0,9.599999999999966,0.9705882352941176,53313.299999999996,92636.32
0,299.6,309.2,1597,36.3,35,0,9.599999999999966,0.9722222222222222,57971.1,92636.32
0,299.5,309.1,1548,44.3,40,0,9.600000000000023,0.975609756097561,68576.4,92575.45000000001
2,299.5,309.2,1314,61.8,45,0,9.699999999999989,0.9782608695652174,81205.2,92605.4
2,299.6,309.3,1577,39.8,48,0,9.699999999999989,0.9795918367346939,62764.6,92666.28000000001
1,299.8,309.4,1475,43.4,51,0,9.599999999999966,0.9807692307692307,64015.0,92758.12
1,299.8,309.4,1630,32.4,53,0,9.599999999999966,0.9814814814814815,52812.0,92758.12
1,299.7,309.4,1445,42.9,55,0,9.699999999999989,0.9821428571428571,61990.5,92727.18
2,299.8,309.4,1439,47.4,57,0,9.599999999999966,0.9827586206896551,68208.59999999999,92758.12
1,299.7,309.3,1420,44.1,60,0,9.600000000000023,0.9836065573770492,62622.0,92697.21
0,299.7,309.2,1554,41.6,62,0,9.5,0.9841269841269841,64646.4,92667.23999999999
2,299.6,309.1,1471,44.3,67,0,9.5,0.9852941176470589,65165.299999999996,92606.36000000002
1,299.6,309.0,1648,33.6,70,0,9.399999999999977,0.9859154929577465,55372.8,92576.40000000001
1,299.6,309.0,1472,48.8,72,0,9.399999999999977,0.9863013698630136,71833.59999999999,92576.40000000001
2,299.5,308.9,1448,42.9,74,0,9.399999999999977,0.9866666666666667,62119.2,92515.54999999999
2,299.6,308.9,1568,35.3,77,0,9.299999999999955,0.9871794871794872,55350.399999999994,92546.44
1,299.6,308.9,1613,30.8,80,0,9.299999999999955,0.9876543209876543,49680.4,92546.44
2,299.7,308.9,1551,35.4,82,0,9.199999999999989,0.9879518072289156,54905.399999999994,92577.32999999999
1,299.7,309.0,1412,49.2,85,0,9.300000000000011,0.9883720930232558,69470.40000000001,92607.3
2,299.7,308.9,1478,41.0,87,0,9.199999999999989,0.9886363636363636,60598.0,92577.32999999999
2,299.8,309.1,1268,58.0,90,0,9.300000000000011,0.989010989010989,73544.0,92668.18000000001
1,299.8,309.1,1546,35.6,93,0,9.300000000000011,0.9893617021276596,55037.600000000006,92668.18000000001
1,299.8,309.0,1567,36.1,95,0,9.199999999999989,0.9895833333333334,56568.700000000004,92638.2
2,299.9,309.2,1548,35.7,97,0,9.300000000000011,0.9897959183673469,55263.600000000006,92729.07999999999
1,299.8,309.0,1614,30.8,100,0,9.199999999999989,0.9900990099009901,49711.200000000004,92638.2
2,299.7,309.1,1352,46.1,102,0,9.400000000000034,0.9902912621359223,62327.200000000004,92637.27
1,299.9,309.2,1624,34.6,105,0,9.300000000000011,0.9905660377358491,56190.4,92729.07999999999
1,299.9,309.2,1436,52.0,107,0,9.300000000000011,0.9907407407407407,74672.0,92729.07999999999
1,299.8,309.2,1591,37.5,109,0,9.399999999999977,0.990909090909091,59662.5,92698.16
0,299.8,309.2,1435,42.6,111,0,9.399999999999977,0.9910714285714286,61131.0,92698.16
1,299.8,309.3,1386,49.4,116,0,9.5,0.9914529914529915,68468.4,92728.14000000001
1,299.7,309.2,1401,54.1,118,0,9.5,0.9915966386554622,75794.1,92667.23999999999
2,299.6,309.0,1245,64.0,120,0,9.399999999999977,0.9917355371900827,79680.0,92576.40000000001
1,299.7,309.1,1475,40.0,123,0,9.400000000000034,0.9919354838709677,59000.0,92637.27
1,299.7,309.1,1473,39.4,125,0,9.400000000000034,0.9920634920634921,58036.2,92637.27
0,299.7,309.2,1355,44.8,127,0,9.5,0.9921875,60703.99999999999,92667.23999999999
0,299.7,309.2,1468,49.6,132,0,9.5,0.9924812030075187,72812.8,92667.23999999999
1,299.7,309.2,1645,30.8,137,0,9.5,0.9927536231884058,50666.0,92667.23999999999
1,299.7,309.1,1347,55.3,139,0,9.400000000000034,0.9928571428571429,74489.09999999999,92637.27
1,299.7,309.1,1713,33.5,141,0,9.400000000000034,0.9929577464788732,57385.5,92637.27
2,299.6,309.1,1435,48.4,143,0,9.5,0.9930555555555556,69454.0,92606.36000000002
2,299.6,309.0,1736,26.1,146,0,9.399999999999977,0.9931972789115646,45309.600000000006,92576.40000000001
1,299.6,309.0,1372,60.4,149,0,9.399999999999977,0.9933333333333333,82868.8,92576.40000000001
1,299.7,309.0,1605,33.0,151,0,9.300000000000011,0.993421052631579,52965.0,92607.3
1,299.6,309.0,1413,48.5,153,0,9.399999999999977,0.9935064935064936,68530.5,92576.40000000001
2,299.7,309.0,1645,31.9,155,0,9.300000000000011,0.9935897435897436,52475.5,92607.3
2,299.7,309.0,1465,49.0,158,0,9.300000000000011,0.9937106918238994,71785.0,92607.3
2,299.6,308.9,1685,27.8,161,0,9.299999999999955,0.9938271604938271,46843.0,92546.44
1,299.5,308.8,1965,20.4,164,0,9.300000000000011,0.9939393939393939,40086.0,92485.6
0,299.4,308.6,1542,41.8,166,0,9.200000000000045,0.9940119760479041,64455.6,92394.84
1,299.4,308.7,1681,30.8,171,0,9.300000000000011,0.9941860465116279,51774.8,92424.77999999998
1,299.5,308.7,1446,45.7,173,0,9.199999999999989,0.9942528735632183,66082.2,92455.65
1,299.4,308.6,1415,56.4,175,0,9.200000000000045,0.9943181818181818,79806.0,92394.84
1,299.5,308.6,1672,30.5,177,0,9.100000000000023,0.9943820224719101,50996.0,92425.70000000001
1,299.5,308.7,2549,13.0,179,1,9.199999999999989,0.9944444444444445,33137.0,92455.65
1,299.4,308.6,1492,40.5,181,0,9.200000000000045,0.9945054945054945,60426.0,92394.84
2,299.4,308.6,1455,42.7,183,0,9.200000000000045,0.9945652173913043,62128.50000000001,92394.84
2,299.3,308.5,1422,43.1,186,0,9.199999999999989,0.9946524064171123,61288.200000000004,92334.05
1,299.3,308.6,1403,50.6,189,0,9.300000000000011,0.9947368421052631,70991.8,92363.98000000001
1,299.3,308.6,1474,49.6,191,0,9.300000000000011,0.9947916666666666,73110.40000000001,92363.98000000001
1,299.2,308.6,1381,50.0,193,0,9.400000000000034,0.9948453608247423,69050.0,92333.12000000001
1,299.2,308.5,1457,44.7,195,0,9.300000000000011,0.9948979591836735,65127.9,92303.2
1,299.2,308.4,1711,28.9,197,0,9.199999999999989,0.9949494949494949,49447.899999999994,92273.27999999998
1,299.2,308.4,1667,29.0,199,0,9.199999999999989,0.995,48343.0,92273.27999999998
1,299.2,308.4,1465,35.0,201,0,9.199999999999989,0.995049504950495,51275.0,92273.27999999998
2,299.3,308.4,1542,37.5,203,1,9.099999999999966,0.9950980392156863,57825.0,92304.12
2,299.3,308.4,1438,42.3,0,0,9.099999999999966,0.0,60827.399999999994,92304.12
1,299.3,308.4,1406,47.4,3,0,9.099999999999966,0.75,66644.4,92304.12
2,299.2,308.4,1396,48.5,5,0,9.199999999999989,0.8333333333333334,67706.0,92273.27999999998
2,299.3,308.5,1304,60.6,8,0,9.199999999999989,0.8888888888888888,79022.40000000001,92334.05
1,299.2,308.5,1442,46.5,11,0,9.300000000000011,0.9166666666666666,67053.0,92303.2
2,299.2,308.4,1396,48.7,13,0,9.199999999999989,0.9285714285714286,67985.2,92273.27999999998
0,299.1,308.3,1424,43.4,16,0,9.199999999999989,0.9411764705882353,61801.6,92212.53000000001
0,299.1,308.3,1451,42.8,21,0,9.199999999999989,0.9545454545454546,62102.799999999996,92212.53000000001
1,299.2,308.4,1386,54.1,26,0,9.199999999999989,0.9629629629629629,74982.6,92273.27999999998
1,299.1,308.3,1325,46.9,28,0,9.199999999999989,0.9655172413793104,62142.5,92212.53000000001
1,299.1,308.3,1559,33.7,30,0,9.199999999999989,0.967741935483871,52538.3,92212.53000000001
1,299.1,308.3,1489,38.1,32,0,9.199999999999989,0.9696969696969697,56730.9,92212.53000000001
1,299.1,308.3,1892,25.2,34,0,9.199999999999989,0.9714285714285714,47678.4,92212.53000000001
1,299.1,308.2,1319,60.3,36,0,9.099999999999966,0.972972972972973,79535.7,92182.62000000001
1,299.1,308.3,1431,52.3,38,0,9.199999999999989,0.9743589743589743,74841.3,92212.53000000001
0,299.1,308.3,1521,36.5,40,0,9.199999999999989,0.975609756097561,55516.5,92212.53000000001
2,299.1,308.2,1435,45.2,45,0,9.099999999999966,0.9782608695652174,64862.00000000001,92182.62000000001
1,299.1,308.3,1533,42.4,48,0,9.199999999999989,0.9795918367346939,64999.2,92212.53000000001
2,299.2,308.4,1529,43.0,50,0,9.199999999999989,0.9803921568627451,65747.0,92273.27999999998
2,299.2,308.4,1415,43.5,53,0,9.199999999999989,0.9814814814814815,61552.5,92273.27999999998
2,299.2,308.4,1330,51.2,56,0,9.199999999999989,0.9824561403508771,68096.0,92273.27999999998
1,299.2,308.5,1381,60.6,59,0,9.300000000000011,0.9833333333333333,83688.6,92303.2
1,299.2,308.5,1370,52.4,61,0,9.300000000000011,0.9838709677419355,71788.0,92303.2
1,299.2,308.5,1438,46.6,63,0,9.300000000000011,0.984375,67010.8,92303.2
1,299.3,308.6,1314,48.2,65,0,9.300000000000011,0.9848484848484849,63334.8,92363.98000000001
1,299.3,308.6,1437,48.1,67,0,9.300000000000011,0.9852941176470589,69119.7,92363.98000000001
1,299.2,308.5,1821,26.1,69,0,9.300000000000011,0.9857142857142858,47528.100000000006,92303.2
2,299.3,308.6,1448,52.1,71,0,9.300000000000011,0.9861111111111112,75440.8,92363.98000000001
1,299.3,308.5,1589,32.7,74,0,9.199999999999989,0.9866666666666667,51960.3,92334.05
1,299.3,308.6,1520,33.7,76,0,9.300000000000011,0.987012987012987,51224.00000000001,92363.98000000001
1,299.3,308.6,1605,37.0,78,0,9.300000000000011,0.9873417721518988,59385.0,92363.98000000001
1,299.3,308.7,1393,54.2,80,0,9.399999999999977,0.9876543209876543,75500.6,92393.91
0,299.3,308.7,1408,44.4,82,0,9.399999999999977,0.9879518072289156,62515.2,92393.91
2,299.3,308.7,1459,35.6,87,0,9.399999999999977,0.9886363636363636,51940.4,92393.91
1,299.4,308.7,1525,39.0,90,0,9.300000000000011,0.989010989010989,59475.0,92424.77999999998
1,299.4,308.8,1390,57.0,92,0,9.400000000000034,0.989247311827957,79230.0,92454.72
1,299.3,308.7,1536,38.9,94,0,9.399999999999977,0.9894736842105263,59750.399999999994,92393.91
1,299.4,308.7,1459,47.6,96,0,9.300000000000011,0.9896907216494846,69448.40000000001,92424.77999999998
1,299.2,308.5,1387,51.1,98,0,9.300000000000011,0.98989898989899,70875.7,92303.2
1,299.2,308.5,1378,53.4,100,0,9.300000000000011,0.9900990099009901,73585.2,92303.2
1,299.4,308.7,1381,56.7,102,0,9.300000000000011,0.9902912621359223,78302.7,92424.77999999998
2,299.4,308.7,1289,60.5,104,0,9.300000000000011,0.9904761904761905,77984.5,92424.77999999998
1,299.4,308.6,1746,26.8,107,0,9.200000000000045,0.9907407407407407,46792.8,92394.84
2,299.4,308.6,1541,39.1,109,0,9.200000000000045,0.990909090909091,60253.100000000006,92394.84
1,299.4,308.7,1504,37.8,112,0,9.300000000000011,0.9911504424778761,56851.2,92424.77999999998
2,299.5,308.7,1321,51.9,114,0,9.199999999999989,0.991304347826087,68559.9,92455.65
2,299.5,308.8,1886,20.9,117,0,9.300000000000011,0.9915254237288136,39417.399999999994,92485.6
1,299.6,308.9,1422,53.2,120,0,9.299999999999955,0.9917355371900827,75650.40000000001,92546.44
1,299.5,308.9,1520,38.3,122,0,9.399999999999977,0.991869918699187,58215.99999999999,92515.54999999999
1,299.4,308.8,1627,32.6,124,0,9.400000000000034,0.992,53040.200000000004,92454.72
1,299.4,308.7,1512,37.2,126,0,9.300000000000011,0.9921259842519685,56246.4,92424.77999999998
1,299.4,308.7,1553,42.7,128,0,9.300000000000011,0.9922480620155039,66313.1,92424.77999999998
1,299.3,308.7,1802,26.0,130,0,9.399999999999977,0.9923664122137404,46852.0,92393.91
1,299.3,308.6,1482,37.6,132,0,9.300000000000011,0.9924812030075187,55723.200000000004,92363.98000000001
1,299.4,308.7,1446,62.9,134,1,9.300000000000011,0.9925925925925926,90953.4,92424.77999999998
1,299.3,308.6,1371,50.5,136,0,9.300000000000011,0.9927007299270073,69235.5,92363.98000000001
2,299.2,308.6,1586,35.7,138,0,9.400000000000034,0.9928057553956835,56620.200000000004,92333.12000000001
1,299.2,308.5,1515,39.8,141,0,9.300000000000011,0.9929577464788732,60296.99999999999,92303.2
1,299.2,308.5,1374,53.6,143,0,9.300000000000011,0.9930555555555556,73646.40000000001,92303.2
1,299.1,308.5,1455,39.8,145,0,9.399999999999977,0.9931506849315068,57908.99999999999,92272.35
0,299.2,308.5,1342,47.5,147,0,9.300000000000011,0.9932432432432432,63745.0,92303.2
1,299.1,308.6,1260,57.8,152,0,9.5,0.9934640522875817,72828.0,92302.26000000001
0,299.0,308.5,1623,33.5,154,0,9.5,0.9935483870967742,54370.5,92241.5
1,299.1,308.5,1371,55.5,159,0,9.399999999999977,0.99375,76090.5,92272.35
1,299.1,308.6,1611,31.4,161,0,9.5,0.9938271604938271,50585.399999999994,92302.26000000001
2,299.0,308.4,1535,47.5,163,0,9.399999999999977,0.9939024390243902,72912.5,92211.59999999999
2,299.1,308.6,1491,38.5,166,0,9.5,0.9940119760479041,57403.5,92302.26000000001
2,299.1,308.6,1441,36.2,169,0,9.5,0.9941176470588236,52164.200000000004,92302.26000000001
2,299.1,308.8,1725,26.6,172,0,9.699999999999989,0.9942196531791907,45885.0,92362.08000000002
1,299.2,308.9,1368,47.2,175,0,9.699999999999989,0.9943181818181818,64569.600000000006,92422.87999999999
1,299.2,308.9,1526,37.9,177,0,9.699999999999989,0.9943820224719101,57835.4,92422.87999999999
1,299.2,308.8,1542,39.2,179,0,9.600000000000023,0.9944444444444445,60446.4,92392.96
1,299.2,308.8,1605,31.1,181,0,9.600000000000023,0.9945054945054945,49915.5,92392.96
1,299.2,308.8,1405,51.4,183,0,9.600000000000023,0.9945652173913043,72217.0,92392.96
2,299.2,308.8,1700,33.5,185,0,9.600000000000023,0.9946236559139785,56950.0,92392.96
0,299.2,308.8,1440,39.1,188,0,9.600000000000023,0.9947089947089947,56304.0,92392.96
2,299.2,308.8,1314,52.5,193,0,9.600000000000023,0.9948453608247423,68985.0,92392.96
1,299.2,308.7,1514,41.9,196,0,9.5,0.9949238578680203,63436.6,92363.04
2,299.2,308.7,1401,47.0,198,0,9.5,0.9949748743718593,65847.0,92363.04
1,299.3,308.8,1636,29.9,201,0,9.5,0.995049504950495,48916.399999999994,92423.84000000001
1,299.3,308.8,1603,33.9,203,0,9.5,0.9950980392156863,54341.7,92423.84000000001
2,299.4,308.7,1487,52.6,205,0,9.300000000000011,0.9951456310679612,78216.2,92424.77999999998
2,299.3,308.7,1420,50.3,208,0,9.399999999999977,0.9952153110047847,71426.0,92393.91
1,299.3,308.7,1579,36.3,211,0,9.399999999999977,0.9952830188679245,57317.7,92393.91
1,299.3,308.7,1484,40.5,213,0,9.399999999999977,0.9953271028037384,60102.0,92393.91
2,299.3,308.7,1390,49.3,215,0,9.399999999999977,0.9953703703703703,68527.0,92393.91
1,299.3,308.6,1384,53.6,218,1,9.300000000000011,0.9954337899543378,74182.40000000001,92363.98000000001
1,299.2,308.5,1378,50.4,220,1,9.300000000000011,0.995475113122172,69451.2,92303.2
1,299.2,308.5,1445,45.2,222,0,9.300000000000011,0.9955156950672646,65314.00000000001,92303.2
1,299.2,308.4,1445,43.5,224,0,9.199999999999989,0.9955555555555555,62857.5,92273.27999999998
1,299.2,308.4,1509,39.4,0,0,9.199999999999989,0.0,59454.6,92273.27999999998
1,299.2,308.4,1434,46.8,2,0,9.199999999999989,0.6666666666666666,67111.2,92273.27999999998
1,299.2,308.4,1877,23.9,4,0,9.199999999999989,0.8,44860.299999999996,92273.27999999998
1,299.3,308.3,1651,28.0,6,0,9.0,0.8571428571428571,46228.0,92274.19
1,299.2,308.2,1466,41.3,8,0,9.0,0.8888888888888888,60545.799999999996,92213.43999999999
1,299.1,308.1,1479,40.7,10,0,9.0,0.9090909090909091,60195.3,92152.71000000002
1,299.1,308.2,1409,46.4,12,0,9.099999999999966,0.9230769230769231,65377.6,92182.62000000001
2,299.2,308.2,1674,28.2,14,0,9.0,0.9333333333333333,47206.799999999996,92213.43999999999
1,299.1,308.3,1305,61.4,17,0,9.199999999999989,0.9444444444444444,80127.0,92212.53000000001
2,299.2,308.3,1755,26.4,19,0,9.100000000000023,0.95,46332.0,92243.36
1,299.2,308.4,1475,38.7,22,0,9.199999999999989,0.9565217391304348,57082.50000000001,92273.27999999998
1,299.2,308.4,1402,47.7,24,0,9.199999999999989,0.96,66875.40000000001,92273.27999999998
1,299.2,308.3,1410,43.0,26,0,9.100000000000023,0.9629629629629629,60630.0,92243.36
1,299.2,308.4,1436,41.8,28,0,9.199999999999989,0.9655172413793104,60024.799999999996,92273.27999999998
2,299.3,308.5,1386,42.2,30,0,9.199999999999989,0.967741935483871,58489.200000000004,92334.05
1,299.3,308.6,1744,26.4,33,0,9.300000000000011,0.9705882352941176,46041.6,92363.98000000001
1,299.2,308.4,1393,48.4,35,0,9.199999999999989,0.9722222222222222,67421.2,92273.27999999998
2,299.3,308.5,1422,45.4,37,0,9.199999999999989,0.9736842105263158,64558.799999999996,92334.05
1,299.2,308.4,1841,22.8,40,0,9.199999999999989,0.975609756097561,41974.8,92273.27999999998
1,299.3,308.6,1433,37.7,42,0,9.300000000000011,0.9767441860465116,54024.100000000006,92363.98000000001
2,299.3,308.5,1305,60.6,44,0,9.199999999999989,0.9777777777777777,79083.0,92334.05
0,299.3,308.6,1498,39.5,47,0,9.300000000000011,0.9791666666666666,59171.0,92363.98000000001
1,299.3,308.5,1772,26.1,52,0,9.199999999999989,0.9811320754716981,46249.200000000004,92334.05
2,299.2,308.4,1381,42.5,54,0,9.199999999999989,0.9818181818181818,58692.5,92273.27999999998
1,299.3,308.5,1413,38.5,57,0,9.199999999999989,0.9827586206896551,54400.5,92334.05
0,299.2,308.4,1388,53.2,59,0,9.199999999999989,0.9833333333333333,73841.6,92273.27999999998
2,299.2,308.6,1631,35.4,64,0,9.400000000000034,0.9846153846153847,57737.399999999994,92333.12000000001
0,299.3,308.6,1520,41.4,67,0,9.300000000000011,0.9852941176470589,62928.0,92363.98000000001
1,299.3,308.5,1510,45.4,72,0,9.199999999999989,0.9863013698630136,68554.0,92334.05
1,299.2,308.5,1366,49.7,74,0,9.300000000000011,0.9866666666666667,67890.2,92303.2
1,299.4,308.5,1845,22.9,76,0,9.100000000000023,0.987012987012987,42250.5,92364.9
1,299.3,308.5,1485,44.7,78,0,9.199999999999989,0.9873417721518988,66379.5,92334.05
2,299.3,308.5,1496,39.4,80,0,9.199999999999989,0.9876543209876543,58942.4,92334.05
2,299.3,308.4,1468,42.2,83,0,9.099999999999966,0.9880952380952381,61949.600000000006,92304.12
2,299.2,308.4,1856,22.7,86,0,9.199999999999989,0.9885057471264368,42131.2,92273.27999999998
1,299.2,308.4,1620,34.1,89,0,9.199999999999989,0.9888888888888889,55242.0,92273.27999999998
1,299.3,308.5,1409,44.8,91,0,9.199999999999989,0.9891304347826086,63123.2,92334.05
2,299.3,308.5,1404,49.4,93,0,9.199999999999989,0.9893617021276596,69357.59999999999,92334.05
1,299.2,308.4,1350,51.3,96,0,9.199999999999989,0.9896907216494846,69255.0,92273.27999999998
2,299.2,308.4,1538,38.0,98,0,9.199999999999989,0.98989898989899,58444.0,92273.27999999998
2,299.2,308.4,1476,32.7,101,0,9.199999999999989,0.9901960784313726,48265.200000000004,92273.27999999998
2,299.2,308.3,1364,51.8,104,0,9.100000000000023,0.9904761904761905,70655.2,92243.36
2,299.2,308.3,1582,45.5,107,0,9.100000000000023,0.9907407407407407,71981.0,92243.36
1,299.1,308.2,1348,56.1,110,0,9.099999999999966,0.990990990990991,75622.8,92182.62000000001
0,299.1,308.2,1450,46.1,112,0,9.099999999999966,0.9911504424778761,66845.0,92182.62000000001
1,299.0,308.1,1242,60.9,117,0,9.100000000000023,0.9915254237288136,75637.8,92121.90000000001
1,299.1,308.2,1493,34.9,119,0,9.099999999999966,0.9916666666666667,52105.7,92182.62000000001
1,299.1,308.3,1601,31.4,121,0,9.199999999999989,0.9918032786885246,50271.399999999994,92212.53000000001
1,299.1,308.2,1568,33.3,123,0,9.099999999999966,0.9919354838709677,52214.399999999994,92182.62000000001
2,299.1,308.3,1506,38.0,125,0,9.199999999999989,0.9920634920634921,57228.0,92212.53000000001
1,299.1,308.3,1524,34.1,128,0,9.199999999999989,0.9922480620155039,51968.4,92212.53000000001
1,299.1,308.4,1543,37.9,130,0,9.299999999999955,0.9923664122137404,58479.7,92242.44
2,299.2,308.5,1474,47.2,132,0,9.300000000000011,0.9924812030075187,69572.8,92303.2
2,299.2,308.5,1526,37.3,135,0,9.300000000000011,0.9926470588235294,56919.799999999996,92303.2
1,299.2,308.5,1867,27.0,138,0,9.300000000000011,0.9928057553956835,50409.0,92303.2
1,299.2,308.5,1487,41.2,140,0,9.300000000000011,0.9929078014184397,61264.4,92303.2
1,299.2,308.4,1580,32.6,142,0,9.199999999999989,0.993006993006993,51508.0,92273.27999999998
1,299.2,308.5,1340,50.0,144,0,9.300000000000011,0.993103448275862,67000.0,92303.2
1,299.2,308.5,1544,41.6,146,0,9.300000000000011,0.9931972789115646,64230.4,92303.2
1,299.2,308.5,1488,40.3,148,0,9.300000000000011,0.9932885906040269,59966.399999999994,92303.2
2,299.2,308.5,1742,28.9,150,0,9.300000000000011,0.9933774834437086,50343.799999999996,92303.2
2,299.1,308.5,1592,34.2,153,0,9.399999999999977,0.9935064935064936,54446.4,92272.35
1,299.2,308.6,1582,38.8,156,0,9.400000000000034,0.9936305732484076,61381.6,92333.12000000001
1,299.2,308.5,1490,43.2,158,0,9.300000000000011,0.9937106918238994,64368.00000000001,92303.2
2,299.2,308.5,1594,35.8,160,0,9.300000000000011,0.9937888198757764,57065.2,92303.2
0,299.2,308.6,1462,55.0,163,0,9.400000000000034,0.9939024390243902,80410.0,92333.12000000001
2,299.2,308.6,1367,47.6,168,0,9.400000000000034,0.9940828402366864,65069.200000000004,92333.12000000001
1,299.2,308.7,1325,51.0,171,0,9.5,0.9941860465116279,67575.0,92363.04
0,299.2,308.7,1448,51.4,173,0,9.5,0.9942528735632183,74427.2,92363.04
2,299.1,308.7,2008,20.3,178,0,9.599999999999966,0.994413407821229,40762.4,92332.17
1,299.1,308.7,1498,38.9,181,0,9.599999999999966,0.9945054945054945,58272.2,92332.17
1,299.1,308.6,1437,41.6,183,0,9.5,0.9945652173913043,59779.200000000004,92302.26000000001
2,299.1,308.6,1499,45.1,185,0,9.5,0.9946236559139785,67604.90000000001,92302.26000000001
1,299.0,308.4,1356,52.6,188,0,9.399999999999977,0.9947089947089947,71325.6,92211.59999999999
1,299.1,308.5,1539,46.8,190,0,9.399999999999977,0.9947643979057592,72025.2,92272.35
1,299.1,308.5,1689,32.1,192,0,9.399999999999977,0.9948186528497409,54216.9,92272.35
1,299.0,308.5,1559,38.1,194,0,9.5,0.9948717948717949,59397.9,92241.5
1,299.1,308.6,1408,46.7,196,0,9.5,0.9949238578680203,65753.6,92302.26000000001
1,299.0,308.5,1886,23.0,198,0,9.5,0.9949748743718593,43378.0,92241.5
1,299.1,308.5,1415,43.4,0,0,9.399999999999977,0.0,61411.0,92272.35
2,299.1,308.5,1587,35.6,2,0,9.399999999999977,0.6666666666666666,56497.200000000004,92272.35
1,299.0,308.4,1571,38.6,5,0,9.399999999999977,0.8333333333333334,60640.600000000006,92211.59999999999
1,298.9,308.3,1576,36.6,7,0,9.400000000000034,0.875,57681.600000000006,92150.87
1,298.9,308.3,1660,34.4,9,0,9.400000000000034,0.9,57104.0,92150.87
2,298.9,308.2,1328,49.2,11,0,9.300000000000011,0.9166666666666666,65337.600000000006,92120.98
0,298.8,308.2,1450,44.7,14,0,9.399999999999977,0.9333333333333333,64815.00000000001,92090.16
1,298.9,308.2,2384,15.0,19,0,9.300000000000011,0.95,35760.0,92120.98
1,298.8,308.2,1443,53.4,21,0,9.399999999999977,0.9545454545454546,77056.2,92090.16
2,298.9,308.2,2022,20.0,23,0,9.300000000000011,0.9583333333333334,40440.0,92120.98
1,298.9,308.2,1828,23.8,26,0,9.300000000000011,0.9629629629629629,43506.4,92120.98
1,298.8,308.1,1472,53.5,28,0,9.300000000000011,0.9655172413793104,78752.0,92060.28000000001
2,298.9,308.2,1372,63.6,30,1,9.300000000000011,0.967741935483871,87259.2,92120.98
1,298.9,308.3,1855,23.8,33,0,9.400000000000034,0.9705882352941176,44149.0,92150.87
2,299.0,308.3,1377,47.2,35,0,9.300000000000011,0.9722222222222222,64994.4,92181.7
1,298.9,308.3,1432,48.9,38,0,9.400000000000034,0.9743589743589743,70024.8,92150.87
2,298.9,308.2,1335,47.8,40,0,9.300000000000011,0.975609756097561,63812.99999999999,92120.98
2,298.9,308.2,1411,51.3,43,0,9.300000000000011,0.9772727272727273,72384.3,92120.98
1,298.9,308.2,1510,43.5,46,0,9.300000000000011,0.9787234042553191,65685.0,92120.98
1,299.0,308.3,1441,44.0,48,0,9.300000000000011,0.9795918367346939,63404.0,92181.7
2,299.0,308.2,1358,42.7,50,0,9.199999999999989,0.9803921568627451,57986.600000000006,92151.8
1,298.9,308.2,1686,30.4,53,0,9.300000000000011,0.9814814814814815,51254.399999999994,92120.98
0,299.0,308.2,1662,30.4,55,0,9.199999999999989,0.9821428571428571,50524.799999999996,92151.8
1,299.1,308.3,1426,40.1,60,0,9.199999999999989,0.9836065573770492,57182.6,92212.53000000001
2,299.1,308.4,1330,53.6,62,0,9.299999999999955,0.9841269841269841,71288.0,92242.44
1,299.1,308.4,1693,31.6,65,0,9.299999999999955,0.9848484848484849,53498.8,92242.44
1,299.1,308.4,1426,47.9,67,0,9.299999999999955,0.9852941176470589,68305.4,92242.44
1,299.1,308.5,1676,31.0,69,0,9.399999999999977,0.9857142857142858,51956.0,92272.35
2,299.1,308.4,1332,51.7,71,0,9.299999999999955,0.9861111111111112,68864.40000000001,92242.44
1,299.1,308.5,1647,35.0,74,0,9.399999999999977,0.9866666666666667,57645.0,92272.35
1,299.2,308.6,1267,68.2,76,1,9.400000000000034,0.987012987012987,86409.40000000001,92333.12000000001
0,299.2,308.7,1375,55.1,78,0,9.5,0.9873417721518988,75762.5,92363.04
1,299.3,308.6,1422,48.9,83,0,9.300000000000011,0.9880952380952381,69535.8,92363.98000000001
1,299.3,308.7,1408,48.7,85,0,9.399999999999977,0.9883720930232558,68569.6,92393.91
1,299.4,308.9,1440,42.5,87,0,9.5,0.9886363636363636,61200.0,92484.65999999999
1,299.3,308.8,1772,25.2,89,0,9.5,0.9888888888888889,44654.4,92423.84000000001
1,299.2,308.7,1492,37.8,91,0,9.5,0.9891304347826086,56397.6,92363.04
1,299.2,308.7,1650,30.5,93,0,9.5,0.9893617021276596,50325.0,92363.04
2,299.1,308.6,2329,14.6,95,0,9.5,0.9895833333333334,34003.4,92302.26000000001
1,299.0,308.6,1648,30.8,98,0,9.600000000000023,0.98989898989899,50758.4,92271.40000000001
1,299.0,308.6,1653,31.7,100,0,9.600000000000023,0.9900990099009901,52400.1,92271.40000000001
1,299.0,308.6,1946,22.3,102,0,9.600000000000023,0.9902912621359223,43395.8,92271.40000000001
1,299.1,308.6,1555,36.6,104,0,9.5,0.9904761904761905,56913.0,92302.26000000001
1,299.0,308.6,1661,32.2,106,0,9.600000000000023,0.9906542056074766,53484.200000000004,92271.40000000001
1,299.0,308.6,1434,45.9,108,0,9.600000000000023,0.9908256880733946,65820.59999999999,92271.40000000001
1,299.0,308.6,1297,54.2,110,0,9.600000000000023,0.990990990990991,70297.40000000001,92271.40000000001
1,299.0,308.6,1466,46.4,112,0,9.600000000000023,0.9911504424778761,68022.4,92271.40000000001
2,298.9,308.6,1517,39.8,114,0,9.700000000000045,0.991304347826087,60376.6,92240.54
1,298.9,308.5,1742,34.5,117,0,9.600000000000023,0.9915254237288136,60099.0,92210.65
1,298.9,308.5,1580,39.1,119,0,9.600000000000023,0.9916666666666667,61778.0,92210.65
2,298.9,308.5,1534,42.9,121,0,9.600000000000023,0.9918032786885246,65808.59999999999,92210.65
1,298.9,308.6,1481,40.7,124,0,9.700000000000045,0.992,60276.700000000004,92240.54
1,299.0,308.6,1429,37.7,126,0,9.600000000000023,0.9921259842519685,53873.3,92271.40000000001
2,298.9,308.6,1574,33.5,128,0,9.700000000000045,0.9922480620155039,52729.0,92240.54
2,298.9,308.6,1524,40.4,131,0,9.700000000000045,0.9924242424242424,61569.6,92240.54
1,299.0,308.7,1507,37.5,134,0,9.699999999999989,0.9925925925925926,56512.5,92301.3
1,298.9,308.5,1467,44.7,136,0,9.600000000000023,0.9927007299270073,65574.90000000001,92210.65
1,298.9,308.4,1301,51.1,138,0,9.5,0.9928057553956835,66481.1,92180.75999999998
1,298.9,308.5,1429,55.1,140,0,9.600000000000023,0.9929078014184397,78737.90000000001,92210.65
2,298.9,308.5,1555,37.6,142,0,9.600000000000023,0.993006993006993,58468.0,92210.65
1,298.9,308.5,1503,40.6,145,0,9.600000000000023,0.9931506849315068,61021.8,92210.65
1,298.9,308.5,1459,43.1,147,0,9.600000000000023,0.9932432432432432,62882.9,92210.65
0,298.9,308.4,1449,42.4,149,0,9.5,0.9933333333333333,61437.6,92180.75999999998
1,298.9,308.5,1387,57.3,154,0,9.600000000000023,0.9935483870967742,79475.09999999999,92210.65
2,298.9,308.5,1456,50.0,156,0,9.600000000000023,0.9936305732484076,72800.0,92210.65
1,299.0,308.5,1604,34.7,159,0,9.5,0.99375,55658.8,92241.5
1,299.0,308.6,1734,32.4,161,0,9.600000000000023,0.9938271604938271,56181.6,92271.40000000001
1,299.0,308.6,1378,47.8,163,0,9.600000000000023,0.9939024390243902,65868.4,92271.40000000001
1,298.9,308.7,1504,41.8,165,0,9.800000000000011,0.9939759036144579,62867.2,92270.43
2,298.9,308.7,1402,49.8,167,0,9.800000000000011,0.9940476190476191,69819.59999999999,92270.43
0,298.8,308.6,1524,37.7,170,0,9.800000000000011,0.9941520467836257,57454.8,92209.68000000001
1,298.8,308.6,1593,35.5,175,0,9.800000000000011,0.9943181818181818,56551.5,92209.68000000001
2,298.9,308.7,1772,28.4,177,0,9.800000000000011,0.9943820224719101,50324.799999999996,92270.43
0,298.9,308.6,1623,31.0,180,0,9.700000000000045,0.994475138121547,50313.0,92240.54
1,298.9,308.7,1356,50.7,185,0,9.800000000000011,0.9946236559139785,68749.2,92270.43
0,298.9,308.7,1500,41.6,187,0,9.800000000000011,0.9946808510638298,62400.0,92270.43
0,299.1,308.8,1566,46.6,192,0,9.699999999999989,0.9948186528497409,72975.6,92362.08000000002
1,299.1,308.9,1445,43.4,197,0,9.799999999999955,0.9949494949494949,62713.0,92391.99
0,299.0,308.8,1382,58.5,199,0,9.800000000000011,0.995,80847.0,92331.2
2,299.0,308.8,1418,45.7,204,0,9.800000000000011,0.9951219512195122,64802.600000000006,92331.2
1,299.1,308.8,1329,53.6,207,1,9.699999999999989,0.9951923076923077,71234.40000000001,92362.08000000002
2,299.1,308.8,1491,41.0,209,0,9.699999999999989,0.9952380952380953,61131.0,92362.08000000002
2,299.2,308.9,1573,37.4,212,0,9.699999999999989,0.9953051643192489,58830.2,92422.87999999999
2,299.2,308.9,1521,42.3,215,0,9.699999999999989,0.9953703703703703,64338.299999999996,92422.87999999999
1,299.1,308.9,1467,47.2,218,0,9.799999999999955,0.9954337899543378,69242.40000000001,92391.99
2,299.1,308.9,1325,48.4,220,0,9.799999999999955,0.995475113122172,64130.0,92391.99
1,299.1,308.9,1617,32.3,223,0,9.799999999999955,0.9955357142857143,52229.1,92391.99
2,299.1,308.9,1476,42.7,225,0,9.799999999999955,0.995575221238938,63025.200000000004,92391.99
1,299.2,309.0,1515,48.9,228,1,9.800000000000011,0.9956331877729258,74083.5,92452.8
1,299.2,309.0,1408,47.2,0,0,9.800000000000011,0.0,66457.6,92452.8
1,299.2,309.1,1468,45.6,2,0,9.900000000000034,0.6666666666666666,66940.8,92482.72
1,299.2,309.1,1387,48.7,4,0,9.900000000000034,0.8,67546.90000000001,92482.72
2,299.2,309.1,1503,34.7,6,0,9.900000000000034,0.8571428571428571,52154.100000000006,92482.72
0,299.2,309.1,1410,47.1,9,0,9.900000000000034,0.9,66411.0,92482.72
1,299.0,308.9,1615,30.6,14,0,9.899999999999977,0.9333333333333333,49419.0,92361.09999999999
1,299.0,308.9,1511,35.9,16,0,9.899999999999977,0.9411764705882353,54244.9,92361.09999999999
1,299.1,309.0,1405,53.8,18,0,9.899999999999977,0.9473684210526315,75589.0,92421.90000000001
2,299.0,308.9,1526,41.1,20,0,9.899999999999977,0.9523809523809523,62718.6,92361.09999999999
1,298.9,308.8,1530,38.3,23,0,9.900000000000034,0.9583333333333334,58598.99999999999,92300.31999999999
1,299.0,308.7,1583,32.5,25,0,9.699999999999989,0.9615384615384616,51447.5,92301.3
1,298.9,308.6,2069,18.7,27,0,9.700000000000045,0.9642857142857143,38690.299999999996,92240.54
1,298.8,308.5,1490,35.0,29,0,9.699999999999989,0.9666666666666667,52150.0,92179.8
1,298.8,308.5,1736,29.0,31,0,9.699999999999989,0.96875,50344.0,92179.8
1,298.8,308.5,1395,44.4,33,0,9.699999999999989,0.9705882352941176,61938.0,92179.8
2,298.9,308.6,1425,49.6,35,0,9.700000000000045,0.9722222222222222,70680.0,92240.54
1,298.8,308.6,1631,32.4,38,0,9.800000000000011,0.9743589743589743,52844.399999999994,92209.68000000001
1,298.8,308.6,1535,41.2,40,0,9.800000000000011,0.975609756097561,63242.00000000001,92209.68000000001
1,298.8,308.6,1584,34.4,42,0,9.800000000000011,0.9767441860465116,54489.6,92209.68000000001
2,298.8,308.7,1543,38.2,44,0,9.899999999999977,0.9777777777777777,58942.600000000006,92239.56
1,298.8,308.7,1635,35.2,47,0,9.899999999999977,0.9791666666666666,57552.00000000001,92239.56
2,298.8,308.7,1446,45.5,49,0,9.899999999999977,0.98,65793.0,92239.56
2,298.8,308.6,1598,35.1,52,0,9.800000000000011,0.9811320754716981,56089.8,92209.68000000001
1,298.8,308.6,1501,35.0,55,0,9.800000000000011,0.9821428571428571,52535.0,92209.68000000001
1,298.8,308.5,1450,50.8,57,0,9.699999999999989,0.9827586206896551,73660.0,92179.8
1,298.8,308.6,1730,25.9,59,0,9.800000000000011,0.9833333333333333,44807.0,92209.68000000001
2,298.8,308.6,1571,33.7,61,0,9.800000000000011,0.9838709677419355,52942.700000000004,92209.68000000001
1,298.9,308.7,1438,51.7,64,0,9.800000000000011,0.9846153846153847,74344.6,92270.43
2,298.8,308.5,1510,38.7,66,0,9.699999999999989,0.9850746268656716,58437.00000000001,92179.8
1,298.9,308.7,1389,44.9,69,0,9.800000000000011,0.9857142857142858,62366.1,92270.43
1,298.8,308.7,1490,33.6,71,0,9.899999999999977,0.9861111111111112,50064.0,92239.56
1,298.9,308.7,1729,26.6,73,0,9.800000000000011,0.9864864864864865,45991.4,92270.43
1,299.0,308.8,1495,38.4,75,0,9.800000000000011,0.9868421052631579,57408.0,92331.2
1,298.9,308.8,1281,53.9,77,0,9.900000000000034,0.9871794871794872,69045.9,92300.31999999999
0,298.9,308.7,1353,48.1,79,0,9.800000000000011,0.9875,65079.3,92270.43
1,299.1,308.8,1429,50.1,84,0,9.699999999999989,0.9882352941176471,71592.90000000001,92362.08000000002
1,299.1,308.8,1413,42.1,86,0,9.699999999999989,0.9885057471264368,59487.3,92362.08000000002
1,299.1,308.8,1502,38.3,88,0,9.699999999999989,0.9887640449438202,57526.6,92362.08000000002
0,299.1,308.8,1553,32.6,90,0,9.699999999999989,0.989010989010989,50627.8,92362.08000000002
0,299.2,308.9,1712,26.4,95,0,9.699999999999989,0.9895833333333334,45196.799999999996,92422.87999999999
1,299.3,309.0,1786,23.5,100,0,9.699999999999989,0.9900990099009901,41971.0,92483.7
1,299.2,309.0,1951,21.4,102,0,9.800000000000011,0.9902912621359223,41751.399999999994,92452.8
2,299.2,309.0,1541,36.3,104,0,9.800000000000011,0.9904761904761905,55938.299999999996,92452.8
1,299.2,309.1,1605,34.3,107,0,9.900000000000034,0.9907407407407407,55051.49999999999,92482.72
1,299.2,309.1,1578,38.1,109,0,9.900000000000034,0.990909090909091,60121.8,92482.72
2,299.3,309.2,1440,37.5,111,0,9.899999999999977,0.9910714285714286,54000.0,92543.56
1,299.4,309.2,1489,42.3,114,0,9.800000000000011,0.991304347826087,62984.7,92574.48
1,299.4,309.3,1366,48.4,116,0,9.900000000000034,0.9914529914529915,66114.4,92604.42
1,299.3,309.2,1541,37.2,118,0,9.899999999999977,0.9915966386554622,57325.200000000004,92543.56
0,299.3,309.1,1552,40.7,120,0,9.800000000000011,0.9917355371900827,63166.4,92513.63
1,299.3,309.1,1473,40.3,125,0,9.800000000000011,0.9920634920634921,59361.899999999994,92513.63
1,299.3,309.1,1531,37.9,127,0,9.800000000000011,0.9921875,58024.9,92513.63
1,299.3,309.2,1511,37.2,129,0,9.899999999999977,0.9923076923076923,56209.200000000004,92543.56
2,299.3,309.1,1449,47.9,131,0,9.800000000000011,0.9924242424242424,69407.09999999999,92513.63
2,299.4,309.1,1440,50.0,134,0,9.700000000000045,0.9925925925925926,72000.0,92544.54
2,299.2,309.0,1881,23.9,137,0,9.800000000000011,0.9927536231884058,44955.899999999994,92452.8
1,299.3,309.0,1447,50.4,140,0,9.699999999999989,0.9929078014184397,72928.8,92483.7
2,299.4,309.1,1326,62.0,142,0,9.700000000000045,0.993006993006993,82212.0,92544.54
1,299.4,309.2,1607,31.7,145,0,9.800000000000011,0.9931506849315068,50941.9,92574.48
1,299.3,309.1,1551,39.1,147,0,9.800000000000011,0.9932432432432432,60644.100000000006,92513.63
1,299.3,309.1,1496,37.2,149,0,9.800000000000011,0.9933333333333333,55651.200000000004,92513.63
1,299.3,309.1,1493,38.0,151,0,9.800000000000011,0.993421052631579,56734.0,92513.63
1,299.4,309.1,1304,50.5,153,0,9.700000000000045,0.9935064935064936,65852.0,92544.54
2,299.3,309.0,1420,41.6,155,0,9.699999999999989,0.9935897435897436,59072.0,92483.7
1,299.4,309.1,1766,24.6,158,0,9.700000000000045,0.9937106918238994,43443.600000000006,92544.54
1,299.6,309.2,1450,43.1,160,0,9.599999999999966,0.9937888198757764,62495.0,92636.32
0,299.5,309.2,1872,22.6,162,0,9.699999999999989,0.9938650306748467,42307.200000000004,92605.4
1,299.6,309.2,1713,26.5,167,0,9.599999999999966,0.9940476190476191,45394.5,92636.32
2,299.5,309.2,1497,40.9,169,0,9.699999999999989,0.9941176470588236,61227.299999999996,92605.4
2,299.4,309.1,1352,44.7,172,0,9.700000000000045,0.9942196531791907,60434.4,92544.54
1,299.5,309.2,1499,41.5,175,0,9.699999999999989,0.9943181818181818,62208.5,92605.4
1,299.5,309.3,1972,19.3,177,0,9.800000000000011,0.9943820224719101,38059.6,92635.35
1,299.5,309.3,1422,49.2,179,0,9.800000000000011,0.9944444444444445,69962.40000000001,92635.35
1,299.5,309.3,1523,41.5,181,0,9.800000000000011,0.9945054945054945,63204.5,92635.35
1,299.5,309.4,1563,41.5,183,0,9.899999999999977,0.9945652173913043,64864.5,92665.29999999999
1,299.4,309.3,1391,46.6,185,0,9.900000000000034,0.9946236559139785,64820.6,92604.42
1,299.3,309.1,1795,24.7,187,0,9.800000000000011,0.9946808510638298,44336.5,92513.63
1,299.3,309.1,1293,53.7,189,0,9.800000000000011,0.9947368421052631,69434.1,92513.63
1,299.2,309.1,1345,60.7,191,1,9.900000000000034,0.9947916666666666,81641.5,92482.72
1,299.2,309.0,1615,33.7,193,0,9.800000000000011,0.9948453608247423,54425.50000000001,92452.8
1,299.2,308.9,1342,50.8,195,0,9.699999999999989,0.9948979591836735,68173.59999999999,92422.87999999999
1,299.1,308.8,1502,46.7,197,0,9.699999999999989,0.9949494949494949,70143.40000000001,92362.08000000002
2,299.0,308.7,1620,35.4,199,0,9.699999999999989,0.995,57348.0,92301.3
1,299.0,308.7,1537,42.8,202,0,9.699999999999989,0.9950738916256158,65783.59999999999,92301.3
1,299.0,308.7,2248,16.8,204,0,9.699999999999989,0.9951219512195122,37766.4,92301.3
1,299.0,308.7,1706,28.6,206,0,9.699999999999989,0.9951690821256038,48791.600000000006,92301.3
1,299.0,308.7,2250,16.6,208,0,9.699999999999989,0.9952153110047847,37350.0,92301.3
1,299.0,308.7,1396,48.6,0,0,9.699999999999989,0.0,67845.6,92301.3
1,298.9,308.6,1522,46.4,2,0,9.700000000000045,0.6666666666666666,70620.8,92240.54
1,298.9,308.6,1539,45.4,4,0,9.700000000000045,0.8,69870.59999999999,92240.54
0,298.9,308.5,1415,54.0,6,0,9.600000000000023,0.8571428571428571,76410.0,92210.65
1,298.8,308.5,1446,37.0,11,0,9.699999999999989,0.9166666666666666,53502.0,92179.8
2,298.8,308.6,1486,41.1,13,0,9.800000000000011,0.9285714285714286,61074.6,92209.68000000001
1,299.0,308.7,1426,38.6,16,0,9.699999999999989,0.9411764705882353,55043.6,92301.3
1,299.0,308.7,1449,38.9,18,0,9.699999999999989,0.9473684210526315,56366.1,92301.3
1,299.1,308.8,1320,67.5,20,1,9.699999999999989,0.9523809523809523,89100.0,92362.08000000002
2,299.2,308.9,1447,39.6,22,0,9.699999999999989,0.9565217391304348,57301.200000000004,92422.87999999999
1,299.3,309.0,1422,47.3,25,0,9.699999999999989,0.9615384615384616,67260.59999999999,92483.7
1,299.3,309.1,1399,52.1,27,0,9.800000000000011,0.9642857142857143,72887.90000000001,92513.63
1,299.4,309.2,1427,41.5,29,0,9.800000000000011,0.9666666666666667,59220.5,92574.48
2,299.3,309.2,1334,46.3,31,0,9.899999999999977,0.96875,61764.2,92543.56
2,299.3,309.1,1385,45.6,34,0,9.800000000000011,0.9714285714285714,63156.0,92513.63
1,299.4,309.2,1552,37.4,37,0,9.800000000000011,0.9736842105263158,58044.799999999996,92574.48
0,299.4,309.3,1534,37.5,39,0,9.900000000000034,0.975,57525.0,92604.42
1,299.4,309.3,1448,48.6,44,0,9.900000000000034,0.9777777777777777,70372.8,92604.42
1,299.5,309.3,1409,44.7,46,0,9.800000000000011,0.9787234042553191,62982.3,92635.35
1,299.4,309.2,1621,34.5,48,0,9.800000000000011,0.9795918367346939,55924.5,92574.48
0,299.4,309.1,1547,40.9,50,0,9.700000000000045,0.9803921568627451,63272.299999999996,92544.54
1,299.4,309.1,1957,22.1,55,0,9.700000000000045,0.9821428571428571,43249.700000000004,92544.54
1,299.4,309.1,2421,14.2,57,0,9.700000000000045,0.9827586206896551,34378.2,92544.54
2,299.3,309.1,1571,38.3,59,0,9.800000000000011,0.9833333333333333,60169.299999999996,92513.63
1,299.3,309.1,1634,36.8,62,0,9.800000000000011,0.9841269841269841,60131.2,92513.63
1,299.3,309.0,1516,38.7,64,0,9.699999999999989,0.9846153846153847,58669.200000000004,92483.7
1,299.4,309.1,1207,66.5,66,0,9.700000000000045,0.9850746268656716,80265.5,92544.54
1,299.4,309.1,1670,35.9,68,0,9.700000000000045,0.9855072463768116,59953.0,92544.54
2,299.4,309.1,1461,48.6,70,0,9.700000000000045,0.9859154929577465,71004.6,92544.54
1,299.4,309.2,1569,40.8,73,0,9.800000000000011,0.9864864864864865,64015.2,92574.48
1,299.4,309.2,1556,35.7,75,0,9.800000000000011,0.9868421052631579,55549.200000000004,92574.48
2,299.5,309.3,1506,41.5,77,0,9.800000000000011,0.9871794871794872,62499.0,92635.35
2,299.6,309.4,1642,30.3,80,0,9.799999999999955,0.9876543209876543,49752.6,92696.24
2,299.6,309.4,1283,62.1,83,0,9.799999999999955,0.9880952380952381,79674.3,92696.24
0,299.7,309.5,1375,46.8,86,0,9.800000000000011,0.9885057471264368,64349.99999999999,92757.15
1,299.7,309.4,1399,39.9,91,0,9.699999999999989,0.9891304347826086,55820.1,92727.18
1,299.7,309.4,1650,29.8,93,0,9.699999999999989,0.9893617021276596,49170.0,92727.18
2,299.8,309.6,1346,53.2,95,0,9.800000000000011,0.9895833333333334,71607.2,92818.08000000002
0,299.9,309.6,1410,51.2,98,0,9.700000000000045,0.98989898989899,72192.0,92849.04
1,300.0,309.7,1586,37.8,103,0,9.699999999999989,0.9903846153846154,59950.799999999996,92910.0
1,300.0,309.8,1372,39.6,105,0,9.800000000000011,0.9905660377358491,54331.200000000004,92940.0
0,300.0,309.7,1529,42.4,107,0,9.699999999999989,0.9907407407407407,64829.6,92910.0
2,300.0,309.7,1652,28.6,112,0,9.699999999999989,0.9911504424778761,47247.200000000004,92910.0
1,300.1,309.8,1532,39.8,115,0,9.699999999999989,0.9913793103448276,60973.6,92970.98000000001
1,300.0,309.7,1554,32.0,117,0,9.699999999999989,0.9915254237288136,49728.0,92910.0
0,299.9,309.6,1462,51.0,119,0,9.700000000000045,0.9916666666666667,74562.0,92849.04
1,299.9,309.6,1254,61.3,124,0,9.700000000000045,0.992,76870.2,92849.04
1,299.9,309.6,1294,49.7,126,0,9.700000000000045,0.9921259842519685,64311.8,92849.04
1,299.8,309.5,1739,27.5,128,0,9.699999999999989,0.9922480620155039,47822.5,92788.1
2,299.8,309.4,1412,47.8,130,0,9.599999999999966,0.9923664122137404,67493.59999999999,92758.12
2,299.9,309.5,1372,56.2,133,0,9.600000000000023,0.9925373134328358,77106.40000000001,92819.04999999999
0,299.8,309.5,1420,46.7,136,0,9.699999999999989,0.9927007299270073,66314.0,92788.1
1,299.8,309.5,1542,40.3,141,0,9.699999999999989,0.9929577464788732,62142.6,92788.1
2,299.8,309.4,1401,48.1,143,0,9.599999999999966,0.9930555555555556,67388.1,92758.12
1,299.8,309.4,1510,42.5,146,0,9.599999999999966,0.9931972789115646,64175.0,92758.12
0,299.9,309.5,1547,38.5,148,0,9.600000000000023,0.9932885906040269,59559.5,92819.04999999999
2,299.8,309.5,1453,43.2,153,0,9.699999999999989,0.9935064935064936,62769.600000000006,92788.1
1,299.8,309.4,1408,45.6,156,0,9.599999999999966,0.9936305732484076,64204.8,92758.12
1,299.8,309.4,1436,51.6,158,0,9.599999999999966,0.9937106918238994,74097.6,92758.12
2,299.9,309.5,1582,38.2,160,0,9.600000000000023,0.9937888198757764,60432.4,92819.04999999999
1,299.9,309.6,1280,59.3,163,0,9.700000000000045,0.9939024390243902,75904.0,92849.04
1,299.9,309.5,2008,20.4,165,0,9.600000000000023,0.9939759036144579,40963.2,92819.04999999999
1,299.9,309.5,1772,23.5,167,0,9.600000000000023,0.9940476190476191,41642.0,92819.04999999999
1,299.9,309.5,1779,26.1,169,0,9.600000000000023,0.9941176470588236,46431.9,92819.04999999999
1,299.9,309.5,1567,35.5,171,0,9.600000000000023,0.9941860465116279,55628.5,92819.04999999999
2,299.8,309.4,1751,27.0,173,0,9.599999999999966,0.9942528735632183,47277.0,92758.12
1,299.9,309.5,1349,51.3,176,0,9.600000000000023,0.9943502824858758,69203.7,92819.04999999999
2,300.0,309.5,1425,40.8,178,0,9.5,0.994413407821229,58139.99999999999,92850.0
1,300.0,309.4,1395,44.5,181,0,9.399999999999977,0.9945054945054945,62077.5,92820.0
0,299.8,309.3,1595,32.1,183,0,9.5,0.9945652173913043,51199.5,92728.14000000001
1,299.8,309.3,1291,56.4,188,0,9.5,0.9947089947089947,72812.4,92728.14000000001
2,299.9,309.4,1509,42.8,190,0,9.5,0.9947643979057592,64585.2,92789.05999999998
2,299.9,309.4,1483,38.1,193,0,9.5,0.9948453608247423,56502.3,92789.05999999998
1,299.9,309.3,1620,31.1,196,0,9.400000000000034,0.9949238578680203,50382.0,92759.06999999999
2,299.9,309.4,1487,42.2,198,0,9.5,0.9949748743718593,62751.4,92789.05999999998
1,299.8,309.4,2256,15.9,201,0,9.599999999999966,0.995049504950495,35870.4,92758.12
0,299.7,309.2,1691,27.7,203,0,9.5,0.9950980392156863,46840.7,92667.23999999999
2,299.8,309.3,1663,35.2,208,0,9.5,0.9952153110047847,58537.600000000006,92728.14000000001
2,299.8,309.3,1640,31.1,211,0,9.5,0.9952830188679245,51004.0,92728.14000000001
0,299.7,309.3,1494,37.8,214,0,9.600000000000023,0.9953488372093023,56473.2,92697.21
1,299.8,309.4,1467,46.2,219,0,9.599999999999966,0.9954545454545455,67775.40000000001,92758.12
2,299.7,309.3,1399,41.9,221,1,9.600000000000023,0.9954954954954955,58618.1,92697.21
1,299.7,309.3,1445,42.6,0,0,9.600000000000023,0.0,61557.0,92697.21
1,299.8,309.4,1480,40.9,2,0,9.599999999999966,0.6666666666666666,60532.0,92758.12
1,299.7,309.3,1546,37.2,4,0,9.600000000000023,0.8,57511.200000000004,92697.21
1,299.7,309.3,1574,35.8,6,0,9.600000000000023,0.8571428571428571,56349.2,92697.21
1,299.7,309.3,1592,34.2,8,0,9.600000000000023,0.8888888888888888,54446.4,92697.21
1,299.8,309.5,1495,39.6,10,0,9.699999999999989,0.9090909090909091,59202.0,92788.1
1,299.8,309.6,1447,43.1,12,0,9.800000000000011,0.9230769230769231,62365.700000000004,92818.08000000002
1,299.8,309.5,1476,44.4,14,0,9.699999999999989,0.9333333333333333,65534.4,92788.1
1,299.8,309.5,1641,27.1,16,0,9.699999999999989,0.9411764705882353,44471.100000000006,92788.1
1,299.8,309.5,1545,32.2,18,0,9.699999999999989,0.9473684210526315,49749.00000000001,92788.1
2,299.9,309.6,1364,44.4,20,0,9.700000000000045,0.9523809523809523,60561.6,92849.04
1,299.8,309.5,1590,28.5,23,0,9.699999999999989,0.9583333333333334,45315.0,92788.1
1,299.8,309.4,1460,37.4,25,0,9.599999999999966,0.9615384615384616,54604.0,92758.12
1,299.8,309.4,1609,32.5,27,0,9.599999999999966,0.9642857142857143,52292.5,92758.12
1,299.8,309.4,1633,27.5,29,0,9.599999999999966,0.9666666666666667,44907.5,92758.12
1,299.9,309.4,1348,52.8,31,0,9.5,0.96875,71174.4,92789.05999999998
1,299.9,309.4,1322,53.9,33,0,9.5,0.9705882352941176,71255.8,92789.05999999998
1,300.0,309.5,1641,30.1,35,0,9.5,0.9722222222222222,49394.100000000006,92850.0
1,300.0,309.5,1728,26.0,37,0,9.5,0.9736842105263158,44928.0,92850.0
1,300.0,309.6,1431,47.7,39,0,9.600000000000023,0.975,68258.7,92880.0
1,300.1,309.7,1641,30.4,41,0,9.599999999999966,0.9761904761904762,49886.399999999994,92940.97
2,300.1,309.6,1622,36.1,43,0,9.5,0.9772727272727273,58554.200000000004,92910.96000000002
2,300.1,309.6,1625,38.0,46,0,9.5,0.9787234042553191,61750.0,92910.96000000002
1,300.0,309.5,1869,22.7,49,0,9.5,0.98,42426.299999999996,92850.0
1,300.0,309.6,1452,46.0,51,0,9.600000000000023,0.9807692307692307,66792.0,92880.0
1,300.0,309.6,1618,28.7,53,0,9.600000000000023,0.9814814814814815,46436.6,92880.0
1,300.0,309.4,2010,20.0,55,0,9.399999999999977,0.9821428571428571,40200.0,92820.0
1,299.9,309.4,1363,60.9,57,0,9.5,0.9827586206896551,83006.7,92789.05999999998
1,299.9,309.3,1473,40.4,59,0,9.400000000000034,0.9833333333333333,59509.2,92759.06999999999
1,299.9,309.2,1333,50.8,61,0,9.300000000000011,0.9838709677419355,67716.4,92729.07999999999
1,299.8,309.2,1760,25.9,63,0,9.399999999999977,0.984375,45584.0,92698.16
2,299.8,309.2,1372,58.2,65,0,9.399999999999977,0.9848484848484849,79850.40000000001,92698.16
2,299.7,309.2,1608,34.4,68,0,9.5,0.9855072463768116,55315.2,92667.23999999999
1,299.7,309.2,1326,64.8,71,0,9.5,0.9861111111111112,85924.8,92667.23999999999
2,299.6,309.1,1560,37.1,73,0,9.5,0.9864864864864865,57876.0,92606.36000000002
2,299.6,309.0,1539,36.1,76,0,9.399999999999977,0.987012987012987,55557.9,92576.40000000001
1,299.6,309.1,2266,15.3,79,0,9.5,0.9875,34669.8,92606.36000000002
1,299.6,309.1,1641,35.8,81,0,9.5,0.9878048780487805,58747.799999999996,92606.36000000002
1,299.6,309.1,1574,39.2,83,0,9.5,0.9880952380952381,61700.8,92606.36000000002
1,299.6,309.1,1407,50.6,85,0,9.5,0.9883720930232558,71194.2,92606.36000000002
0,299.7,309.2,1302,55.5,87,0,9.5,0.9886363636363636,72261.0,92667.23999999999
2,299.6,309.2,1651,30.8,92,0,9.599999999999966,0.989247311827957,50850.8,92636.32
2,299.6,309.1,1366,55.2,95,0,9.5,0.9895833333333334,75403.2,92606.36000000002
2,299.5,309.0,1701,28.6,98,0,9.5,0.98989898989899,48648.600000000006,92545.5
1,299.5,309.0,1498,44.6,101,0,9.5,0.9901960784313726,66810.8,92545.5
2,299.5,309.1,1422,45.3,103,0,9.600000000000023,0.9903846153846154,64416.6,92575.45000000001
1,299.5,309.1,1357,47.3,106,0,9.600000000000023,0.9906542056074766,64186.1,92575.45000000001
1,299.5,309.2,1690,29.2,108,0,9.699999999999989,0.9908256880733946,49348.0,92605.4
1,299.6,309.2,1559,39.1,110,0,9.599999999999966,0.990990990990991,60956.9,92636.32
2,299.6,309.3,1553,32.4,112,0,9.699999999999989,0.9911504424778761,50317.2,92666.28000000001
1,299.6,309.3,1558,34.8,115,0,9.699999999999989,0.9913793103448276,54218.399999999994,92666.28000000001
1,299.7,309.4,1362,51.9,117,0,9.699999999999989,0.9915254237288136,70687.8,92727.18
2,299.8,309.3,1470,42.7,119,0,9.5,0.9916666666666667,62769.00000000001,92728.14000000001
1,299.8,309.4,1555,34.8,122,0,9.599999999999966,0.991869918699187,54113.99999999999,92758.12
2,299.8,309.4,1423,42.9,124,0,9.599999999999966,0.992,61046.7,92758.12
1,299.7,309.3,1434,38.5,127,0,9.600000000000023,0.9921875,55209.0,92697.21
1,299.7,309.3,1779,25.5,129,0,9.600000000000023,0.9923076923076923,45364.5,92697.21
1,299.7,309.3,1417,54.6,131,0,9.600000000000023,0.9924242424242424,77368.2,92697.21
1,299.6,309.2,1425,45.9,133,0,9.599999999999966,0.9925373134328358,65407.5,92636.32
2,299.7,309.2,1597,32.9,135,0,9.5,0.9926470588235294,52541.299999999996,92667.23999999999
1,299.7,309.2,1346,57.4,138,0,9.5,0.9928057553956835,77260.4,92667.23999999999
1,299.7,309.2,1422,40.4,140,0,9.5,0.9929078014184397,57448.799999999996,92667.23999999999
0,299.7,309.2,1572,32.8,142,0,9.5,0.993006993006993,51561.6,92667.23999999999
1,299.7,309.2,1412,45.4,147,0,9.5,0.9932432432432432,64104.799999999996,92667.23999999999
2,299.7,309.1,1576,36.4,149,0,9.400000000000034,0.9933333333333333,57366.399999999994,92637.27
2,299.7,309.1,1508,41.2,152,0,9.400000000000034,0.9934640522875817,62129.600000000006,92637.27
2,299.8,309.1,1496,44.4,155,0,9.300000000000011,0.9935897435897436,66422.4,92668.18000000001
1,299.8,309.2,1572,35.4,158,0,9.399999999999977,0.9937106918238994,55648.799999999996,92698.16
1,299.6,309.0,1525,42.8,160,0,9.399999999999977,0.9937888198757764,65269.99999999999,92576.40000000001
1,299.6,309.0,1378,51.9,162,0,9.399999999999977,0.9938650306748467,71518.2,92576.40000000001
1,299.6,309.1,1369,51.4,164,0,9.5,0.9939393939393939,70366.59999999999,92606.36000000002
1,299.6,309.1,1476,45.3,166,0,9.5,0.9940119760479041,66862.8,92606.36000000002
1,299.7,309.2,1620,30.0,168,0,9.5,0.9940828402366864,48600.0,92667.23999999999
2,299.7,309.1,1603,38.5,170,0,9.400000000000034,0.9941520467836257,61715.5,92637.27
1,299.7,309.2,1411,46.1,173,0,9.5,0.9942528735632183,65047.1,92667.23999999999
1,299.7,309.2,1616,31.6,175,0,9.5,0.9943181818181818,51065.600000000006,92667.23999999999
1,299.7,309.2,1631,35.1,177,0,9.5,0.9943820224719101,57248.100000000006,92667.23999999999
2,299.7,309.2,1685,28.9,179,1,9.5,0.9944444444444445,48696.5,92667.23999999999
0,299.7,309.2,1456,40.6,182,0,9.5,0.994535519125683,59113.6,92667.23999999999
1,299.7,309.1,1417,50.1,187,0,9.400000000000034,0.9946808510638298,70991.7,92637.27
2,299.7,309.1,1851,24.7,189,0,9.400000000000034,0.9947368421052631,45719.7,92637.27
1,299.7,309.1,1715,27.8,192,0,9.400000000000034,0.9948186528497409,47677.0,92637.27
0,299.6,309.1,1630,32.3,194,0,9.5,0.9948717948717949,52648.99999999999,92606.36000000002
1,299.7,309.2,1478,38.8,199,0,9.5,0.995,57346.399999999994,92667.23999999999
1,299.7,309.2,1781,29.6,201,0,9.5,0.995049504950495,52717.600000000006,92667.23999999999
1,299.8,309.2,1439,36.1,203,0,9.399999999999977,0.9950980392156863,51947.9,92698.16
2,299.7,309.2,1412,45.3,205,0,9.5,0.9951456310679612,63963.6,92667.23999999999
1,299.7,309.1,1483,41.1,208,0,9.400000000000034,0.9952153110047847,60951.3,92637.27
1,299.8,309.2,1400,42.6,210,0,9.399999999999977,0.995260663507109,59640.0,92698.16
1,299.8,309.3,1299,65.1,212,1,9.5,0.9953051643192489,84564.9,92728.14000000001
1,299.8,309.2,1479,44.4,214,0,9.399999999999977,0.9953488372093023,65667.59999999999,92698.16
1,299.8,309.2,1491,47.5,216,0,9.399999999999977,0.9953917050691244,70822.5,92698.16
2,299.9,309.3,1389,52.8,0,0,9.400000000000034,0.0,73339.2,92759.06999999999
2,299.9,309.4,1399,54.8,3,0,9.5,0.75,76665.2,92789.05999999998
2,299.9,309.4,1889,26.0,6,0,9.5,0.8571428571428571,49114.0,92789.05999999998
1,300.0,309.5,1925,21.9,9,0,9.5,0.9,42157.5,92850.0
1,300.0,309.5,1675,30.2,11,0,9.5,0.9166666666666666,50585.0,92850.0
2,300.0,309.6,1477,38.1,13,0,9.600000000000023,0.9285714285714286,56273.700000000004,92880.0
1,300.0,309.6,1364,45.9,16,0,9.600000000000023,0.9411764705882353,62607.6,92880.0
1,299.9,309.5,1451,39.4,18,0,9.600000000000023,0.9473684210526315,57169.4,92819.04999999999
1,299.9,309.4,1467,41.2,20,0,9.5,0.9523809523809523,60440.4,92789.05999999998
1,299.9,309.4,1858,22.5,22,0,9.5,0.9565217391304348,41805.0,92789.05999999998
1,300.1,309.4,1559,39.7,24,0,9.299999999999955,0.96,61892.3,92850.94
1,300.1,309.4,1560,47.7,26,0,9.299999999999955,0.9629629629629629,74412.0,92850.94
1,300.1,309.4,1453,47.6,28,0,9.299999999999955,0.9655172413793104,69162.8,92850.94
1,300.1,309.4,1464,41.7,30,0,9.299999999999955,0.967741935483871,61048.8,92850.94
1,300.0,309.4,1308,50.2,32,0,9.399999999999977,0.9696969696969697,65661.6,92820.0
1,300.1,309.5,1353,50.9,34,0,9.399999999999977,0.9714285714285714,68867.7,92880.95000000001
2,300.2,309.6,1556,35.8,36,0,9.400000000000034,0.972972972972973,55704.799999999996,92941.92
1,300.2,309.5,2183,17.8,39,0,9.300000000000011,0.975,38857.4,92911.9
2,300.2,309.6,1491,41.8,41,0,9.400000000000034,0.9761904761904762,62323.799999999996,92941.92
2,300.2,309.6,1528,35.1,44,0,9.400000000000034,0.9777777777777777,53632.8,92941.92
1,300.2,309.6,1430,52.7,47,0,9.400000000000034,0.9791666666666666,75361.0,92941.92
1,300.2,309.5,1495,32.6,49,0,9.300000000000011,0.98,48737.0,92911.9
2,300.2,309.5,1630,28.3,51,0,9.300000000000011,0.9807692307692307,46129.0,92911.9
2,300.3,309.6,1524,38.4,54,0,9.300000000000011,0.9818181818181818,58521.6,92972.88
1,300.3,309.6,1326,52.4,57,0,9.300000000000011,0.9827586206896551,69482.4,92972.88
0,300.3,309.5,1438,44.0,59,0,9.199999999999989,0.9833333333333333,63272.0,92942.85
1,300.4,309.6,1356,45.9,64,0,9.200000000000045,0.9846153846153847,62240.4,93003.84
0,300.4,309.6,1416,43.3,66,0,9.200000000000045,0.9850746268656716,61312.799999999996,93003.84
1,300.4,309.7,1584,32.6,71,0,9.300000000000011,0.9861111111111112,51638.4,93033.87999999999
1,300.3,309.6,1597,31.8,73,0,9.300000000000011,0.9864864864864865,50784.6,92972.88
1,300.4,309.6,1553,43.9,75,0,9.200000000000045,0.9868421052631579,68176.7,93003.84
2,300.3,309.5,1405,49.4,77,0,9.199999999999989,0.9871794871794872,69407.0,92942.85
1,300.2,309.5,1539,35.3,80,0,9.300000000000011,0.9876543209876543,54326.7,92911.9
2,300.3,309.6,1398,53.7,82,0,9.300000000000011,0.9879518072289156,75072.6,92972.88
1,300.3,309.6,1568,39.6,85,0,9.300000000000011,0.9883720930232558,62092.8,92972.88
1,300.3,309.6,1404,44.6,87,0,9.300000000000011,0.9886363636363636,62618.4,92972.88
2,300.2,309.5,1500,45.7,89,0,9.300000000000011,0.9888888888888889,68550.0,92911.9
2,300.2,309.5,1642,28.8,92,0,9.300000000000011,0.989247311827957,47289.6,92911.9
2,300.3,309.6,1509,46.6,95,0,9.300000000000011,0.9895833333333334,70319.40000000001,92972.88
1,300.2,309.5,1343,50.2,98,0,9.300000000000011,0.98989898989899,67418.6,92911.9
1,300.1,309.5,1450,40.1,100,0,9.399999999999977,0.9900990099009901,58145.0,92880.95000000001
1,300.0,309.4,1460,43.5,102,0,9.399999999999977,0.9902912621359223,63510.0,92820.0
1,300.0,309.3,1364,41.2,104,0,9.300000000000011,0.9904761904761905,56196.8,92790.0
2,299.9,309.3,1452,41.9,106,0,9.400000000000034,0.9906542056074766,60838.799999999996,92759.06999999999
1,299.9,309.3,1471,41.8,109,0,9.400000000000034,0.990909090909091,61487.799999999996,92759.06999999999
1,299.9,309.2,1598,34.6,111,0,9.300000000000011,0.9910714285714286,55290.8,92729.07999999999
1,299.8,309.1,1772,24.8,113,0,9.300000000000011,0.9912280701754386,43945.6,92668.18000000001
1,299.9,309.2,1761,25.6,115,0,9.300000000000011,0.9913793103448276,45081.600000000006,92729.07999999999
2,300.0,309.3,1413,40.7,117,0,9.300000000000011,0.9915254237288136,57509.100000000006,92790.0
1,300.0,309.3,1887,22.6,120,0,9.300000000000011,0.9917355371900827,42646.200000000004,92790.0
1,300.0,309.3,1395,56.5,122,0,9.300000000000011,0.991869918699187,78817.5,92790.0
2,300.1,309.4,1569,31.6,124,0,9.299999999999955,0.992,49580.4,92850.94
1,300.1,309.4,1434,47.3,127,0,9.299999999999955,0.9921875,67828.2,92850.94
1,300.2,309.5,1417,41.1,129,0,9.300000000000011,0.9923076923076923,58238.700000000004,92911.9
1,300.2,309.5,1729,28.4,131,0,9.300000000000011,0.9924242424242424,49103.6,92911.9
1,300.2,309.5,1356,51.1,133,0,9.300000000000011,0.9925373134328358,69291.6,92911.9
1,300.2,309.5,1436,48.8,135,0,9.300000000000011,0.9926470588235294,70076.8,92911.9
2,300.3,309.6,1419,42.5,137,0,9.300000000000011,0.9927536231884058,60307.5,92972.88
1,300.3,309.6,1593,38.1,140,0,9.300000000000011,0.9929078014184397,60693.3,92972.88
2,300.3,309.5,1320,62.2,142,0,9.199999999999989,0.993006993006993,82104.0,92942.85
2,300.3,309.5,1448,42.4,145,0,9.199999999999989,0.9931506849315068,61395.2,92942.85
1,300.3,309.4,1470,33.5,148,0,9.099999999999966,0.9932885906040269,49245.0,92912.81999999999
2,300.3,309.4,1612,33.1,150,0,9.099999999999966,0.9933774834437086,53357.200000000004,92912.81999999999
1,300.4,309.4,1412,51.6,153,0,9.0,0.9935064935064936,72859.2,92943.75999999998
2,300.4,309.4,1875,23.9,155,0,9.0,0.9935897435897436,44812.5,92943.75999999998
1,300.3,309.3,1612,36.0,158,0,9.0,0.9937106918238994,58032.0,92882.79000000001
2,300.4,309.3,1411,41.6,160,0,8.900000000000034,0.9937888198757764,58697.6,92913.72
2,300.3,309.2,1490,47.9,163,0,8.899999999999977,0.9939024390243902,71371.0,92852.76
2,300.4,309.3,1467,40.3,166,0,8.900000000000034,0.9940119760479041,59120.1,92913.72
1,300.3,309.2,1807,26.4,169,0,8.899999999999977,0.9941176470588236,47704.799999999996,92852.76
1,300.3,309.1,1368,46.0,171,0,8.800000000000011,0.9941860465116279,62928.0,92822.73000000001
1,300.3,309.2,1572,32.0,173,0,8.899999999999977,0.9942528735632183,50304.0,92852.76
2,300.3,309.1,1458,44.3,175,0,8.800000000000011,0.9943181818181818,64589.399999999994,92822.73000000001
1,300.3,309.1,1699,30.3,178,0,8.800000000000011,0.994413407821229,51479.700000000004,92822.73000000001
1,300.3,309.3,1478,39.5,180,0,9.0,0.994475138121547,58381.0,92882.79000000001
2,300.4,309.4,1362,42.1,182,0,9.0,0.994535519125683,57340.200000000004,92943.75999999998
0,300.4,309.4,1487,38.9,185,0,9.0,0.9946236559139785,57844.299999999996,92943.75999999998
1,300.3,309.4,1705,29.4,190,0,9.099999999999966,0.9947643979057592,50127.0,92912.81999999999
1,300.3,309.3,1345,53.5,192,0,9.0,0.9948186528497409,71957.5,92882.79000000001
1,300.3,309.2,1532,40.2,194,0,8.899999999999977,0.9948717948717949,61586.4,92852.76
1,300.3,309.2,1650,35.2,196,0,8.899999999999977,0.9949238578680203,58080.00000000001,92852.76
1,300.3,309.2,1398,54.4,198,0,8.899999999999977,0.9949748743718593,76051.2,92852.76
1,300.3,309.2,1412,44.8,200,0,8.899999999999977,0.9950248756218906,63257.6,92852.76
1,300.4,309.3,1525,39.6,202,0,8.900000000000034,0.9950738916256158,60390.0,92913.72
2,300.3,309.3,1391,57.9,204,0,9.0,0.9951219512195122,80538.9,92882.79000000001
1,300.4,309.3,1766,28.2,207,0,8.900000000000034,0.9951923076923077,49801.2,92913.72
1,300.4,309.3,1671,35.0,209,0,8.900000000000034,0.9952380952380953,58485.0,92913.72
1,300.5,309.3,1373,48.8,211,0,8.800000000000011,0.9952830188679245,67002.4,92944.65000000001
2,300.5,309.4,1347,50.1,213,0,8.899999999999977,0.9953271028037384,67484.7,92974.7
2,300.5,309.3,1539,39.1,216,0,8.800000000000011,0.9953917050691244,60174.9,92944.65000000001
1,300.5,309.3,1470,40.8,219,0,8.800000000000011,0.9954545454545455,59975.99999999999,92944.65000000001
1,300.5,309.3,1528,37.0,221,0,8.800000000000011,0.9954954954954955,56536.0,92944.65000000001
0,300.5,309.3,1471,45.2,223,0,8.800000000000011,0.9955357142857143,66489.2,92944.65000000001
2,300.4,309.2,1528,37.2,228,0,8.800000000000011,0.9956331877729258,56841.600000000006,92883.68
1,300.5,309.3,1417,51.5,231,1,8.800000000000011,0.9956896551724138,72975.5,92944.65000000001
1,300.6,309.4,1549,43.4,233,0,8.799999999999955,0.9957264957264957,67226.59999999999,93005.64
0,300.6,309.4,1463,49.2,235,0,8.799999999999955,0.9957627118644068,71979.6,93005.64
1,300.7,309.5,1479,43.6,240,0,8.800000000000011,0.995850622406639,64484.4,93066.65
1,300.6,309.5,1867,23.0,242,0,8.899999999999977,0.9958847736625515,42941.0,93035.70000000001
1,300.6,309.4,1471,44.1,244,0,8.799999999999955,0.9959183673469387,64871.1,93005.64
0,300.6,309.4,1380,47.6,246,1,8.799999999999955,0.9959514170040485,65688.0,93005.64
0,300.7,309.7,1623,32.7,0,0,9.0,0.0,53072.100000000006,93126.79
1,300.8,309.7,1997,20.7,5,0,8.899999999999977,0.8333333333333334,41337.9,93157.76
0,300.7,309.6,1390,48.5,7,0,8.900000000000034,0.875,67415.0,93096.72
1,300.8,309.7,1418,46.6,12,0,8.899999999999977,0.9230769230769231,66078.8,93157.76
1,300.8,309.7,1519,35.8,14,0,8.899999999999977,0.9333333333333333,54380.2,93157.76
2,300.8,309.7,1519,39.7,16,0,8.899999999999977,0.9411764705882353,60304.3,93157.76
2,300.7,309.6,1536,37.2,19,0,8.900000000000034,0.95,57139.200000000004,93096.72
1,300.8,309.6,1680,28.7,22,0,8.800000000000011,0.9565217391304348,48216.0,93127.68000000001
0,300.6,309.4,1555,37.9,24,0,8.799999999999955,0.96,58934.5,93005.64
1,300.6,309.5,1471,49.6,29,0,8.899999999999977,0.9666666666666667,72961.6,93035.70000000001
2,300.5,309.4,1877,23.8,31,0,8.899999999999977,0.96875,44672.6,92974.7
2,300.5,309.3,1578,30.5,34,0,8.800000000000011,0.9714285714285714,48129.0,92944.65000000001
2,300.5,309.4,1655,32.1,37,0,8.899999999999977,0.9736842105263158,53125.5,92974.7
0,300.5,309.4,1502,34.3,40,0,8.899999999999977,0.975609756097561,51518.6,92974.7
2,300.6,309.4,1367,63.2,45,1,8.799999999999955,0.9782608695652174,86394.40000000001,93005.64
1,300.7,309.5,1541,37.2,48,0,8.800000000000011,0.9795918367346939,57325.200000000004,93066.65
2,300.6,309.6,1588,37.0,50,0,9.0,0.9803921568627451,58756.0,93065.76000000001
1,300.6,309.6,1684,32.8,53,0,9.0,0.9814814814814815,55235.2,93065.76000000001
1,300.6,309.5,1437,40.0,55,0,8.899999999999977,0.9821428571428571,57480.0,93035.70000000001
1,300.6,309.6,1409,42.4,57,0,9.0,0.9827586206896551,59741.6,93065.76000000001
2,300.5,309.5,1320,49.9,59,0,9.0,0.9833333333333333,65868.0,93004.75
0,300.5,309.5,1635,34.2,62,0,9.0,0.9841269841269841,55917.00000000001,93004.75
2,300.5,309.5,1691,27.6,67,0,9.0,0.9852941176470589,46671.600000000006,93004.75
2,300.6,309.6,1365,50.0,70,0,9.0,0.9859154929577465,68250.0,93065.76000000001
2,300.7,309.7,1523,38.2,73,0,9.0,0.9864864864864865,58178.600000000006,93126.79
1,300.6,309.7,1593,32.4,76,0,9.099999999999966,0.987012987012987,51613.2,93095.82
1,300.6,309.6,1682,30.7,78,0,9.0,0.9873417721518988,51637.4,93065.76000000001
1,300.7,309.6,1329,54.3,80,0,8.900000000000034,0.9876543209876543,72164.7,93096.72
2,300.7,309.6,1568,35.2,82,0,8.900000000000034,0.9879518072289156,55193.600000000006,93096.72
1,300.7,309.6,1733,24.8,85,0,8.900000000000034,0.9883720930232558,42978.4,93096.72
2,300.7,309.6,1473,48.1,87,0,8.900000000000034,0.9886363636363636,70851.3,93096.72
2,300.7,309.5,1633,31.3,90,0,8.800000000000011,0.989010989010989,51112.9,93066.65
2,300.6,309.5,1530,40.2,93,0,8.899999999999977,0.9893617021276596,61506.00000000001,93035.70000000001
2,300.6,309.5,1550,40.2,96,0,8.899999999999977,0.9896907216494846,62310.00000000001,93035.70000000001
1,300.6,309.4,1410,40.6,99,0,8.799999999999955,0.99,57246.0,93005.64
1,300.5,309.3,1574,33.5,101,0,8.800000000000011,0.9901960784313726,52729.0,92944.65000000001
1,300.6,309.4,1425,40.3,103,0,8.799999999999955,0.9903846153846154,57427.49999999999,93005.64
2,300.6,309.4,1541,35.2,105,0,8.799999999999955,0.9905660377358491,54243.200000000004,93005.64
2,300.7,309.5,1733,26.7,108,0,8.800000000000011,0.9908256880733946,46271.1,93066.65
1,300.6,309.4,2496,13.5,111,0,8.799999999999955,0.9910714285714286,33696.0,93005.64
1,300.6,309.4,1552,36.4,113,0,8.799999999999955,0.9912280701754386,56492.799999999996,93005.64
1,300.6,309.3,1409,38.7,115,0,8.699999999999989,0.9913793103448276,54528.3,92975.58000000002
2,300.6,309.4,1581,35.7,117,0,8.799999999999955,0.9915254237288136,56441.700000000004,93005.64
1,300.7,309.5,1251,59.9,120,0,8.800000000000011,0.9917355371900827,74934.9,93066.65
1,300.7,309.6,1500,44.1,122,0,8.900000000000034,0.991869918699187,66150.0,93096.72
1,300.6,309.5,1576,38.8,124,0,8.899999999999977,0.992,61148.799999999996,93035.70000000001
2,300.7,309.5,1352,44.0,126,0,8.800000000000011,0.9921259842519685,59488.0,93066.65
1,300.7,309.6,1661,30.3,129,0,8.900000000000034,0.9923076923076923,50328.3,93096.72
1,300.7,309.6,1541,34.6,131,0,8.900000000000034,0.9924242424242424,53318.600000000006,93096.72
0,300.6,309.6,1888,20.5,133,0,9.0,0.9925373134328358,38704.0,93065.76000000001
1,300.5,309.5,1255,62.1,138,0,9.0,0.9928057553956835,77935.5,93004.75
1,300.6,309.6,1411,41.6,140,0,9.0,0.9929078014184397,58697.6,93065.76000000001
1,300.6,309.5,1516,39.0,142,0,8.899999999999977,0.993006993006993,59124.0,93035.70000000001
2,300.6,309.5,1492,34.0,144,0,8.899999999999977,0.993103448275862,50728.0,93035.70000000001
1,300.6,309.6,1726,30.0,147,0,9.0,0.9932432432432432,51780.0,93065.76000000001
1,300.7,309.7,1598,33.7,149,0,9.0,0.9933333333333333,53852.600000000006,93126.79
1,300.8,309.8,1657,31.1,151,0,9.0,0.993421052631579,51532.700000000004,93187.84000000001
1,300.8,309.7,1481,38.1,153,0,8.899999999999977,0.9935064935064936,56426.1,93157.76
2,300.7,309.7,1397,51.3,155,0,9.0,0.9935897435897436,71666.09999999999,93126.79
1,300.8,309.7,1461,44.3,158,0,8.899999999999977,0.9937106918238994,64722.299999999996,93157.76
2,300.7,309.6,1388,51.1,160,0,8.900000000000034,0.9937888198757764,70926.8,93096.72
1,300.7,309.7,1507,52.4,163,0,9.0,0.9939024390243902,78966.8,93126.79
2,300.7,309.6,1421,49.8,165,0,8.900000000000034,0.9939759036144579,70765.8,93096.72
2,300.8,309.7,1258,54.9,168,0,8.899999999999977,0.9940828402366864,69064.2,93157.76
2,300.8,309.7,1482,39.0,171,0,8.899999999999977,0.9941860465116279,57798.0,93157.76
0,300.7,309.6,1403,51.3,174,0,8.900000000000034,0.9942857142857143,71973.9,93096.72
1,300.8,309.7,1373,45.4,179,0,8.899999999999977,0.9944444444444445,62334.2,93157.76
1,300.9,309.7,1460,42.1,181,0,8.800000000000011,0.9945054945054945,61466.0,93188.73
2,300.8,309.7,1751,27.9,183,0,8.899999999999977,0.9945652173913043,48852.899999999994,93157.76
2,300.8,309.6,1546,42.3,186,0,8.800000000000011,0.9946524064171123,65395.799999999996,93127.68000000001
2,300.8,309.7,1680,28.2,189,0,8.899999999999977,0.9947368421052631,47376.0,93157.76
2,300.9,309.7,1394,48.8,192,0,8.800000000000011,0.9948186528497409,68027.2,93188.73
1,300.7,309.6,1810,26.0,195,0,8.900000000000034,0.9948979591836735,47060.0,93096.72
1,300.7,309.5,1479,34.5,197,0,8.800000000000011,0.9949494949494949,51025.5,93066.65
1,300.9,309.7,1431,41.4,199,0,8.800000000000011,0.995,59243.4,93188.73
1,300.9,309.7,2355,14.4,201,0,8.800000000000011,0.995049504950495,33912.0,93188.73
2,300.7,309.6,1996,19.8,203,1,8.900000000000034,0.9950980392156863,39520.8,93096.72
1,300.7,309.5,1461,49.9,0,0,8.800000000000011,0.0,72903.9,93066.65
0,300.7,309.5,2007,19.7,2,0,8.800000000000011,0.6666666666666666,39537.9,93066.65
1,300.7,309.6,1505,34.9,7,0,8.900000000000034,0.875,52524.5,93096.72
0,300.7,309.6,1925,20.5,9,0,8.900000000000034,0.9,39462.5,93096.72
2,300.7,309.5,1622,30.5,14,0,8.800000000000011,0.9333333333333333,49471.0,93066.65
1,300.7,309.5,1592,29.0,17,0,8.800000000000011,0.9444444444444444,46168.0,93066.65
1,300.7,309.5,1850,24.5,19,0,8.800000000000011,0.95,45325.0,93066.65
2,300.7,309.5,1470,48.7,21,0,8.800000000000011,0.9545454545454546,71589.0,93066.65
2,300.7,309.5,1445,46.4,24,0,8.800000000000011,0.96,67048.0,93066.65
1,300.7,309.5,1685,31.1,27,0,8.800000000000011,0.9642857142857143,52403.5,93066.65
0,300.7,309.5,1667,30.5,29,0,8.800000000000011,0.9666666666666667,50843.5,93066.65
1,300.7,309.5,1578,35.4,34,0,8.800000000000011,0.9714285714285714,55861.2,93066.65
0,300.6,309.4,1691,28.0,36,0,8.799999999999955,0.972972972972973,47348.0,93005.64
2,300.7,309.5,1439,43.8,41,0,8.800000000000011,0.9761904761904762,63028.2,93066.65
2,300.8,309.6,1404,38.7,44,0,8.800000000000011,0.9777777777777777,54334.8,93127.68000000001
1,300.8,309.6,1498,45.8,47,0,8.800000000000011,0.9791666666666666,68608.4,93127.68000000001
2,300.8,309.5,1481,44.5,49,0,8.699999999999989,0.98,65904.5,93097.6
2,300.7,309.4,1589,35.0,52,0,8.699999999999989,0.9811320754716981,55615.0,93036.57999999999
1,300.7,309.5,1467,44.3,55,0,8.800000000000011,0.9821428571428571,64988.1,93066.65
1,300.6,309.4,1654,32.8,57,0,8.799999999999955,0.9827586206896551,54251.2,93005.64
1,300.7,309.5,1508,39.9,59,0,8.800000000000011,0.9833333333333333,60169.2,93066.65
2,300.7,309.6,1439,43.0,61,0,8.900000000000034,0.9838709677419355,61877.0,93096.72
1,300.7,309.5,1692,30.3,64,0,8.800000000000011,0.9846153846153847,51267.6,93066.65
2,300.7,309.5,1838,24.9,66,0,8.800000000000011,0.9850746268656716,45766.2,93066.65
1,300.6,309.3,1601,40.2,69,0,8.699999999999989,0.9857142857142858,64360.200000000004,92975.58000000002
1,300.6,309.4,1369,51.6,71,0,8.799999999999955,0.9861111111111112,70640.40000000001,93005.64
2,300.6,309.4,1312,45.2,73,0,8.799999999999955,0.9864864864864865,59302.4,93005.64
1,300.6,309.4,1468,44.1,76,0,8.799999999999955,0.987012987012987,64738.8,93005.64
2,300.6,309.4,1452,39.4,78,0,8.799999999999955,0.9873417721518988,57208.799999999996,93005.64
2,300.7,309.5,1393,43.9,81,0,8.800000000000011,0.9878048780487805,61152.7,93066.65
2,300.6,309.4,1432,44.2,84,0,8.799999999999955,0.9882352941176471,63294.4,93005.64
2,300.6,309.3,1510,46.0,87,0,8.699999999999989,0.9886363636363636,69460.0,92975.58000000002
2,300.6,309.4,1521,37.2,90,0,8.799999999999955,0.989010989010989,56581.200000000004,93005.64
0,300.5,309.4,1360,46.2,93,0,8.899999999999977,0.9893617021276596,62832.00000000001,92974.7
2,300.5,309.3,1881,25.5,98,0,8.800000000000011,0.98989898989899,47965.5,92944.65000000001
1,300.4,309.3,1413,50.3,101,0,8.900000000000034,0.9901960784313726,71073.9,92913.72
0,300.5,309.4,1642,36.2,103,0,8.899999999999977,0.9903846153846154,59440.4,92974.7
1,300.5,309.5,1542,38.5,108,0,9.0,0.9908256880733946,59367.0,93004.75
1,300.4,309.5,1447,39.3,110,0,9.100000000000023,0.990990990990991,56867.1,92973.79999999999
0,300.4,309.4,1530,40.4,112,0,9.0,0.9911504424778761,61812.0,92943.75999999998
1,300.5,309.5,1795,27.7,117,0,9.0,0.9915254237288136,49721.5,93004.75
1,300.6,309.6,1290,57.4,119,0,9.0,0.9916666666666667,74046.0,93065.76000000001
1,300.6,309.7,1639,30.4,121,0,9.099999999999966,0.9918032786885246,49825.6,93095.82
1,300.7,309.8,1596,31.5,123,0,9.100000000000023,0.9919354838709677,50274.0,93156.86
1,300.6,309.8,1455,48.0,125,0,9.199999999999989,0.9920634920634921,69840.0,93125.88
2,300.6,309.8,1659,28.9,127,0,9.199999999999989,0.9921875,47945.1,93125.88
2,300.6,309.8,1532,42.5,130,0,9.199999999999989,0.9923664122137404,65110.0,93125.88
1,300.6,309.8,1502,42.4,133,0,9.199999999999989,0.9925373134328358,63684.799999999996,93125.88
1,300.6,309.8,1688,28.6,135,0,9.199999999999989,0.9926470588235294,48276.8,93125.88
2,300.5,309.7,1341,50.9,137,0,9.199999999999989,0.9927536231884058,68256.9,93064.84999999999
2,300.5,309.7,1685,29.4,140,0,9.199999999999989,0.9929078014184397,49539.0,93064.84999999999
2,300.5,309.8,1370,55.9,143,0,9.300000000000011,0.9930555555555556,76583.0,93094.90000000001
1,300.5,309.8,1461,52.5,146,0,9.300000000000011,0.9931972789115646,76702.5,93094.90000000001
1,300.5,309.8,1550,37.4,148,0,9.300000000000011,0.9932885906040269,57970.0,93094.90000000001
2,300.5,309.8,1508,37.8,150,0,9.300000000000011,0.9933774834437086,57002.399999999994,93094.90000000001
1,300.5,309.8,1345,62.7,153,0,9.300000000000011,0.9935064935064936,84331.5,93094.90000000001
1,300.5,309.7,1616,34.5,155,0,9.199999999999989,0.9935897435897436,55752.0,93064.84999999999
1,300.5,309.7,1395,61.0,157,0,9.199999999999989,0.9936708860759493,85095.0,93064.84999999999
0,300.5,309.8,1324,72.8,159,1,9.300000000000011,0.99375,96387.2,93094.90000000001
1,300.5,309.8,1445,43.9,164,0,9.300000000000011,0.9939393939393939,63435.5,93094.90000000001
2,300.5,309.8,1555,38.9,166,0,9.300000000000011,0.9940119760479041,60489.5,93094.90000000001
2,300.6,309.9,1449,42.4,169,0,9.299999999999955,0.9941176470588236,61437.6,93155.94
2,300.5,309.9,1466,53.2,172,0,9.399999999999977,0.9942196531791907,77991.2,93124.95
1,300.5,309.9,1503,37.4,175,0,9.399999999999977,0.9943181818181818,56212.2,93124.95
1,300.4,309.7,1488,35.7,177,0,9.300000000000011,0.9943820224719101,53121.600000000006,93033.87999999999
1,300.4,309.7,1314,50.2,179,0,9.300000000000011,0.9944444444444445,65962.8,93033.87999999999
2,300.4,309.7,1547,38.0,181,0,9.300000000000011,0.9945054945054945,58786.0,93033.87999999999
2,300.4,309.7,1466,39.8,184,0,9.300000000000011,0.9945945945945946,58346.799999999996,93033.87999999999
1,300.3,309.6,1537,37.1,187,0,9.300000000000011,0.9946808510638298,57022.700000000004,92972.88
2,300.2,309.5,1434,51.5,189,0,9.300000000000011,0.9947368421052631,73851.0,92911.9
1,300.4,309.6,1432,44.7,192,0,9.200000000000045,0.9948186528497409,64010.4,93003.84
1,300.5,309.6,1390,48.4,194,0,9.100000000000023,0.9948717948717949,67276.0,93034.8
1,300.5,309.7,1580,42.8,196,0,9.199999999999989,0.9949238578680203,67624.0,93064.84999999999
1,300.5,309.7,1589,30.5,198,0,9.199999999999989,0.9949748743718593,48464.5,93064.84999999999
1,300.5,309.8,1441,48.8,200,0,9.300000000000011,0.9950248756218906,70320.8,93094.90000000001
1,300.5,309.8,1305,51.7,202,0,9.300000000000011,0.9950738916256158,67468.5,93094.90000000001
2,300.5,309.8,1566,35.9,204,0,9.300000000000011,0.9951219512195122,56219.399999999994,93094.90000000001
1,300.5,309.8,1379,54.2,207,1,9.300000000000011,0.9951923076923077,74741.8,93094.90000000001
1,300.4,309.6,1543,38.1,209,0,9.200000000000045,0.9952380952380953,58788.3,93003.84
1,300.5,309.8,1421,49.6,211,0,9.300000000000011,0.9952830188679245,70481.6,93094.90000000001
1,300.5,309.6,1760,30.6,213,0,9.100000000000023,0.9953271028037384,53856.0,93034.8
1,300.4,309.5,1711,29.2,215,0,9.100000000000023,0.9953703703703703,49961.2,92973.79999999999
1,300.5,309.6,1465,41.6,217,0,9.100000000000023,0.9954128440366973,60944.0,93034.8
1,300.5,309.6,1366,50.2,219,0,9.100000000000023,0.9954545454545455,68573.2,93034.8
2,300.4,309.5,1888,21.9,221,0,9.100000000000023,0.9954954954954955,41347.2,92973.79999999999
1,300.5,309.5,1777,23.6,0,0,9.0,0.0,41937.200000000004,93004.75
1,300.5,309.5,1379,55.6,2,0,9.0,0.6666666666666666,76672.40000000001,93004.75
1,300.4,309.5,1525,51.3,4,0,9.100000000000023,0.8,78232.5,92973.79999999999
2,300.4,309.6,1563,34.0,6,0,9.200000000000045,0.8571428571428571,53142.0,93003.84
2,300.5,309.7,1389,43.3,9,0,9.199999999999989,0.9,60143.7,93064.84999999999
2,300.6,309.8,1447,42.9,12,0,9.199999999999989,0.9230769230769231,62076.299999999996,93125.88
2,300.6,309.7,1934,22.8,15,0,9.099999999999966,0.9375,44095.200000000004,93095.82
0,300.6,309.7,1470,43.8,18,0,9.099999999999966,0.9473684210526315,64385.99999999999,93095.82
2,300.6,309.7,1428,42.6,23,0,9.099999999999966,0.9583333333333334,60832.8,93095.82
1,300.4,309.6,1319,48.1,26,0,9.200000000000045,0.9629629629629629,63443.9,93003.84
1,300.5,309.7,1887,24.3,28,0,9.199999999999989,0.9655172413793104,45854.1,93064.84999999999
1,300.4,309.5,1349,50.4,30,0,9.100000000000023,0.967741935483871,67989.59999999999,92973.79999999999
2,300.3,309.5,1665,31.4,32,0,9.199999999999989,0.9696969696969697,52281.0,92942.85
1,300.3,309.5,1474,38.7,35,0,9.199999999999989,0.9722222222222222,57043.8,92942.85
1,300.4,309.5,1543,38.9,37,0,9.100000000000023,0.9736842105263158,60022.7,92973.79999999999
2,300.2,309.4,1459,43.9,39,0,9.199999999999989,0.975,64050.1,92881.87999999999
1,300.3,309.5,1551,37.9,42,0,9.199999999999989,0.9767441860465116,58782.899999999994,92942.85
1,300.2,309.4,1981,21.4,44,0,9.199999999999989,0.9777777777777777,42393.399999999994,92881.87999999999
1,300.2,309.4,1526,35.3,46,0,9.199999999999989,0.9787234042553191,53867.799999999996,92881.87999999999
2,300.2,309.4,1501,40.0,48,0,9.199999999999989,0.9795918367346939,60040.0,92881.87999999999
1,300.2,309.4,1558,38.3,51,0,9.199999999999989,0.9807692307692307,59671.399999999994,92881.87999999999
1,300.2,309.3,1532,43.2,53,0,9.100000000000023,0.9814814814814815,66182.40000000001,92851.86
1,300.1,309.2,1326,55.9,55,0,9.099999999999966,0.9821428571428571,74123.4,92790.92
1,300.2,309.2,1431,51.3,57,0,9.0,0.9827586206896551,73410.3,92821.84
1,300.2,309.3,1366,49.3,59,0,9.100000000000023,0.9833333333333333,67343.8,92851.86
1,300.1,309.2,1421,42.5,61,0,9.099999999999966,0.9838709677419355,60392.5,92790.92
0,300.2,309.3,1506,35.6,63,0,9.100000000000023,0.984375,53613.6,92851.86
0,300.2,309.3,1342,48.7,68,0,9.100000000000023,0.9855072463768116,65355.4,92851.86
1,300.1,309.2,1427,37.6,73,0,9.099999999999966,0.9864864864864865,53655.200000000004,92790.92
1,300.2,309.2,1667,29.9,75,0,9.0,0.9868421052631579,49843.299999999996,92821.84
1,300.1,309.1,1400,46.7,77,0,9.0,0.9871794871794872,65380.00000000001,92760.91000000002
1,300.0,309.0,1709,32.1,79,0,9.0,0.9875,54858.9,92700.0
2,300.0,309.0,1368,45.8,81,0,9.0,0.9878048780487805,62654.399999999994,92700.0
1,300.0,309.1,1882,23.8,84,0,9.100000000000023,0.9882352941176471,44791.6,92730.0
1,300.1,309.1,1353,58.7,86,0,9.0,0.9885057471264368,79421.1,92760.91000000002
1,299.9,309.0,1553,40.0,88,0,9.100000000000023,0.9887640449438202,62120.0,92669.09999999999
1,300.0,309.1,1431,45.4,90,0,9.100000000000023,0.989010989010989,64967.4,92730.0
2,300.1,309.1,1731,30.4,92,0,9.0,0.989247311827957,52622.399999999994,92760.91000000002
2,300.1,309.2,1687,27.7,95,0,9.099999999999966,0.9895833333333334,46729.9,92790.92
2,300.1,309.2,1457,44.3,98,0,9.099999999999966,0.98989898989899,64545.1,92790.92
1,300.1,309.2,1533,37.0,101,0,9.099999999999966,0.9901960784313726,56721.0,92790.92
0,300.0,309.0,1622,31.8,103,0,9.0,0.9903846153846154,51579.6,92700.0
1,300.0,309.1,1791,28.2,108,0,9.100000000000023,0.9908256880733946,50506.2,92730.0
1,300.0,309.1,1631,28.3,110,0,9.100000000000023,0.990990990990991,46157.3,92730.0
1,300.0,309.0,2174,16.9,112,0,9.0,0.9911504424778761,36740.6,92700.0
1,300.1,309.0,1314,58.2,114,0,8.899999999999977,0.991304347826087,76474.8,92730.90000000001
1,300.1,309.1,1478,46.9,116,0,9.0,0.9914529914529915,69318.2,92760.91000000002
1,300.1,309.2,1783,27.3,118,0,9.099999999999966,0.9915966386554622,48675.9,92790.92
2,300.1,309.2,1385,46.1,120,0,9.099999999999966,0.9917355371900827,63848.5,92790.92
1,300.0,309.2,1444,43.6,123,0,9.199999999999989,0.9919354838709677,62958.4,92760.0
1,300.1,309.3,1841,23.0,125,0,9.199999999999989,0.9920634920634921,42343.0,92820.93000000001
2,300.1,309.4,1349,56.2,127,0,9.299999999999955,0.9921875,75813.8,92850.94
1,300.1,309.3,1340,56.0,130,0,9.199999999999989,0.9923664122137404,75040.0,92820.93000000001
2,299.9,309.2,1539,43.2,132,0,9.300000000000011,0.9924812030075187,66484.8,92729.07999999999
2,300.0,309.3,1932,21.8,135,0,9.300000000000011,0.9926470588235294,42117.6,92790.0
2,300.0,309.3,1407,43.9,138,0,9.300000000000011,0.9928057553956835,61767.299999999996,92790.0
1,300.1,309.3,1712,28.5,141,0,9.199999999999989,0.9929577464788732,48792.0,92820.93000000001
0,300.1,309.4,1329,55.2,143,0,9.299999999999955,0.9930555555555556,73360.8,92850.94
1,300.1,309.2,1441,42.9,148,0,9.099999999999966,0.9932885906040269,61818.9,92790.92
1,300.0,309.2,1610,32.1,150,0,9.199999999999989,0.9933774834437086,51681.0,92760.0
2,300.0,309.1,1474,45.2,152,0,9.100000000000023,0.9934640522875817,66624.8,92730.0
2,300.0,309.1,1624,30.8,155,0,9.100000000000023,0.9935897435897436,50019.200000000004,92730.0
0,300.1,309.3,1520,38.2,158,0,9.199999999999989,0.9937106918238994,58064.00000000001,92820.93000000001
0,300.1,309.3,1448,45.8,163,0,9.199999999999989,0.9939024390243902,66318.4,92820.93000000001
1,300.0,309.3,1558,29.7,168,0,9.300000000000011,0.9940828402366864,46272.6,92790.0
2,300.0,309.3,2293,16.3,170,0,9.300000000000011,0.9941520467836257,37375.9,92790.0
1,300.0,309.3,1397,51.2,173,0,9.300000000000011,0.9942528735632183,71526.40000000001,92790.0
1,300.0,309.3,1972,22.0,175,0,9.300000000000011,0.9943181818181818,43384.0,92790.0
2,299.9,309.2,1574,36.5,177,0,9.300000000000011,0.9943820224719101,57451.0,92729.07999999999
1,299.9,309.2,1560,38.9,180,0,9.300000000000011,0.994475138121547,60684.0,92729.07999999999
2,299.9,309.2,1353,49.8,182,0,9.300000000000011,0.994535519125683,67379.4,92729.07999999999
2,299.9,309.2,1389,51.2,185,0,9.300000000000011,0.9946236559139785,71116.8,92729.07999999999
2,299.9,309.1,1513,43.8,188,0,9.200000000000045,0.9947089947089947,66269.4,92699.09
1,299.8,309.1,1578,42.1,191,0,9.300000000000011,0.9947916666666666,66433.8,92668.18000000001
0,299.8,309.0,1467,37.3,193,0,9.199999999999989,0.9948453608247423,54719.1,92638.2
1,299.9,309.1,1412,48.3,198,0,9.200000000000045,0.9949748743718593,68199.59999999999,92699.09
1,299.8,309.1,1668,30.3,200,0,9.300000000000011,0.9950248756218906,50540.4,92668.18000000001
2,299.8,309.2,1678,29.8,202,0,9.399999999999977,0.9950738916256158,50004.4,92698.16
1,299.8,309.1,1612,35.4,205,0,9.300000000000011,0.9951456310679612,57064.799999999996,92668.18000000001
1,299.8,309.1,1485,39.9,207,0,9.300000000000011,0.9951923076923077,59251.5,92668.18000000001
2,299.8,309.1,1456,39.4,209,0,9.300000000000011,0.9952380952380953,57366.4,92668.18000000001
1,299.8,309.2,1504,38.7,212,0,9.399999999999977,0.9953051643192489,58204.8,92698.16
1,299.9,309.2,1491,44.3,214,0,9.300000000000011,0.9953488372093023,66051.3,92729.07999999999
0,299.9,309.2,1525,33.2,0,0,9.300000000000011,0.0,50630.00000000001,92729.07999999999
1,300.0,309.2,1759,27.9,5,0,9.199999999999989,0.8333333333333334,49076.1,92760.0
2,299.8,309.1,1355,56.7,7,0,9.300000000000011,0.875,76828.5,92668.18000000001
2,299.9,309.1,1345,56.8,10,0,9.200000000000045,0.9090909090909091,76396.0,92699.09
2,299.9,309.2,1683,30.5,13,0,9.300000000000011,0.9285714285714286,51331.5,92729.07999999999
1,299.9,309.2,1658,34.8,16,0,9.300000000000011,0.9411764705882353,57698.399999999994,92729.07999999999
1,300.0,309.2,1566,34.4,18,0,9.199999999999989,0.9473684210526315,53870.399999999994,92760.0
2,300.1,309.3,1469,43.9,20,0,9.199999999999989,0.9523809523809523,64489.1,92820.93000000001
2,300.2,309.5,1458,46.9,23,0,9.300000000000011,0.9583333333333334,68380.2,92911.9
1,300.1,309.4,1858,23.6,26,0,9.299999999999955,0.9629629629629629,43848.8,92850.94
0,300.1,309.4,1563,40.8,28,0,9.299999999999955,0.9655172413793104,63770.399999999994,92850.94
1,300.1,309.4,2141,17.9,33,0,9.299999999999955,0.9705882352941176,38323.899999999994,92850.94
1,300.0,309.3,1473,46.0,35,0,9.300000000000011,0.9722222222222222,67758.0,92790.0
0,300.0,309.4,1498,38.5,37,0,9.399999999999977,0.9736842105263158,57673.0,92820.0
1,300.1,309.4,1568,39.7,42,0,9.299999999999955,0.9767441860465116,62249.600000000006,92850.94
1,300.1,309.4,1694,27.4,44,0,9.299999999999955,0.9777777777777777,46415.6,92850.94
1,300.0,309.4,1499,35.7,46,0,9.399999999999977,0.9787234042553191,53514.3,92820.0
1,300.0,309.5,1717,28.3,48,0,9.5,0.9795918367346939,48591.1,92850.0
2,300.1,309.5,1462,42.8,50,0,9.399999999999977,0.9803921568627451,62573.6,92880.95000000001
1,300.1,309.6,1642,34.5,53,0,9.5,0.9814814814814815,56649.0,92910.96000000002
1,300.1,309.6,1760,25.4,55,0,9.5,0.9821428571428571,44704.0,92910.96000000002
1,300.1,309.5,1660,32.7,57,0,9.399999999999977,0.9827586206896551,54282.00000000001,92880.95000000001
1,300.1,309.5,1557,40.6,59,0,9.399999999999977,0.9833333333333333,63214.200000000004,92880.95000000001
0,300.2,309.6,1442,49.2,61,0,9.400000000000034,0.9838709677419355,70946.40000000001,92941.92
1,300.2,309.6,1359,51.5,66,0,9.400000000000034,0.9850746268656716,69988.5,92941.92
1,300.4,309.8,1342,52.5,68,0,9.400000000000034,0.9855072463768116,70455.0,93063.92
1,300.4,309.9,1435,54.8,70,0,9.5,0.9859154929577465,78638.0,93093.95999999999
1,300.4,309.9,1567,36.5,72,0,9.5,0.9863013698630136,57195.5,93093.95999999999
1,300.4,309.9,1376,43.5,74,0,9.5,0.9866666666666667,59856.0,93093.95999999999
0,300.4,309.9,1513,38.7,76,0,9.5,0.987012987012987,58553.100000000006,93093.95999999999
0,300.4,309.9,2563,12.8,81,1,9.5,0.9878048780487805,32806.4,93093.95999999999
1,300.5,310.0,1521,45.1,86,0,9.5,0.9885057471264368,68597.1,93155.0
1,300.6,310.0,1658,34.7,88,0,9.399999999999977,0.9887640449438202,57532.600000000006,93186.0
0,300.6,310.0,1419,42.4,90,0,9.399999999999977,0.989010989010989,60165.6,93186.0
2,300.6,310.0,1478,36.3,95,0,9.399999999999977,0.9895833333333334,53651.399999999994,93186.0
2,300.5,310.0,1415,43.5,98,0,9.5,0.98989898989899,61552.5,93155.0
2,300.5,309.9,1780,26.5,101,0,9.399999999999977,0.9901960784313726,47170.0,93124.95
2,300.4,309.7,1440,42.8,104,0,9.300000000000011,0.9904761904761905,61631.99999999999,93033.87999999999
0,300.4,309.8,1448,39.7,107,0,9.400000000000034,0.9907407407407407,57485.600000000006,93063.92
0,300.4,309.7,1500,35.2,112,0,9.300000000000011,0.9911504424778761,52800.00000000001,93033.87999999999
1,300.4,309.8,1513,32.9,117,0,9.400000000000034,0.9915254237288136,49777.7,93063.92
1,300.5,309.8,1428,43.8,119,0,9.300000000000011,0.9916666666666667,62546.399999999994,93094.90000000001
2,300.5,309.8,1473,42.3,121,0,9.300000000000011,0.9918032786885246,62307.899999999994,93094.90000000001
2,300.5,309.9,1483,49.3,124,0,9.399999999999977,0.992,73111.9,93124.95
1,300.4,309.7,1534,42.5,127,0,9.300000000000011,0.9921875,65195.0,93033.87999999999
1,300.5,309.8,1367,54.0,129,0,9.300000000000011,0.9923076923076923,73818.0,93094.90000000001
1,300.4,309.7,1467,36.9,131,0,9.300000000000011,0.9924242424242424,54132.299999999996,93033.87999999999
2,300.4,309.7,1488,42.2,133,0,9.300000000000011,0.9925373134328358,62793.600000000006,93033.87999999999
1,300.4,309.7,1679,30.1,136,0,9.300000000000011,0.9927007299270073,50537.9,93033.87999999999
0,300.4,309.8,1409,47.5,138,0,9.400000000000034,0.9928057553956835,66927.5,93063.92
2,300.4,309.7,1367,51.2,143,0,9.300000000000011,0.9930555555555556,69990.40000000001,93033.87999999999
1,300.4,309.8,1314,63.1,146,0,9.400000000000034,0.9931972789115646,82913.40000000001,93063.92
1,300.5,309.9,1480,40.0,148,0,9.399999999999977,0.9932885906040269,59200.0,93124.95
1,300.4,309.8,1549,38.9,150,0,9.400000000000034,0.9933774834437086,60256.1,93063.92
1,300.4,309.7,1685,31.3,152,0,9.300000000000011,0.9934640522875817,52740.5,93033.87999999999
1,300.4,309.6,1536,34.5,154,0,9.200000000000045,0.9935483870967742,52992.0,93003.84
2,300.4,309.7,1539,37.7,156,0,9.300000000000011,0.9936305732484076,58020.3,93033.87999999999
1,300.4,309.7,1384,45.1,159,0,9.300000000000011,0.99375,62418.4,93033.87999999999
2,300.4,309.6,1614,30.3,161,0,9.200000000000045,0.9938271604938271,48904.200000000004,93003.84
2,300.4,309.6,1675,35.5,164,0,9.200000000000045,0.9939393939393939,59462.5,93003.84
2,300.4,309.7,1685,32.3,167,0,9.300000000000011,0.9940476190476191,54425.49999999999,93033.87999999999
1,300.4,309.6,1386,56.9,170,0,9.200000000000045,0.9941520467836257,78863.4,93003.84
2,300.3,309.6,1488,41.3,172,0,9.300000000000011,0.9942196531791907,61454.399999999994,92972.88
1,300.3,309.6,1624,32.6,175,0,9.300000000000011,0.9943181818181818,52942.4,92972.88
1,300.3,309.6,1600,34.6,177,0,9.300000000000011,0.9943820224719101,55360.0,92972.88
1,300.3,309.6,1468,44.7,179,0,9.300000000000011,0.9944444444444445,65619.6,92972.88
1,300.3,309.6,1435,45.4,181,0,9.300000000000011,0.9945054945054945,65149.0,92972.88
2,300.2,309.5,1564,33.4,183,0,9.300000000000011,0.9945652173913043,52237.6,92911.9
2,300.2,309.4,1329,53.6,186,0,9.199999999999989,0.9946524064171123,71234.40000000001,92881.87999999999
1,300.1,309.3,1570,36.8,189,0,9.199999999999989,0.9947368421052631,57775.99999999999,92820.93000000001
2,300.2,309.4,1433,48.8,191,0,9.199999999999989,0.9947916666666666,69930.4,92881.87999999999
1,300.2,309.4,1527,37.0,194,0,9.199999999999989,0.9948717948717949,56499.0,92881.87999999999
2,300.1,309.3,1443,50.3,196,0,9.199999999999989,0.9949238578680203,72582.9,92820.93000000001
1,300.1,309.3,1616,32.0,199,0,9.199999999999989,0.995,51712.0,92820.93000000001
1,300.1,309.3,1654,31.0,201,0,9.199999999999989,0.995049504950495,51274.0,92820.93000000001
1,300.1,309.3,1685,27.1,203,0,9.199999999999989,0.9950980392156863,45663.5,92820.93000000001
2,300.2,309.4,1456,48.8,205,0,9.199999999999989,0.9951456310679612,71052.8,92881.87999999999
2,300.2,309.4,1752,27.8,208,0,9.199999999999989,0.9952153110047847,48705.6,92881.87999999999
2,300.1,309.2,1438,51.0,211,0,9.099999999999966,0.9952830188679245,73338.0,92790.92
1,300.1,309.1,1551,33.7,214,0,9.0,0.9953488372093023,52268.700000000004,92760.91000000002
1,300.1,309.2,1599,30.1,216,0,9.099999999999966,0.9953917050691244,48129.9,92790.92
2,300.1,309.2,1732,33.7,218,0,9.099999999999966,0.9954337899543378,58368.4,92790.92
2,300.1,309.2,1418,39.8,221,0,9.099999999999966,0.9954954954954955,56436.399999999994,92790.92
1,300.0,309.1,1401,44.5,0,0,9.100000000000023,0.0,62344.5,92730.0
1,300.0,309.0,1454,51.7,2,0,9.0,0.6666666666666666,75171.8,92700.0
2,300.0,309.2,1635,32.4,4,0,9.199999999999989,0.8,52974.0,92760.0
1,300.0,309.1,1489,40.3,7,0,9.100000000000023,0.875,60006.7,92730.0
1,300.0,309.1,1465,40.6,9,0,9.100000000000023,0.9,59479.0,92730.0
2,300.0,309.1,1463,45.7,11,0,9.100000000000023,0.9166666666666666,66859.1,92730.0
0,300.1,309.1,1560,35.4,14,0,9.0,0.9333333333333333,55224.0,92760.91000000002
2,300.1,309.2,1454,44.4,19,0,9.099999999999966,0.95,64557.6,92790.92
1,300.2,309.1,1479,47.0,22,0,8.900000000000034,0.9565217391304348,69513.0,92791.82
1,300.2,309.2,1430,43.4,24,0,9.0,0.96,62062.0,92821.84
2,300.1,309.1,1533,38.0,26,0,9.0,0.9629629629629629,58254.0,92760.91000000002
1,300.1,309.0,1404,54.8,29,0,8.899999999999977,0.9666666666666667,76939.2,92730.90000000001
2,300.1,308.9,1548,38.4,31,0,8.799999999999955,0.96875,59443.2,92700.89
2,300.1,309.0,1612,33.0,34,0,8.899999999999977,0.9714285714285714,53196.0,92730.90000000001
2,300.2,309.0,1642,31.2,37,0,8.800000000000011,0.9736842105263158,51230.4,92761.8
2,300.2,309.1,1406,42.2,40,0,8.900000000000034,0.975609756097561,59333.200000000004,92791.82
1,300.3,309.2,1587,31.4,43,0,8.899999999999977,0.9772727272727273,49831.799999999996,92852.76
2,300.3,309.2,1364,47.6,45,0,8.899999999999977,0.9782608695652174,64926.4,92852.76
1,300.3,309.2,1462,51.4,48,0,8.899999999999977,0.9795918367346939,75146.8,92852.76
1,300.3,309.2,1649,32.4,50,0,8.899999999999977,0.9803921568627451,53427.6,92852.76
1,300.4,309.2,1752,29.0,52,0,8.800000000000011,0.9811320754716981,50808.0,92883.68
0,300.4,309.3,1396,51.2,54,0,8.900000000000034,0.9818181818181818,71475.2,92913.72
2,300.5,309.4,2179,16.3,59,0,8.899999999999977,0.9833333333333333,35517.700000000004,92974.7
1,300.5,309.5,1653,27.6,62,0,9.0,0.9841269841269841,45622.8,93004.75
1,300.6,309.5,2025,21.4,64,0,8.899999999999977,0.9846153846153847,43335.0,93035.70000000001
1,300.6,309.6,1426,53.6,66,0,9.0,0.9850746268656716,76433.6,93065.76000000001
2,300.6,309.6,1503,38.4,68,0,9.0,0.9855072463768116,57715.2,93065.76000000001
2,300.7,309.6,1525,36.5,71,0,8.900000000000034,0.9861111111111112,55662.5,93096.72
1,300.6,309.6,1423,49.1,74,0,9.0,0.9866666666666667,69869.3,93065.76000000001
2,300.7,309.7,1435,44.7,76,0,9.0,0.987012987012987,64144.50000000001,93126.79
0,300.6,309.5,1495,36.5,79,0,8.899999999999977,0.9875,54567.5,93035.70000000001
2,300.6,309.5,1557,33.8,84,0,8.899999999999977,0.9882352941176471,52626.6,93035.70000000001
1,300.6,309.4,1474,40.7,87,0,8.799999999999955,0.9886363636363636,59991.8,93005.64
1,300.5,309.3,1465,46.0,89,0,8.800000000000011,0.9888888888888889,67390.0,92944.65000000001
2,300.5,309.3,1589,34.9,91,0,8.800000000000011,0.9891304347826086,55456.1,92944.65000000001
1,300.5,309.3,1475,46.8,94,0,8.800000000000011,0.9894736842105263,69030.0,92944.65000000001
1,300.6,309.4,1442,43.2,96,0,8.799999999999955,0.9896907216494846,62294.4,93005.64
1,300.6,309.4,1556,36.0,98,0,8.799999999999955,0.98989898989899,56016.0,93005.64
1,300.7,309.3,1425,45.3,100,0,8.600000000000023,0.9900990099009901,64552.49999999999,93006.51
1,300.7,309.3,1580,38.3,102,0,8.600000000000023,0.9902912621359223,60513.99999999999,93006.51
0,300.8,309.4,1474,40.7,104,0,8.599999999999966,0.9904761904761905,59991.8,93067.51999999999
1,300.8,309.4,1489,38.4,109,0,8.599999999999966,0.990909090909091,57177.6,93067.51999999999
1,300.8,309.4,1946,20.5,111,0,8.599999999999966,0.9910714285714286,39893.0,93067.51999999999
2,300.8,309.4,1342,62.4,113,1,8.599999999999966,0.9912280701754386,83740.8,93067.51999999999
2,300.9,309.5,1758,26.8,116,0,8.600000000000023,0.9914529914529915,47114.4,93128.54999999999
2,300.9,309.4,1724,25.6,119,0,8.5,0.9916666666666667,44134.4,93098.45999999999
1,301.0,309.5,1430,48.5,122,0,8.5,0.991869918699187,69355.0,93159.5
1,300.9,309.5,1612,35.2,124,0,8.600000000000023,0.992,56742.4,93128.54999999999
0,300.9,309.5,1469,43.4,126,0,8.600000000000023,0.9921259842519685,63754.6,93128.54999999999
1,300.9,309.6,1384,42.4,131,0,8.700000000000045,0.9924242424242424,58681.6,93158.64
1,301.0,309.6,1724,28.1,133,0,8.600000000000023,0.9925373134328358,48444.4,93189.6
2,301.0,309.6,1397,48.0,135,0,8.600000000000023,0.9926470588235294,67056.0,93189.6
2,301.0,309.6,1588,32.7,138,0,8.600000000000023,0.9928057553956835,51927.600000000006,93189.6
1,301.0,309.7,1468,42.0,141,0,8.699999999999989,0.9929577464788732,61656.0,93219.7
2,301.0,309.8,1594,31.1,143,0,8.800000000000011,0.9930555555555556,49573.4,93249.8
2,301.0,309.7,1511,39.3,146,0,8.699999999999989,0.9931972789115646,59382.299999999996,93219.7
1,301.1,309.8,1493,38.9,149,0,8.699999999999989,0.9933333333333333,58077.7,93280.78000000001
0,301.2,309.8,1709,27.0,151,0,8.600000000000023,0.993421052631579,46143.0,93311.76
1,301.1,309.6,1501,36.1,156,0,8.5,0.9936305732484076,54186.1,93220.56000000001
1,301.1,309.7,1668,30.8,158,0,8.599999999999966,0.9937106918238994,51374.4,93250.67
1,301.1,309.6,1502,48.9,160,0,8.5,0.9937888198757764,73447.8,93220.56000000001
2,301.0,309.7,1288,58.4,162,0,8.699999999999989,0.9938650306748467,75219.2,93219.7
1,301.0,309.7,1491,42.9,165,0,8.699999999999989,0.9939759036144579,63963.9,93219.7
1,301.1,309.8,1519,39.6,167,0,8.699999999999989,0.9940476190476191,60152.4,93280.78000000001
1,301.2,309.9,1984,19.7,169,0,8.699999999999989,0.9941176470588236,39084.799999999996,93341.87999999999
1,301.2,309.9,1643,32.9,171,0,8.699999999999989,0.9941860465116279,54054.7,93341.87999999999
2,301.2,310.0,1625,31.6,173,0,8.800000000000011,0.9942528735632183,51350.0,93372.0
2,301.3,310.0,2068,17.8,176,0,8.699999999999989,0.9943502824858758,36810.4,93403.0
0,301.3,310.1,1469,39.7,179,0,8.800000000000011,0.9944444444444445,58319.3,93433.13
1,301.3,310.1,1558,36.3,184,0,8.800000000000011,0.9945945945945946,56555.399999999994,93433.13
1,301.3,310.0,1344,54.8,186,0,8.699999999999989,0.9946524064171123,73651.2,93403.0
0,301.3,310.1,1455,44.1,188,0,8.800000000000011,0.9947089947089947,64165.5,93433.13
1,301.3,310.1,1355,53.6,193,0,8.800000000000011,0.9948453608247423,72628.0,93433.13
1,301.3,310.1,1269,56.8,195,1,8.800000000000011,0.9948979591836735,72079.2,93433.13
1,301.3,310.0,1550,41.5,197,0,8.699999999999989,0.9949494949494949,64325.0,93403.0
2,301.3,310.1,1525,37.8,199,0,8.800000000000011,0.995,57644.99999999999,93433.13
2,301.3,310.0,1696,32.4,202,0,8.699999999999989,0.9950738916256158,54950.399999999994,93403.0
1,301.4,310.1,1937,21.8,205,0,8.700000000000045,0.9951456310679612,42226.6,93464.14
2,301.4,310.0,1689,32.1,207,0,8.600000000000023,0.9951923076923077,54216.9,93434.0
2,301.3,310.0,1593,30.8,210,0,8.699999999999989,0.995260663507109,49064.4,93403.0
2,301.3,309.9,1565,36.0,213,0,8.599999999999966,0.9953271028037384,56340.0,93372.87
1,301.3,310.0,1665,31.4,0,0,8.699999999999989,0.0,52281.0,93403.0
0,301.3,310.0,1532,36.3,2,0,8.699999999999989,0.6666666666666666,55611.6,93403.0
1,301.3,310.0,1438,40.9,7,0,8.699999999999989,0.875,58814.2,93403.0
1,301.3,310.1,1531,41.6,9,0,8.800000000000011,0.9,63689.6,93433.13
1,301.3,310.0,1506,40.8,11,0,8.699999999999989,0.9166666666666666,61444.799999999996,93403.0
1,301.2,309.9,1382,52.4,13,0,8.699999999999989,0.9285714285714286,72416.8,93341.87999999999
2,301.2,309.9,1456,50.8,15,0,8.699999999999989,0.9375,73964.8,93341.87999999999
2,301.2,310.0,1445,45.6,18,0,8.800000000000011,0.9473684210526315,65892.0,93372.0
1,301.2,309.9,1515,40.9,21,0,8.699999999999989,0.9545454545454546,61963.5,93341.87999999999
1,301.2,309.9,1449,45.5,23,0,8.699999999999989,0.9583333333333334,65929.5,93341.87999999999
0,301.2,309.9,1362,50.7,25,0,8.699999999999989,0.9615384615384616,69053.40000000001,93341.87999999999
1,301.2,309.9,1687,29.7,30,0,8.699999999999989,0.967741935483871,50103.9,93341.87999999999
1,301.2,310.0,1618,37.6,32,0,8.800000000000011,0.9696969696969697,60836.8,93372.0
2,301.2,310.1,1558,32.6,34,0,8.900000000000034,0.9714285714285714,50790.8,93402.12000000001
1,301.3,310.1,1662,31.0,37,0,8.800000000000011,0.9736842105263158,51522.0,93433.13
2,301.2,310.1,1295,56.6,39,0,8.900000000000034,0.975,73297.0,93402.12000000001
1,301.2,310.2,1385,42.3,42,0,9.0,0.9767441860465116,58585.49999999999,93432.23999999999
2,301.2,310.1,1479,45.5,44,0,8.900000000000034,0.9777777777777777,67294.5,93402.12000000001
1,301.3,310.3,1400,44.3,47,0,9.0,0.9791666666666666,62019.99999999999,93493.39000000001
2,301.2,310.3,1357,54.5,49,0,9.100000000000023,0.98,73956.5,93462.36
1,301.1,310.2,1657,34.1,52,0,9.099999999999966,0.9811320754716981,56503.700000000004,93401.22
1,301.1,310.2,1496,43.4,54,0,9.099999999999966,0.9818181818181818,64926.4,93401.22
2,301.2,310.3,1379,43.2,56,0,9.100000000000023,0.9824561403508771,59572.8,93462.36
1,301.2,310.3,1548,38.6,59,0,9.100000000000023,0.9833333333333333,59752.8,93462.36
1,301.2,310.3,1499,38.1,61,0,9.100000000000023,0.9838709677419355,57111.9,93462.36
1,301.3,310.5,1390,45.8,63,0,9.199999999999989,0.984375,63661.99999999999,93553.65000000001
0,301.3,310.4,1538,38.4,65,0,9.099999999999966,0.9848484848484849,59059.2,93523.51999999999
1,301.3,310.5,1365,47.7,70,0,9.199999999999989,0.9859154929577465,65110.50000000001,93553.65000000001
1,301.3,310.5,1503,48.6,72,0,9.199999999999989,0.9863013698630136,73045.8,93553.65000000001
1,301.2,310.4,1390,49.9,74,0,9.199999999999989,0.9866666666666667,69361.0,93492.48
1,301.2,310.3,1497,45.7,76,0,9.100000000000023,0.987012987012987,68412.90000000001,93462.36
2,301.3,310.4,1577,48.3,78,0,9.099999999999966,0.9873417721518988,76169.09999999999,93523.51999999999
1,301.4,310.5,1432,54.3,81,0,9.100000000000023,0.9878048780487805,77757.59999999999,93584.7
2,301.4,310.5,1563,39.9,83,0,9.100000000000023,0.9880952380952381,62363.7,93584.7
1,301.4,310.4,1433,43.4,86,0,9.0,0.9885057471264368,62192.2,93554.55999999998
1,301.3,310.4,1384,50.1,88,0,9.099999999999966,0.9887640449438202,69338.40000000001,93523.51999999999
1,301.3,310.4,1346,46.7,90,0,9.099999999999966,0.989010989010989,62858.200000000004,93523.51999999999
1,301.3,310.4,1459,44.7,92,0,9.099999999999966,0.989247311827957,65217.3,93523.51999999999
1,301.4,310.4,1639,28.9,94,0,9.0,0.9894736842105263,47367.1,93554.55999999998
1,301.4,310.4,1737,31.9,96,0,9.0,0.9896907216494846,55410.299999999996,93554.55999999998
1,301.4,310.5,1489,43.5,98,0,9.100000000000023,0.98989898989899,64771.5,93584.7
2,301.5,310.6,1492,43.0,100,0,9.100000000000023,0.9900990099009901,64156.0,93645.90000000001
2,301.4,310.5,1217,60.6,103,0,9.100000000000023,0.9903846153846154,73750.2,93584.7
1,301.5,310.5,1636,28.7,106,0,9.0,0.9906542056074766,46953.2,93615.75
1,301.4,310.4,1436,49.7,108,0,9.0,0.9908256880733946,71369.2,93554.55999999998
1,301.4,310.4,1689,30.6,110,0,9.0,0.990990990990991,51683.4,93554.55999999998
1,301.5,310.5,2289,16.4,112,0,9.0,0.9911504424778761,37539.6,93615.75
1,301.5,310.6,1522,41.0,114,0,9.100000000000023,0.991304347826087,62402.0,93645.90000000001
1,301.5,310.5,1351,52.9,116,0,9.0,0.9914529914529915,71467.9,93615.75
1,301.5,310.5,1589,36.7,118,0,9.0,0.9915966386554622,58316.3,93615.75
1,301.5,310.6,1578,34.1,120,0,9.100000000000023,0.9917355371900827,53809.8,93645.90000000001
1,301.5,310.6,1587,33.7,122,0,9.100000000000023,0.991869918699187,53481.9,93645.90000000001
1,301.5,310.6,1962,20.2,124,0,9.100000000000023,0.992,39632.4,93645.90000000001
2,301.5,310.6,2432,14.2,126,0,9.100000000000023,0.9921259842519685,34534.4,93645.90000000001
1,301.6,310.6,1418,43.9,129,0,9.0,0.9923076923076923,62250.2,93676.96000000002
1,301.6,310.7,1683,29.7,131,0,9.099999999999966,0.9924242424242424,49985.1,93707.12000000001
1,301.7,310.8,1385,50.7,133,0,9.100000000000023,0.9925373134328358,70219.5,93768.36
1,301.7,310.8,1559,44.5,135,0,9.100000000000023,0.9926470588235294,69375.5,93768.36
2,301.7,310.8,1671,31.6,137,0,9.100000000000023,0.9927536231884058,52803.600000000006,93768.36
2,301.6,310.8,1343,49.5,140,0,9.199999999999989,0.9929078014184397,66478.5,93737.28000000001
2,301.6,310.8,1548,34.2,143,0,9.199999999999989,0.9930555555555556,52941.600000000006,93737.28000000001
1,301.7,310.9,1705,31.2,146,0,9.199999999999989,0.9931972789115646,53196.0,93798.52999999998
1,301.6,310.8,1535,35.4,148,0,9.199999999999989,0.9932885906040269,54339.0,93737.28000000001
1,301.6,310.8,1564,34.1,150,0,9.199999999999989,0.9933774834437086,53332.4,93737.28000000001
2,301.6,310.9,1510,40.9,152,0,9.299999999999955,0.9934640522875817,61759.0,93767.44
1,301.6,310.9,1492,45.2,155,0,9.299999999999955,0.9935897435897436,67438.40000000001,93767.44
2,301.5,310.8,1452,44.1,157,0,9.300000000000011,0.9936708860759493,64033.200000000004,93706.2
0,301.4,310.7,1329,52.0,160,0,9.300000000000011,0.9937888198757764,69108.0,93644.98
1,301.5,310.8,1382,52.4,165,0,9.300000000000011,0.9939759036144579,72416.8,93706.2
2,301.5,310.8,1628,36.4,167,0,9.300000000000011,0.9940476190476191,59259.2,93706.2
1,301.4,310.7,1706,27.9,170,0,9.300000000000011,0.9941520467836257,47597.399999999994,93644.98
1,301.3,310.7,1594,34.1,172,0,9.399999999999977,0.9942196531791907,54355.4,93613.91
1,301.3,310.7,1761,24.3,174,0,9.399999999999977,0.9942857142857143,42792.3,93613.91
1,301.3,310.6,1529,41.8,176,0,9.300000000000011,0.9943502824858758,63912.2,93583.78000000001
2,301.3,310.7,1532,40.7,178,0,9.399999999999977,0.994413407821229,62352.4,93613.91
1,301.4,310.7,1673,27.8,181,0,9.300000000000011,0.9945054945054945,46509.4,93644.98
1,301.4,310.8,1285,62.6,183,1,9.400000000000034,0.9945652173913043,80441.0,93675.12
1,301.4,310.8,1680,31.4,185,0,9.400000000000034,0.9946236559139785,52752.0,93675.12
1,301.4,310.8,1610,34.6,187,0,9.400000000000034,0.9946808510638298,55706.0,93675.12
1,301.6,310.9,1632,31.6,189,0,9.299999999999955,0.9947368421052631,51571.200000000004,93767.44
1,301.6,310.9,1559,40.2,191,0,9.299999999999955,0.9947916666666666,62671.8,93767.44
1,301.5,310.8,1367,49.0,193,0,9.300000000000011,0.9948453608247423,66983.0,93706.2
1,301.6,310.8,1355,57.8,195,1,9.199999999999989,0.9948979591836735,78319.0,93737.28000000001
0,301.6,310.7,1414,51.7,197,0,9.099999999999966,0.9949494949494949,73103.8,93707.12000000001
1,301.5,310.6,1522,36.6,202,0,9.100000000000023,0.9950738916256158,55705.200000000004,93645.90000000001
1,301.5,310.6,1525,41.9,204,0,9.100000000000023,0.9951219512195122,63897.5,93645.90000000001
1,301.5,310.6,1394,46.5,206,0,9.100000000000023,0.9951690821256038,64821.0,93645.90000000001
1,301.5,310.6,1519,40.7,208,0,9.100000000000023,0.9952153110047847,61823.3,93645.90000000001
1,301.4,310.6,1445,43.9,210,0,9.200000000000045,0.995260663507109,63435.5,93614.84
1,301.4,310.6,1555,43.3,212,0,9.200000000000045,0.9953051643192489,67331.5,93614.84
1,301.4,310.5,1633,39.5,0,0,9.100000000000023,0.0,64503.5,93584.7
2,301.4,310.6,1630,30.3,2,0,9.200000000000045,0.6666666666666666,49389.0,93614.84
2,301.4,310.7,1692,32.3,5,0,9.300000000000011,0.8333333333333334,54651.6,93644.98
0,301.5,310.7,1790,26.2,8,0,9.199999999999989,0.8888888888888888,46898.0,93676.05
1,301.5,310.8,1350,58.5,13,0,9.300000000000011,0.9285714285714286,78975.0,93706.2
1,301.5,310.9,2760,8.0,15,1,9.399999999999977,0.9375,22080.0,93736.34999999999
1,301.4,310.7,1584,32.2,17,0,9.300000000000011,0.9444444444444444,51004.8,93644.98
1,301.4,310.7,1989,21.8,19,0,9.300000000000011,0.95,43360.200000000004,93644.98
1,301.4,310.8,1431,44.3,21,0,9.400000000000034,0.9545454545454546,63393.299999999996,93675.12
1,301.4,310.7,1568,35.2,23,0,9.300000000000011,0.9583333333333334,55193.600000000006,93644.98
1,301.4,310.7,1376,50.6,25,0,9.300000000000011,0.9615384615384616,69625.6,93644.98
2,301.4,310.6,1459,46.9,27,0,9.200000000000045,0.9642857142857143,68427.09999999999,93614.84
2,301.5,310.8,1385,47.5,30,0,9.300000000000011,0.967741935483871,65787.5,93706.2
0,301.5,310.8,1591,29.6,33,0,9.300000000000011,0.9705882352941176,47093.600000000006,93706.2
1,301.5,310.7,1568,33.1,38,0,9.199999999999989,0.9743589743589743,51900.8,93676.05
2,301.4,310.7,1459,37.7,40,0,9.300000000000011,0.975609756097561,55004.3,93644.98
1,301.4,310.7,1590,36.3,43,0,9.300000000000011,0.9772727272727273,57716.99999999999,93644.98
1,301.3,310.6,1376,47.6,45,0,9.300000000000011,0.9782608695652174,65497.6,93583.78000000001
1,301.3,310.6,1510,38.5,47,0,9.300000000000011,0.9791666666666666,58135.0,93583.78000000001
0,301.4,310.6,1674,33.6,49,0,9.200000000000045,0.98,56246.4,93614.84
1,301.3,310.6,1426,40.7,54,0,9.300000000000011,0.9818181818181818,58038.200000000004,93583.78000000001
1,301.5,310.7,1466,43.6,56,0,9.199999999999989,0.9824561403508771,63917.6,93676.05
0,301.5,310.8,1474,38.7,58,0,9.300000000000011,0.9830508474576272,57043.8,93706.2
2,301.6,310.8,1290,65.3,63,0,9.199999999999989,0.984375,84237.0,93737.28000000001
2,301.7,310.9,1435,48.0,66,0,9.199999999999989,0.9850746268656716,68880.0,93798.52999999998
2,301.5,310.7,1416,53.2,69,0,9.199999999999989,0.9857142857142858,75331.2,93676.05
0,301.5,310.7,1599,40.4,72,0,9.199999999999989,0.9863013698630136,64599.6,93676.05
1,301.5,310.7,1466,47.3,77,0,9.199999999999989,0.9871794871794872,69341.8,93676.05
1,301.5,310.7,1408,47.3,79,0,9.199999999999989,0.9875,66598.4,93676.05
1,301.5,310.6,1490,48.1,81,0,9.100000000000023,0.9878048780487805,71669.0,93645.90000000001
1,301.5,310.6,1405,42.3,83,0,9.100000000000023,0.9880952380952381,59431.49999999999,93645.90000000001
1,301.4,310.5,1647,33.3,85,0,9.100000000000023,0.9883720930232558,54845.1,93584.7
2,301.4,310.6,1459,35.0,87,0,9.200000000000045,0.9886363636363636,51065.0,93614.84
1,301.4,310.6,1648,30.7,90,0,9.200000000000045,0.989010989010989,50593.6,93614.84
1,301.4,310.7,1675,30.7,92,0,9.300000000000011,0.989247311827957,51422.5,93644.98
1,301.4,310.7,1605,34.2,94,0,9.300000000000011,0.9894736842105263,54891.00000000001,93644.98
0,301.4,310.7,1536,44.4,96,0,9.300000000000011,0.9896907216494846,68198.4,93644.98
2,301.4,310.7,1617,34.3,101,0,9.300000000000011,0.9901960784313726,55463.1,93644.98
1,301.4,310.6,1347,53.3,104,0,9.200000000000045,0.9904761904761905,71795.09999999999,93614.84
1,301.3,310.5,1337,52.7,106,0,9.199999999999989,0.9906542056074766,70459.90000000001,93553.65000000001
1,301.3,310.4,1695,30.9,108,0,9.099999999999966,0.9908256880733946,52375.5,93523.51999999999
2,301.3,310.4,1635,32.5,110,0,9.099999999999966,0.990990990990991,53137.5,93523.51999999999
1,301.2,310.4,1470,44.0,113,0,9.199999999999989,0.9912280701754386,64680.0,93492.48
1,301.2,310.4,1381,49.8,115,0,9.199999999999989,0.9913793103448276,68773.8,93492.48
2,301.2,310.4,1382,41.6,117,0,9.199999999999989,0.9915254237288136,57491.200000000004,93492.48
2,301.2,310.4,1697,30.0,120,0,9.199999999999989,0.9917355371900827,50910.0,93492.48
1,301.2,310.3,1451,39.7,123,0,9.100000000000023,0.9919354838709677,57604.700000000004,93462.36
1,301.3,310.3,1419,55.7,125,0,9.0,0.9920634920634921,79038.3,93493.39000000001
1,301.3,310.3,1313,55.6,127,0,9.0,0.9921875,73002.8,93493.39000000001
1,301.3,310.3,1560,36.3,129,0,9.0,0.9923076923076923,56627.99999999999,93493.39000000001
1,301.3,310.3,1555,41.2,131,0,9.0,0.9924242424242424,64066.00000000001,93493.39000000001
1,301.4,310.4,1579,36.9,133,0,9.0,0.9925373134328358,58265.1,93554.55999999998
1,301.5,310.5,1435,44.6,135,0,9.0,0.9926470588235294,64001.0,93615.75
1,301.6,310.6,1621,33.7,137,0,9.0,0.9927536231884058,54627.700000000004,93676.96000000002
0,301.6,310.6,1555,40.4,139,0,9.0,0.9928571428571429,62822.0,93676.96000000002
1,301.5,310.5,1611,33.8,144,0,9.0,0.993103448275862,54451.799999999996,93615.75
1,301.6,310.6,1834,23.5,146,0,9.0,0.9931972789115646,43099.0,93676.96000000002
2,301.5,310.5,1612,29.8,148,0,9.0,0.9932885906040269,48037.6,93615.75
1,301.5,310.4,1629,34.1,151,0,8.899999999999977,0.993421052631579,55548.9,93585.59999999999
1,301.4,310.4,1496,35.2,153,0,9.0,0.9935064935064936,52659.200000000004,93554.55999999998
1,301.5,310.5,1593,32.9,155,0,9.0,0.9935897435897436,52409.7,93615.75
2,301.5,310.5,1623,33.5,157,0,9.0,0.9936708860759493,54370.5,93615.75
1,301.5,310.5,1380,48.7,160,0,9.0,0.9937888198757764,67206.0,93615.75
1,301.6,310.6,1562,34.4,162,0,9.0,0.9938650306748467,53732.799999999996,93676.96000000002
1,301.6,310.6,1391,49.4,164,0,9.0,0.9939393939393939,68715.4,93676.96000000002
0,301.5,310.5,1551,34.3,166,0,9.0,0.9940119760479041,53199.299999999996,93615.75
0,301.6,310.6,1821,26.2,171,0,9.0,0.9941860465116279,47710.2,93676.96000000002
1,301.6,310.7,1429,43.6,176,0,9.099999999999966,0.9943502824858758,62304.4,93707.12000000001
2,301.6,310.7,2012,20.7,178,0,9.099999999999966,0.994413407821229,41648.4,93707.12000000001
2,301.6,310.6,1924,23.6,181,0,9.0,0.9945054945054945,45406.4,93676.96000000002
2,301.5,310.5,1412,44.1,184,0,9.0,0.9945945945945946,62269.200000000004,93615.75
1,301.5,310.5,1389,54.9,187,0,9.0,0.9946808510638298,76256.09999999999,93615.75
1,301.5,310.5,1466,48.1,189,0,9.0,0.9947368421052631,70514.6,93615.75
1,301.5,310.5,2297,15.8,191,0,9.0,0.9947916666666666,36292.6,93615.75
1,301.4,310.4,1471,37.5,193,0,9.0,0.9948453608247423,55162.5,93554.55999999998
1,301.4,310.3,1492,41.4,195,0,8.900000000000034,0.9948979591836735,61768.799999999996,93524.42
1,301.3,310.3,1460,41.5,197,0,9.0,0.9949494949494949,60590.0,93493.39000000001
1,301.4,310.4,1559,39.4,199,0,9.0,0.995,61424.6,93554.55999999998
2,301.4,310.5,1495,52.5,201,0,9.100000000000023,0.995049504950495,78487.5,93584.7
1,301.5,310.5,1535,39.0,204,0,9.0,0.9951219512195122,59865.0,93615.75
1,301.5,310.6,1381,50.7,206,0,9.100000000000023,0.9951690821256038,70016.7,93645.90000000001
2,301.6,310.6,1599,36.1,208,0,9.0,0.9952153110047847,57723.9,93676.96000000002
0,301.6,310.6,1400,49.5,211,0,9.0,0.9952830188679245,69300.0,93676.96000000002
1,301.7,310.6,1624,34.5,216,0,8.900000000000034,0.9953917050691244,56028.0,93708.02
1,301.6,310.6,1478,36.6,218,0,9.0,0.9954337899543378,54094.8,93676.96000000002
1,301.7,310.7,1605,33.3,220,0,9.0,0.995475113122172,53446.49999999999,93738.18999999999
1,301.6,310.6,1506,43.4,222,0,9.0,0.9955156950672646,65360.4,93676.96000000002
1,301.6,310.6,1455,43.9,0,0,9.0,0.0,63874.5,93676.96000000002
0,301.6,310.5,1602,32.3,2,0,8.899999999999977,0.6666666666666666,51744.6,93646.8
1,301.5,310.4,1425,54.4,7,0,8.899999999999977,0.875,77520.0,93585.59999999999
1,301.5,310.4,1918,21.8,9,0,8.899999999999977,0.9,41812.4,93585.59999999999
0,301.4,310.3,1611,41.5,11,0,8.900000000000034,0.9166666666666666,66856.5,93524.42
0,301.4,310.4,1610,38.6,16,0,9.0,0.9411764705882353,62146.0,93554.55999999998
2,301.5,310.4,2639,12.0,21,1,8.899999999999977,0.9545454545454546,31668.0,93585.59999999999
1,301.5,310.4,1329,46.6,24,0,8.899999999999977,0.96,61931.4,93585.59999999999
1,301.5,310.4,1270,54.2,26,0,8.899999999999977,0.9629629629629629,68834.0,93585.59999999999
1,301.5,310.3,1415,41.6,28,0,8.800000000000011,0.9655172413793104,58864.0,93555.45
0,301.6,310.4,1330,49.5,30,0,8.799999999999955,0.967741935483871,65835.0,93616.64
0,301.6,310.5,1786,27.1,35,0,8.899999999999977,0.9722222222222222,48400.600000000006,93646.8
1,301.6,310.5,1809,25.5,40,0,8.899999999999977,0.975609756097561,46129.5,93646.8
1,301.7,310.6,1303,59.7,42,0,8.900000000000034,0.9767441860465116,77789.1,93708.02
2,301.8,310.7,1383,45.7,44,0,8.899999999999977,0.9777777777777777,63203.100000000006,93769.26
1,301.7,310.6,1447,56.9,47,0,8.900000000000034,0.9791666666666666,82334.3,93708.02
1,301.8,310.7,1461,44.2,49,0,8.899999999999977,0.98,64576.200000000004,93769.26
1,301.8,310.7,2092,18.6,51,0,8.899999999999977,0.9807692307692307,38911.200000000004,93769.26
2,301.8,310.7,1429,47.9,53,0,8.899999999999977,0.9814814814814815,68449.09999999999,93769.26
1,301.8,310.8,1736,26.5,56,0,9.0,0.9824561403508771,46004.0,93799.44
1,301.8,310.7,1441,49.3,58,0,8.899999999999977,0.9830508474576272,71041.3,93769.26
1,301.8,310.7,1523,43.3,60,0,8.899999999999977,0.9836065573770492,65945.9,93769.26
2,301.8,310.8,1691,33.4,62,0,9.0,0.9841269841269841,56479.399999999994,93799.44
2,301.9,310.8,1557,35.3,65,0,8.900000000000034,0.9848484848484849,54962.1,93830.51999999999
1,301.8,310.7,1644,33.4,68,0,8.899999999999977,0.9855072463768116,54909.6,93769.26
1,301.8,310.6,1522,43.8,70,0,8.800000000000011,0.9859154929577465,66663.59999999999,93739.08000000002
1,301.8,310.7,1547,41.7,72,0,8.899999999999977,0.9863013698630136,64509.9,93769.26
1,301.8,310.7,1597,30.8,74,0,8.899999999999977,0.9866666666666667,49187.6,93769.26
2,301.8,310.8,1619,31.0,76,0,9.0,0.987012987012987,50189.0,93799.44
1,301.9,310.8,1400,58.2,79,0,8.900000000000034,0.9875,81480.0,93830.51999999999
1,302.0,310.9,1663,31.5,81,0,8.899999999999977,0.9878048780487805,52384.5,93891.79999999999
1,301.9,310.8,1540,37.6,83,0,8.900000000000034,0.9880952380952381,57904.0,93830.51999999999
0,301.9,310.8,1455,42.7,85,0,8.900000000000034,0.9883720930232558,62128.50000000001,93830.51999999999
1,301.9,310.8,1519,39.0,90,0,8.900000000000034,0.989010989010989,59241.0,93830.51999999999
1,301.9,310.8,1427,47.7,92,0,8.900000000000034,0.989247311827957,68067.90000000001,93830.51999999999
1,301.9,310.8,1650,29.8,94,0,8.900000000000034,0.9894736842105263,49170.0,93830.51999999999
2,301.8,310.8,1508,38.8,96,0,9.0,0.9896907216494846,58510.399999999994,93799.44
1,301.9,310.9,1379,54.8,99,0,9.0,0.99,75569.2,93860.70999999999
1,301.9,310.9,1542,36.7,101,0,9.0,0.9901960784313726,56591.4,93860.70999999999
2,301.9,310.9,1763,28.4,103,0,9.0,0.9903846153846154,50069.2,93860.70999999999
0,301.9,310.9,1590,34.3,106,0,9.0,0.9906542056074766,54536.99999999999,93860.70999999999
0,301.9,311.0,1336,63.6,111,0,9.100000000000023,0.9910714285714286,84969.6,93890.9
2,301.9,311.0,1638,35.4,116,0,9.100000000000023,0.9914529914529915,57985.2,93890.9
1,301.9,311.0,1356,45.7,119,0,9.100000000000023,0.9916666666666667,61969.200000000004,93890.9
2,301.9,311.0,1384,47.4,121,0,9.100000000000023,0.9918032786885246,65601.59999999999,93890.9
1,301.9,310.9,1309,48.0,124,0,9.0,0.992,62832.0,93860.70999999999
1,301.9,311.0,1642,33.1,126,0,9.100000000000023,0.9921259842519685,54350.200000000004,93890.9
1,301.9,311.0,1289,54.9,128,0,9.100000000000023,0.9922480620155039,70766.09999999999,93890.9
1,301.9,311.0,1353,43.8,130,0,9.100000000000023,0.9923664122137404,59261.399999999994,93890.9
0,301.9,311.0,1871,26.0,132,0,9.100000000000023,0.9924812030075187,48646.0,93890.9
0,301.9,311.0,1291,63.6,137,0,9.100000000000023,0.9927536231884058,82107.6,93890.9
2,301.8,310.9,1346,44.6,142,0,9.099999999999966,0.993006993006993,60031.6,93829.62
1,301.7,310.8,1493,47.6,145,0,9.100000000000023,0.9931506849315068,71066.8,93768.36
2,301.7,310.8,1524,41.3,147,0,9.100000000000023,0.9932432432432432,62941.2,93768.36
1,301.6,310.8,1726,26.7,150,0,9.199999999999989,0.9933774834437086,46084.2,93737.28000000001
0,301.6,310.8,1435,47.2,152,0,9.199999999999989,0.9934640522875817,67732.0,93737.28000000001
2,301.7,310.8,1502,34.4,157,0,9.100000000000023,0.9936708860759493,51668.799999999996,93768.36
1,301.7,310.9,1608,33.0,160,0,9.199999999999989,0.9937888198757764,53064.0,93798.52999999998
1,301.8,311.0,1771,27.2,162,0,9.199999999999989,0.9938650306748467,48171.2,93859.8
1,301.7,311.0,1474,42.6,164,0,9.300000000000011,0.9939393939393939,62792.4,93828.7
1,301.8,311.0,1322,53.0,166,0,9.199999999999989,0.9940119760479041,70066.0,93859.8
2,301.8,311.0,1393,49.5,168,0,9.199999999999989,0.9940828402366864,68953.5,93859.8
2,301.9,311.1,1417,52.5,171,0,9.200000000000045,0.9941860465116279,74392.5,93921.09
0,301.9,311.0,1430,49.8,174,0,9.100000000000023,0.9942857142857143,71214.0,93890.9
2,301.9,311.1,1605,40.0,179,0,9.200000000000045,0.9944444444444445,64200.0,93921.09
1,302.0,311.1,1402,47.8,182,0,9.100000000000023,0.994535519125683,67015.59999999999,93952.20000000001
1,302.0,311.0,1550,35.2,184,0,9.0,0.9945945945945946,54560.00000000001,93922.0
1,301.9,311.0,1376,44.9,186,0,9.100000000000023,0.9946524064171123,61782.4,93890.9
2,301.9,310.9,1569,32.5,188,0,9.0,0.9947089947089947,50992.5,93860.70999999999
1,301.9,311.0,1669,32.2,191,0,9.100000000000023,0.9947916666666666,53741.8,93890.9
1,301.9,311.0,1541,38.9,193,0,9.100000000000023,0.9948453608247423,59944.899999999994,93890.9
1,301.8,311.0,1651,32.5,195,0,9.199999999999989,0.9948979591836735,53657.5,93859.8
1,301.8,310.9,1521,39.3,197,0,9.099999999999966,0.9949494949494949,59775.299999999996,93829.62
2,301.8,310.8,1365,48.2,199,0,9.0,0.995,65793.0,93799.44
1,301.8,310.9,1609,31.7,202,0,9.099999999999966,0.9950738916256158,51005.299999999996,93829.62
0,301.8,310.8,1470,37.6,204,0,9.0,0.9951219512195122,55272.0,93799.44
2,301.9,310.9,1573,38.9,209,0,9.0,0.9952380952380953,61189.7,93860.70999999999
1,302.0,310.9,1378,53.1,212,1,8.899999999999977,0.9953051643192489,73171.8,93891.79999999999
1,301.9,310.9,1567,39.0,214,1,9.0,0.9953488372093023,61113.0,93860.70999999999
2,301.9,310.9,1441,43.7,0,0,9.0,0.0,62971.700000000004,93860.70999999999
2,301.9,310.9,1641,33.2,3,0,9.0,0.75,54481.200000000004,93860.70999999999
1,301.9,310.9,1486,40.3,6,0,9.0,0.8571428571428571,59885.799999999996,93860.70999999999
1,302.0,311.0,1563,36.2,8,0,9.0,0.8888888888888888,56580.600000000006,93922.0
2,302.0,311.1,1769,26.0,10,0,9.100000000000023,0.9090909090909091,45994.0,93952.20000000001
0,301.9,311.0,1672,29.9,13,0,9.100000000000023,0.9285714285714286,49992.799999999996,93890.9
1,302.0,311.0,1632,34.2,18,0,9.0,0.9473684210526315,55814.4,93922.0
2,302.0,311.0,1980,21.5,20,0,9.0,0.9523809523809523,42570.0,93922.0
1,302.0,311.1,1635,36.0,23,0,9.100000000000023,0.9583333333333334,58860.0,93952.20000000001
1,302.0,311.0,1686,32.5,25,0,9.0,0.9615384615384616,54795.0,93922.0
1,301.9,310.9,1574,31.4,27,0,9.0,0.9642857142857143,49423.6,93860.70999999999
1,301.8,310.8,1546,43.4,29,0,9.0,0.9666666666666667,67096.4,93799.44
1,301.8,310.9,1899,24.7,31,0,9.099999999999966,0.96875,46905.299999999996,93829.62
1,301.8,310.9,1449,36.5,33,0,9.099999999999966,0.9705882352941176,52888.5,93829.62
2,301.9,310.9,1483,37.0,35,0,9.0,0.9722222222222222,54871.0,93860.70999999999
1,301.8,310.8,1576,38.6,38,0,9.0,0.9743589743589743,60833.600000000006,93799.44
2,301.9,310.9,1317,51.9,40,0,9.0,0.975609756097561,68352.3,93860.70999999999
2,301.9,311.0,1467,48.1,43,0,9.100000000000023,0.9772727272727273,70562.7,93890.9
1,301.9,310.9,1616,34.5,46,0,9.0,0.9787234042553191,55752.0,93860.70999999999
2,301.8,310.9,1299,60.4,48,0,9.099999999999966,0.9795918367346939,78459.59999999999,93829.62
2,301.9,311.0,1432,41.5,51,0,9.100000000000023,0.9807692307692307,59428.0,93890.9
1,301.9,310.9,1799,24.2,54,0,9.0,0.9818181818181818,43535.799999999996,93860.70999999999
2,301.8,310.9,1358,52.3,56,0,9.099999999999966,0.9824561403508771,71023.4,93829.62
2,301.8,310.8,1618,37.8,59,0,9.0,0.9833333333333333,61160.399999999994,93799.44
1,301.9,310.8,1525,43.2,62,0,8.900000000000034,0.9841269841269841,65880.0,93830.51999999999
1,301.8,310.7,1551,37.7,64,0,8.899999999999977,0.9846153846153847,58472.700000000004,93769.26
1,301.9,310.8,1735,31.5,66,0,8.900000000000034,0.9850746268656716,54652.5,93830.51999999999
2,301.8,310.7,1309,43.3,68,0,8.899999999999977,0.9855072463768116,56679.7,93769.26
1,301.7,310.6,1743,26.2,71,0,8.900000000000034,0.9861111111111112,45666.6,93708.02
2,301.7,310.7,1659,29.9,73,0,9.0,0.9864864864864865,49604.1,93738.18999999999
1,301.8,310.7,1680,32.4,76,0,8.899999999999977,0.987012987012987,54432.0,93769.26
1,301.7,310.6,1486,38.5,78,0,8.900000000000034,0.9873417721518988,57211.0,93708.02
1,301.7,310.6,1471,43.8,80,0,8.900000000000034,0.9876543209876543,64429.799999999996,93708.02
2,301.8,310.7,1465,35.8,82,0,8.899999999999977,0.9879518072289156,52446.99999999999,93769.26
2,301.7,310.6,1492,42.2,85,0,8.900000000000034,0.9883720930232558,62962.4,93708.02
2,301.8,310.7,1420,52.0,88,0,8.899999999999977,0.9887640449438202,73840.0,93769.26
1,301.8,310.6,1295,62.3,91,0,8.800000000000011,0.9891304347826086,80678.5,93739.08000000002
1,301.8,310.5,1548,34.1,93,0,8.699999999999989,0.9893617021276596,52786.8,93708.90000000001
1,301.8,310.6,1372,54.7,95,0,8.800000000000011,0.9895833333333334,75048.40000000001,93739.08000000002
2,301.8,310.6,1552,35.9,97,0,8.800000000000011,0.9897959183673469,55716.799999999996,93739.08000000002
0,301.8,310.6,1441,46.3,100,0,8.800000000000011,0.9900990099009901,66718.3,93739.08000000002
2,301.7,310.6,1691,27.7,105,0,8.900000000000034,0.9905660377358491,46840.7,93708.02
1,301.8,310.6,1451,50.7,108,0,8.800000000000011,0.9908256880733946,73565.7,93739.08000000002
1,301.8,310.6,1452,48.4,110,0,8.800000000000011,0.990990990990991,70276.8,93739.08000000002
1,301.7,310.6,1406,46.0,112,0,8.900000000000034,0.9911504424778761,64676.0,93708.02
1,301.7,310.5,1567,39.1,114,0,8.800000000000011,0.991304347826087,61269.700000000004,93677.84999999999
1,301.6,310.4,1599,41.7,116,0,8.799999999999955,0.9914529914529915,66678.3,93616.64
2,301.6,310.4,1455,39.0,118,0,8.799999999999955,0.9915966386554622,56745.0,93616.64
2,301.7,310.5,1625,35.9,121,0,8.800000000000011,0.9918032786885246,58337.5,93677.84999999999
1,301.8,310.6,2672,11.8,124,1,8.800000000000011,0.992,31529.600000000002,93739.08000000002
1,301.8,310.6,1650,31.9,126,0,8.800000000000011,0.9921259842519685,52635.0,93739.08000000002
2,301.8,310.6,1459,40.2,128,0,8.800000000000011,0.9922480620155039,58651.8,93739.08000000002
1,301.8,310.6,1395,50.5,131,0,8.800000000000011,0.9924242424242424,70447.5,93739.08000000002
1,301.8,310.7,1751,29.3,133,0,8.899999999999977,0.9925373134328358,51304.3,93769.26
1,301.8,310.6,1192,68.9,135,0,8.800000000000011,0.9926470588235294,82128.8,93739.08000000002
1,301.9,310.7,1947,25.0,137,0,8.800000000000011,0.9927536231884058,48675.0,93800.32999999999
1,301.8,310.5,1593,34.9,139,0,8.699999999999989,0.9928571428571429,55595.7,93708.90000000001
0,301.8,310.5,1478,38.6,141,0,8.699999999999989,0.9929577464788732,57050.8,93708.90000000001
2,301.7,310.6,1505,44.5,146,0,8.900000000000034,0.9931972789115646,66972.5,93708.02
1,301.7,310.5,2465,13.7,149,0,8.800000000000011,0.9933333333333333,33770.5,93677.84999999999
1,301.8,310.6,1403,46.8,151,0,8.800000000000011,0.993421052631579,65660.4,93739.08000000002
2,301.7,310.5,1458,41.4,153,0,8.800000000000011,0.9935064935064936,60361.2,93677.84999999999
0,301.6,310.4,1369,45.4,156,0,8.799999999999955,0.9936305732484076,62152.6,93616.64
2,301.6,310.4,1377,44.9,161,0,8.799999999999955,0.9938271604938271,61827.299999999996,93616.64
2,301.6,310.4,1452,45.7,164,0,8.799999999999955,0.9939393939393939,66356.40000000001,93616.64
1,301.6,310.4,1517,41.1,167,0,8.799999999999955,0.9940476190476191,62348.700000000004,93616.64
1,301.7,310.5,1354,50.0,169,0,8.800000000000011,0.9941176470588236,67700.0,93677.84999999999
2,301.7,310.5,1724,33.0,171,0,8.800000000000011,0.9941860465116279,56892.0,93677.84999999999
1,301.7,310.5,1399,53.2,174,0,8.800000000000011,0.9942857142857143,74426.8,93677.84999999999
0,301.7,310.5,1388,50.5,176,0,8.800000000000011,0.9943502824858758,70094.0,93677.84999999999
1,301.7,310.5,1523,34.7,181,0,8.800000000000011,0.9945054945054945,52848.100000000006,93677.84999999999
1,301.7,310.5,1377,43.1,183,0,8.800000000000011,0.9945652173913043,59348.700000000004,93677.84999999999
2,301.7,310.6,1417,45.2,185,0,8.900000000000034,0.9946236559139785,64048.4,93708.02
1,301.7,310.7,1542,40.0,188,0,9.0,0.9947089947089947,61680.0,93738.18999999999
1,301.8,310.8,1557,33.3,190,0,9.0,0.9947643979057592,51848.1,93799.44
1,301.7,310.7,1641,31.9,192,0,9.0,0.9948186528497409,52347.899999999994,93738.18999999999
1,301.7,310.7,1318,55.0,194,0,9.0,0.9948717948717949,72490.0,93738.18999999999
1,301.6,310.7,1638,33.8,196,0,9.099999999999966,0.9949238578680203,55364.399999999994,93707.12000000001
2,301.7,310.8,1954,21.6,198,0,9.100000000000023,0.9949748743718593,42206.4,93768.36
2,301.7,310.9,1644,32.5,201,0,9.199999999999989,0.995049504950495,53430.0,93798.52999999998
2,301.7,310.8,1594,32.4,204,0,9.100000000000023,0.9951219512195122,51645.6,93768.36
1,301.7,310.9,1405,46.4,207,1,9.199999999999989,0.9951923076923077,65192.0,93798.52999999998
1,301.7,310.8,1622,37.8,0,0,9.100000000000023,0.0,61311.6,93768.36
1,301.7,310.9,1557,39.4,2,0,9.199999999999989,0.6666666666666666,61345.799999999996,93798.52999999998
1,301.8,311.0,1606,33.3,4,0,9.199999999999989,0.8,53479.799999999996,93859.8
2,301.8,311.1,1647,31.6,6,0,9.300000000000011,0.8571428571428571,52045.200000000004,93889.98000000001
2,301.8,311.1,1413,42.2,9,0,9.300000000000011,0.9,59628.600000000006,93889.98000000001
1,301.8,311.0,1529,41.6,12,0,9.199999999999989,0.9230769230769231,63606.4,93859.8
1,301.9,311.1,1448,46.3,14,0,9.200000000000045,0.9333333333333333,67042.4,93921.09
1,301.9,311.2,1435,44.2,16,0,9.300000000000011,0.9411764705882353,63427.00000000001,93951.27999999998
0,301.9,311.2,1474,41.8,18,0,9.300000000000011,0.9473684210526315,61613.2,93951.27999999998
1,301.9,311.2,1657,29.1,23,0,9.300000000000011,0.9583333333333334,48218.700000000004,93951.27999999998
1,302.0,311.3,1509,39.9,25,0,9.300000000000011,0.9615384615384616,60209.1,94012.6
2,302.0,311.3,1530,36.4,27,0,9.300000000000011,0.9642857142857143,55692.0,94012.6
2,302.0,311.4,1587,35.9,30,0,9.399999999999977,0.967741935483871,56973.299999999996,94042.79999999999
2,302.1,311.4,1467,43.4,33,0,9.299999999999955,0.9705882352941176,63667.799999999996,94073.94
2,302.2,311.5,1360,53.0,36,0,9.300000000000011,0.972972972972973,72080.0,94135.3
1,302.2,311.5,1588,30.6,39,0,9.300000000000011,0.975,48592.8,94135.3
1,302.2,311.4,1609,32.1,41,0,9.199999999999989,0.9761904761904762,51648.9,94105.07999999999
1,302.1,311.3,1415,44.1,43,0,9.199999999999989,0.9772727272727273,62401.5,94043.73000000001
1,302.0,311.2,1845,27.3,45,0,9.199999999999989,0.9782608695652174,50368.5,93982.4
2,302.1,311.4,1419,36.2,47,0,9.299999999999955,0.9791666666666666,51367.8,94073.94
1,302.1,311.3,1634,30.6,50,0,9.199999999999989,0.9803921568627451,50000.4,94043.73000000001
2,302.2,311.3,1521,40.6,52,0,9.100000000000023,0.9811320754716981,61752.6,94074.86
1,302.2,311.4,1499,37.7,55,0,9.199999999999989,0.9821428571428571,56512.3,94105.07999999999
2,302.1,311.2,1616,35.1,57,0,9.099999999999966,0.9827586206896551,56721.600000000006,94013.52
1,302.2,311.4,1449,46.5,60,0,9.199999999999989,0.9836065573770492,67378.5,94105.07999999999
2,302.2,311.4,1626,31.6,62,0,9.199999999999989,0.9841269841269841,51381.600000000006,94105.07999999999
2,302.3,311.5,1445,44.8,65,0,9.199999999999989,0.9848484848484849,64735.99999999999,94166.45
1,302.4,311.6,1622,35.0,68,0,9.200000000000045,0.9855072463768116,56770.0,94227.84
0,302.4,311.6,1544,39.1,70,0,9.200000000000045,0.9859154929577465,60370.4,94227.84
1,302.3,311.6,1488,41.8,75,0,9.300000000000011,0.9868421052631579,62198.399999999994,94196.68000000001
1,302.3,311.6,1309,57.6,77,0,9.300000000000011,0.9871794871794872,75398.40000000001,94196.68000000001
1,302.3,311.6,1784,26.4,79,0,9.300000000000011,0.9875,47097.6,94196.68000000001
1,302.2,311.5,1548,32.4,81,0,9.300000000000011,0.9878048780487805,50155.2,94135.3
1,302.2,311.5,1413,43.5,83,0,9.300000000000011,0.9880952380952381,61465.5,94135.3
2,302.2,311.5,1863,25.7,85,0,9.300000000000011,0.9883720930232558,47879.1,94135.3
1,302.2,311.5,1427,43.8,88,0,9.300000000000011,0.9887640449438202,62502.6,94135.3
2,302.2,311.5,1443,47.0,90,0,9.300000000000011,0.989010989010989,67821.0,94135.3
1,302.2,311.5,1481,40.4,93,0,9.300000000000011,0.9893617021276596,59832.4,94135.3
1,302.1,311.4,1446,39.7,95,0,9.299999999999955,0.9895833333333334,57406.200000000004,94073.94
1,302.1,311.5,1444,44.9,97,0,9.399999999999977,0.9897959183673469,64835.6,94104.15000000001
2,302.1,311.5,1341,50.8,99,0,9.399999999999977,0.99,68122.8,94104.15000000001
1,302.1,311.4,1518,37.4,102,0,9.299999999999955,0.9902912621359223,56773.2,94073.94
1,302.1,311.4,1603,35.9,104,0,9.299999999999955,0.9904761904761905,57547.7,94073.94
1,302.1,311.4,1686,30.9,106,0,9.299999999999955,0.9906542056074766,52097.399999999994,94073.94
2,302.1,311.5,1383,53.6,108,0,9.399999999999977,0.9908256880733946,74128.8,94104.15000000001
1,302.1,311.5,1477,45.4,111,0,9.399999999999977,0.9910714285714286,67055.8,94104.15000000001
2,302.2,311.5,1449,44.5,113,0,9.300000000000011,0.9912280701754386,64480.5,94135.3
2,302.2,311.5,1734,25.0,116,0,9.300000000000011,0.9914529914529915,43350.0,94135.3
1,302.3,311.6,1398,49.1,119,0,9.300000000000011,0.9916666666666667,68641.8,94196.68000000001
2,302.3,311.7,1639,36.6,121,0,9.399999999999977,0.9918032786885246,59987.4,94226.91
2,302.3,311.7,1517,37.6,124,0,9.399999999999977,0.992,57039.200000000004,94226.91
2,302.3,311.7,1442,41.7,127,0,9.399999999999977,0.9921875,60131.4,94226.91
2,302.3,311.7,1685,30.8,130,0,9.399999999999977,0.9923664122137404,51898.0,94226.91
2,302.4,311.8,1358,50.6,133,0,9.400000000000034,0.9925373134328358,68714.8,94288.31999999999
2,302.3,311.6,1608,39.9,136,0,9.300000000000011,0.9927007299270073,64159.2,94196.68000000001
1,302.3,311.6,1665,34.3,139,0,9.300000000000011,0.9928571428571429,57109.49999999999,94196.68000000001
1,302.3,311.7,1510,38.7,141,0,9.399999999999977,0.9929577464788732,58437.00000000001,94226.91
1,302.4,311.8,1465,40.2,143,0,9.400000000000034,0.9930555555555556,58893.00000000001,94288.31999999999
1,302.3,311.7,1701,27.5,145,0,9.399999999999977,0.9931506849315068,46777.5,94226.91
2,302.3,311.7,1486,39.6,147,0,9.399999999999977,0.9932432432432432,58845.6,94226.91
1,302.3,311.6,1658,32.3,150,0,9.300000000000011,0.9933774834437086,53553.399999999994,94196.68000000001
0,302.3,311.7,1449,44.5,152,0,9.399999999999977,0.9934640522875817,64480.5,94226.91
1,302.2,311.5,1346,52.4,157,0,9.300000000000011,0.9936708860759493,70530.4,94135.3
2,302.1,311.5,1866,23.1,159,0,9.399999999999977,0.99375,43104.600000000006,94104.15000000001
2,302.2,311.5,1562,38.0,162,0,9.300000000000011,0.9938650306748467,59356.0,94135.3
2,302.3,311.7,1368,53.6,165,0,9.399999999999977,0.9939759036144579,73324.8,94226.91
1,302.2,311.5,1567,33.1,168,0,9.300000000000011,0.9940828402366864,51867.700000000004,94135.3
1,302.2,311.5,1725,34.0,170,0,9.300000000000011,0.9941520467836257,58650.0,94135.3
1,302.2,311.5,1744,31.2,172,0,9.300000000000011,0.9942196531791907,54412.799999999996,94135.3
2,302.1,311.3,1453,45.1,174,0,9.199999999999989,0.9942857142857143,65530.3,94043.73000000001
1,302.1,311.2,1550,34.8,177,0,9.099999999999966,0.9943820224719101,53939.99999999999,94013.52
2,302.0,311.2,1558,39.1,179,0,9.199999999999989,0.9944444444444445,60917.8,93982.4
1,302.0,311.2,1270,65.3,182,1,9.199999999999989,0.994535519125683,82931.0,93982.4
2,301.9,311.1,1380,51.6,184,0,9.200000000000045,0.9945945945945946,71208.0,93921.09
1,302.0,311.1,1406,50.5,187,0,9.100000000000023,0.9946808510638298,71003.0,93952.20000000001
2,302.0,311.2,1625,30.7,189,0,9.199999999999989,0.9947368421052631,49887.5,93982.4
1,302.0,311.2,1420,45.8,192,0,9.199999999999989,0.9948186528497409,65035.99999999999,93982.4
1,302.1,311.4,1889,22.7,194,0,9.299999999999955,0.9948717948717949,42880.299999999996,94073.94
1,302.1,311.3,1477,43.6,196,0,9.199999999999989,0.9949238578680203,64397.200000000004,94043.73000000001
1,302.1,311.2,1460,46.9,198,0,9.099999999999966,0.9949748743718593,68474.0,94013.52
1,302.1,311.3,1758,24.4,200,0,9.199999999999989,0.9950248756218906,42895.2,94043.73000000001
1,302.1,311.3,1521,31.5,202,0,9.199999999999989,0.9950738916256158,47911.5,94043.73000000001
2,302.1,311.3,1511,45.0,204,0,9.199999999999989,0.9951219512195122,67995.0,94043.73000000001
1,302.2,311.3,1530,37.3,207,1,9.100000000000023,0.9951923076923077,57068.99999999999,94074.86
1,302.1,311.2,1454,46.8,0,0,9.099999999999966,0.0,68047.2,94013.52
1,302.2,311.2,1928,23.1,2,0,9.0,0.6666666666666666,44536.8,94044.64
0,302.2,311.3,1758,26.4,4,0,9.100000000000023,0.8,46411.2,94074.86
1,302.2,311.2,1649,33.2,9,0,9.0,0.9,54746.8,94044.64
1,302.1,311.2,1447,50.3,11,0,9.099999999999966,0.9166666666666666,72784.09999999999,94013.52
1,302.1,311.2,1417,48.0,13,0,9.099999999999966,0.9285714285714286,68016.0,94013.52
1,302.0,311.2,1434,44.9,15,0,9.199999999999989,0.9375,64386.6,93982.4
2,302.0,311.2,1418,49.5,17,0,9.199999999999989,0.9444444444444444,70191.0,93982.4
2,302.0,311.2,1400,49.5,20,0,9.199999999999989,0.9523809523809523,69300.0,93982.4
2,302.0,311.3,1725,27.7,23,0,9.300000000000011,0.9583333333333334,47782.5,94012.6
1,302.0,311.3,1567,41.1,26,0,9.300000000000011,0.9629629629629629,64403.700000000004,94012.6
2,302.1,311.3,1497,38.4,28,0,9.199999999999989,0.9655172413793104,57484.799999999996,94043.73000000001
1,302.1,311.4,1549,44.6,31,0,9.299999999999955,0.96875,69085.40000000001,94073.94
1,302.2,311.4,1754,26.9,33,0,9.199999999999989,0.9705882352941176,47182.6,94105.07999999999
1,302.2,311.5,1489,38.3,35,0,9.300000000000011,0.9722222222222222,57028.7,94135.3
1,302.2,311.5,1543,38.5,37,0,9.300000000000011,0.9736842105263158,59405.5,94135.3
1,302.3,311.5,1543,33.1,39,0,9.199999999999989,0.975,51073.3,94166.45
1,302.3,311.5,1565,35.6,41,0,9.199999999999989,0.9761904761904762,55714.0,94166.45
2,302.3,311.4,1855,23.9,43,0,9.099999999999966,0.9772727272727273,44334.5,94136.22
2,302.4,311.4,1475,45.2,46,0,9.0,0.9787234042553191,66670.0,94167.35999999999
1,302.3,311.4,1609,32.3,49,0,9.099999999999966,0.98,51970.7,94136.22
0,302.3,311.4,1443,44.1,51,0,9.099999999999966,0.9807692307692307,63636.3,94136.22
1,302.4,311.4,1450,44.1,56,0,9.0,0.9824561403508771,63945.0,94167.35999999999
1,302.4,311.5,1590,39.9,58,0,9.100000000000023,0.9830508474576272,63441.0,94197.59999999999
2,302.4,311.4,1508,41.2,60,0,9.0,0.9836065573770492,62129.600000000006,94167.35999999999
2,302.2,311.2,1544,43.6,63,0,9.0,0.984375,67318.40000000001,94044.64
1,302.2,311.2,1451,41.8,66,0,9.0,0.9850746268656716,60651.799999999996,94044.64
1,302.3,311.2,1758,24.4,68,0,8.899999999999977,0.9855072463768116,42895.2,94075.76
2,302.3,311.2,1507,47.7,70,0,8.899999999999977,0.9859154929577465,71883.90000000001,94075.76
0,302.3,311.1,1543,37.5,73,0,8.800000000000011,0.9864864864864865,57862.5,94045.53000000001
2,302.3,311.2,1505,36.7,78,0,8.899999999999977,0.9873417721518988,55233.50000000001,94075.76
1,302.3,311.2,1786,24.3,81,0,8.899999999999977,0.9878048780487805,43399.8,94075.76
1,302.3,311.3,1457,44.5,83,0,9.0,0.9880952380952381,64836.5,94105.99
2,302.4,311.3,1312,61.5,85,0,8.900000000000034,0.9883720930232558,80688.0,94137.12
2,302.3,311.2,1405,47.7,88,0,8.899999999999977,0.9887640449438202,67018.5,94075.76
2,302.2,311.2,1377,43.0,91,0,9.0,0.9891304347826086,59211.0,94044.64
2,302.2,311.2,1347,49.8,94,0,9.0,0.9894736842105263,67080.59999999999,94044.64
1,302.2,311.1,1470,39.6,97,0,8.900000000000034,0.9897959183673469,58212.0,94014.42
2,302.2,311.2,1873,24.0,99,0,9.0,0.99,44952.0,94044.64
2,302.2,311.1,1434,58.6,102,0,8.900000000000034,0.9902912621359223,84032.40000000001,94014.42
0,302.2,311.1,1628,30.6,105,0,8.900000000000034,0.9905660377358491,49816.8,94014.42
1,302.2,311.1,1351,48.6,110,0,8.900000000000034,0.990990990990991,65658.6,94014.42
2,302.3,311.2,1454,43.8,112,0,8.899999999999977,0.9911504424778761,63685.2,94075.76
2,302.2,311.2,1663,29.6,115,0,9.0,0.9913793103448276,49224.8,94044.64
1,302.3,311.2,1401,49.7,118,0,8.899999999999977,0.9915966386554622,69629.7,94075.76
1,302.4,311.3,1503,38.2,120,0,8.900000000000034,0.9917355371900827,57414.600000000006,94137.12
1,302.4,311.4,1564,35.0,122,0,9.0,0.991869918699187,54740.0,94167.35999999999
1,302.5,311.4,1759,24.6,124,0,8.899999999999977,0.992,43271.4,94198.5
1,302.5,311.4,1409,53.1,126,0,8.899999999999977,0.9921259842519685,74817.90000000001,94198.5
1,302.6,311.4,1738,25.8,128,0,8.799999999999955,0.9922480620155039,44840.4,94229.64
0,302.5,311.3,1393,47.5,130,0,8.800000000000011,0.9923664122137404,66167.5,94168.25
1,302.5,311.1,1499,38.8,135,0,8.600000000000023,0.9926470588235294,58161.2,94107.75
1,302.5,311.1,1493,39.0,137,0,8.600000000000023,0.9927536231884058,58227.0,94107.75
1,302.4,311.1,1652,33.9,139,0,8.700000000000045,0.9928571428571429,56002.799999999996,94076.64
1,302.3,311.1,1589,29.9,141,0,8.800000000000011,0.9929577464788732,47511.1,94045.53000000001
1,302.4,311.1,1520,42.2,143,0,8.700000000000045,0.9930555555555556,64144.00000000001,94076.64
0,302.3,311.1,1455,40.3,145,0,8.800000000000011,0.9931506849315068,58636.49999999999,94045.53000000001
1,302.2,311.0,1463,46.8,150,0,8.800000000000011,0.9933774834437086,68468.4,93984.2
1,302.3,311.0,1442,43.7,152,0,8.699999999999989,0.9934640522875817,63015.4,94015.3
1,302.3,311.0,1329,51.5,154,0,8.699999999999989,0.9935483870967742,68443.5,94015.3
1,302.3,311.1,1546,33.1,156,0,8.800000000000011,0.9936305732484076,51172.600000000006,94045.53000000001
2,302.2,311.1,1516,33.7,158,0,8.900000000000034,0.9937106918238994,51089.200000000004,94014.42
2,302.2,311.0,1476,47.4,161,0,8.800000000000011,0.9938271604938271,69962.4,93984.2
1,302.3,311.0,1412,47.0,164,0,8.699999999999989,0.9939393939393939,66364.0,94015.3
1,302.3,310.9,1377,46.8,166,1,8.599999999999966,0.9940119760479041,64443.6,93985.06999999999
2,302.4,311.0,1490,37.1,168,0,8.600000000000023,0.9940828402366864,55279.0,94046.4
2,302.3,311.0,1526,37.7,171,0,8.699999999999989,0.9941860465116279,57530.200000000004,94015.3
1,302.3,311.0,1428,47.9,174,0,8.699999999999989,0.9942857142857143,68401.2,94015.3
1,302.4,311.0,1329,54.6,176,0,8.600000000000023,0.9943502824858758,72563.40000000001,94046.4
2,302.4,311.1,1443,51.8,178,0,8.700000000000045,0.994413407821229,74747.4,94076.64
1,302.3,311.1,1373,53.0,181,0,8.800000000000011,0.9945054945054945,72769.0,94045.53000000001
1,302.3,311.1,1630,35.6,183,0,8.800000000000011,0.9945652173913043,58028.0,94045.53000000001
1,302.2,311.0,1555,34.2,185,0,8.800000000000011,0.9946236559139785,53181.00000000001,93984.2
2,302.2,311.0,1436,47.0,187,0,8.800000000000011,0.9946808510638298,67492.0,93984.2
1,302.3,311.0,1609,31.0,190,0,8.699999999999989,0.9947643979057592,49879.0,94015.3
2,302.3,311.0,1384,49.7,192,0,8.699999999999989,0.9948186528497409,68784.8,94015.3
1,302.4,311.1,1448,44.8,195,0,8.700000000000045,0.9948979591836735,64870.399999999994,94076.64
2,302.4,311.1,1887,22.4,197,0,8.700000000000045,0.9949494949494949,42268.799999999996,94076.64
2,302.4,311.1,1480,45.7,200,0,8.700000000000045,0.9950248756218906,67636.0,94076.64
0,302.5,311.1,1850,23.3,203,0,8.600000000000023,0.9950980392156863,43105.0,94107.75
1,302.5,311.1,1538,36.8,208,0,8.600000000000023,0.9952153110047847,56598.399999999994,94107.75
2,302.4,311.1,1721,30.1,210,0,8.700000000000045,0.995260663507109,51802.100000000006,94076.64
2,302.4,311.1,1366,54.4,0,0,8.700000000000045,0.0,74310.4,94076.64
1,302.3,311.0,1657,31.1,3,0,8.699999999999989,0.75,51532.700000000004,94015.3
1,302.4,311.1,1446,42.9,5,0,8.700000000000045,0.8333333333333334,62033.4,94076.64
1,302.3,310.8,1465,43.8,7,0,8.5,0.875,64166.99999999999,93954.84000000001
1,302.2,310.8,1827,23.8,9,0,8.600000000000023,0.9,43482.6,93923.76
0,302.2,310.8,1397,47.6,11,0,8.600000000000023,0.9166666666666666,66497.2,93923.76
1,302.2,310.8,1744,29.7,16,0,8.600000000000023,0.9411764705882353,51796.799999999996,93923.76
1,302.3,310.9,1545,36.7,18,0,8.599999999999966,0.9473684210526315,56701.50000000001,93985.06999999999
1,302.3,310.9,1587,36.6,20,0,8.599999999999966,0.9523809523809523,58084.200000000004,93985.06999999999
1,302.3,310.8,1377,47.3,22,1,8.5,0.9565217391304348,65132.1,93954.84000000001
1,302.3,310.8,1511,48.1,24,0,8.5,0.96,72679.1,93954.84000000001
1,302.3,310.8,1650,32.4,26,0,8.5,0.9629629629629629,53460.0,93954.84000000001
1,302.3,310.9,1412,48.9,28,0,8.599999999999966,0.9655172413793104,69046.8,93985.06999999999
1,302.3,311.0,1528,43.1,30,0,8.699999999999989,0.967741935483871,65856.8,94015.3
1,302.3,310.9,1459,35.0,32,0,8.599999999999966,0.9696969696969697,51065.0,93985.06999999999
1,302.3,310.9,1379,49.3,34,1,8.599999999999966,0.9714285714285714,67984.7,93985.06999999999
2,302.2,310.8,1356,48.3,36,0,8.600000000000023,0.972972972972973,65494.799999999996,93923.76
2,302.1,310.8,1409,41.3,39,0,8.699999999999989,0.975,58191.7,93892.68000000001
2,302.1,310.8,1504,37.5,42,0,8.699999999999989,0.9767441860465116,56400.0,93892.68000000001
1,302.1,310.8,1622,36.8,45,0,8.699999999999989,0.9782608695652174,59689.6,93892.68000000001
1,302.1,310.8,1786,25.7,47,0,8.699999999999989,0.9791666666666666,45900.2,93892.68000000001
1,302.2,310.9,1506,34.0,49,0,8.699999999999989,0.98,51204.0,93953.98
2,302.1,310.9,1916,23.1,51,0,8.799999999999955,0.9807692307692307,44259.600000000006,93922.89
2,302.2,310.9,1771,27.6,54,0,8.699999999999989,0.9818181818181818,48879.600000000006,93953.98
2,302.2,310.9,1488,44.2,57,0,8.699999999999989,0.9827586206896551,65769.6,93953.98
1,302.2,310.9,1531,37.5,60,0,8.699999999999989,0.9836065573770492,57412.5,93953.98
1,302.3,310.9,1529,33.4,62,0,8.599999999999966,0.9841269841269841,51068.6,93985.06999999999
2,302.4,311.0,1580,36.5,64,0,8.600000000000023,0.9846153846153847,57670.0,94046.4
2,302.3,310.9,1360,44.0,67,1,8.599999999999966,0.9852941176470589,59840.0,93985.06999999999
2,302.3,311.0,1546,35.5,70,0,8.699999999999989,0.9859154929577465,54883.0,94015.3
2,302.3,310.9,1762,24.5,73,0,8.599999999999966,0.9864864864864865,43169.0,93985.06999999999
1,302.2,310.8,1350,56.6,76,0,8.600000000000023,0.987012987012987,76410.0,93923.76
2,302.2,310.8,1562,38.1,78,0,8.600000000000023,0.9873417721518988,59512.200000000004,93923.76
2,302.1,310.7,1608,30.3,81,0,8.599999999999966,0.9878048780487805,48722.4,93862.47
1,302.0,310.6,1392,50.0,84,0,8.600000000000023,0.9882352941176471,69600.0,93801.20000000001
1,302.0,310.6,1467,44.9,86,0,8.600000000000023,0.9885057471264368,65868.3,93801.20000000001
2,302.1,310.6,1326,59.1,88,1,8.5,0.9887640449438202,78366.6,93832.26000000001
1,302.2,310.7,1769,24.9,91,0,8.5,0.9891304347826086,44048.1,93893.54
1,302.1,310.6,1459,47.6,93,0,8.5,0.9893617021276596,69448.40000000001,93832.26000000001
2,302.1,310.6,1421,52.0,95,0,8.5,0.9895833333333334,73892.0,93832.26000000001
1,302.1,310.7,1491,42.8,98,0,8.599999999999966,0.98989898989899,63814.799999999996,93862.47
1,302.2,310.7,1567,36.4,100,0,8.5,0.9900990099009901,57038.799999999996,93893.54
1,302.3,310.8,1421,41.4,102,0,8.5,0.9902912621359223,58829.4,93954.84000000001
1,302.3,310.9,1596,33.5,104,0,8.599999999999966,0.9904761904761905,53466.0,93985.06999999999
2,302.4,311.0,1464,44.2,106,0,8.600000000000023,0.9906542056074766,64708.8,94046.4
2,302.3,310.9,1581,36.1,109,0,8.599999999999966,0.990909090909091,57074.100000000006,93985.06999999999
1,302.3,310.9,1620,30.3,112,0,8.599999999999966,0.9911504424778761,49086.0,93985.06999999999
0,302.2,310.7,1413,48.9,114,0,8.5,0.991304347826087,69095.7,93893.54
0,302.3,310.8,1438,43.8,119,0,8.5,0.9916666666666667,62984.399999999994,93954.84000000001
2,302.4,310.9,1469,41.6,124,0,8.5,0.992,61110.4,94016.15999999999
2,302.3,310.8,1762,27.8,127,0,8.5,0.9921875,48983.6,93954.84000000001
0,302.3,310.9,1366,48.4,130,1,8.599999999999966,0.9923664122137404,66114.4,93985.06999999999
1,302.3,310.9,1891,22.7,135,0,8.599999999999966,0.9926470588235294,42925.7,93985.06999999999
2,302.3,310.9,1742,29.7,137,0,8.599999999999966,0.9927536231884058,51737.4,93985.06999999999
2,302.2,310.9,1465,43.5,140,0,8.699999999999989,0.9929078014184397,63727.5,93953.98
2,302.3,311.0,1541,36.6,143,0,8.699999999999989,0.9930555555555556,56400.600000000006,94015.3
2,302.3,311.1,1295,57.1,146,0,8.800000000000011,0.9931972789115646,73944.5,94045.53000000001
2,302.3,311.1,1435,43.1,149,0,8.800000000000011,0.9933333333333333,61848.5,94045.53000000001
1,302.4,311.2,1466,43.9,152,0,8.800000000000011,0.9934640522875817,64357.4,94106.87999999999
1,302.4,311.2,1450,47.9,154,0,8.800000000000011,0.9935483870967742,69455.0,94106.87999999999
1,302.4,311.1,1880,24.5,156,0,8.700000000000045,0.9936305732484076,46060.0,94076.64
2,302.3,311.0,1578,33.5,158,0,8.699999999999989,0.9937106918238994,52863.0,94015.3
1,302.4,311.0,1610,33.1,161,0,8.600000000000023,0.9938271604938271,53291.0,94046.4
1,302.4,311.1,1565,42.8,163,0,8.700000000000045,0.9939024390243902,66982.0,94076.64
1,302.5,311.2,1545,40.1,165,0,8.699999999999989,0.9939759036144579,61954.5,94138.0
1,302.5,311.2,1227,60.1,167,0,8.699999999999989,0.9940476190476191,73742.7,94138.0
1,302.4,311.1,1484,45.9,169,0,8.700000000000045,0.9941176470588236,68115.59999999999,94076.64
1,302.3,311.0,1591,32.7,171,0,8.699999999999989,0.9941860465116279,52025.700000000004,94015.3
1,302.3,310.9,1403,47.2,173,0,8.599999999999966,0.9942528735632183,66221.6,93985.06999999999
2,302.3,311.0,1450,45.7,175,0,8.699999999999989,0.9943181818181818,66265.0,94015.3
1,302.3,310.9,1720,28.1,178,0,8.599999999999966,0.994413407821229,48332.0,93985.06999999999
1,302.3,311.0,1561,37.2,180,0,8.699999999999989,0.994475138121547,58069.200000000004,94015.3
2,302.3,311.0,1421,41.3,182,0,8.699999999999989,0.994535519125683,58687.299999999996,94015.3
0,302.2,310.9,1415,48.4,185,0,8.699999999999989,0.9946236559139785,68486.0,93953.98
1,302.3,310.9,2034,19.7,190,0,8.599999999999966,0.9947643979057592,40069.799999999996,93985.06999999999
1,302.4,311.0,1486,40.4,192,0,8.600000000000023,0.9948186528497409,60034.4,94046.4
1,302.4,311.0,1338,67.6,194,1,8.600000000000023,0.9948717948717949,90448.79999999999,94046.4
0,302.4,311.1,1578,32.3,196,0,8.700000000000045,0.9949238578680203,50969.399999999994,94076.64
2,302.4,311.2,1330,58.6,201,0,8.800000000000011,0.995049504950495,77938.0,94106.87999999999
0,302.4,311.2,1506,40.8,204,0,8.800000000000011,0.9951219512195122,61444.799999999996,94106.87999999999
1,302.5,311.4,1559,37.6,209,0,8.899999999999977,0.9952380952380953,58618.4,94198.5
1,302.6,311.5,1599,37.0,211,0,8.899999999999977,0.9952830188679245,59163.0,94259.90000000001
1,302.6,311.5,1427,38.9,213,0,8.899999999999977,0.9953271028037384,55510.299999999996,94259.90000000001
2,302.5,311.5,1481,41.1,215,0,9.0,0.9953703703703703,60869.1,94228.75
0,302.5,311.5,1496,43.8,218,0,9.0,0.9954337899543378,65524.799999999996,94228.75
1,302.5,311.4,1674,27.0,223,0,8.899999999999977,0.9955357142857143,45198.0,94198.5
2,302.5,311.4,1629,31.7,225,0,8.899999999999977,0.995575221238938,51639.299999999996,94198.5
0,302.6,311.5,1629,34.4,228,1,8.899999999999977,0.9956331877729258,56037.6,94259.90000000001
1,302.6,311.6,1311,53.2,0,0,9.0,0.0,69745.2,94290.16000000002
2,302.7,311.6,2709,9.7,2,1,8.900000000000034,0.6666666666666666,26277.3,94321.32
2,302.7,311.7,1759,29.9,5,0,9.0,0.8333333333333334,52594.1,94351.59
1,302.7,311.7,1480,45.2,8,0,9.0,0.8888888888888888,66896.0,94351.59
1,302.7,311.8,1461,46.1,10,0,9.100000000000023,0.9090909090909091,67352.1,94381.86
2,302.7,311.8,1728,30.0,12,0,9.100000000000023,0.9230769230769231,51840.0,94381.86
1,302.7,311.9,1389,46.5,15,0,9.199999999999989,0.9375,64588.5,94412.12999999999
1,302.6,311.8,1638,35.1,17,0,9.199999999999989,0.9444444444444444,57493.8,94350.68000000001
1,302.6,311.7,1254,54.1,19,0,9.099999999999966,0.95,67841.40000000001,94320.42
1,302.6,311.8,1427,50.1,21,0,9.199999999999989,0.9545454545454546,71492.7,94350.68000000001
1,302.6,311.8,1627,31.8,23,0,9.199999999999989,0.9583333333333334,51738.6,94350.68000000001
0,302.6,311.7,1471,48.3,25,0,9.099999999999966,0.9615384615384616,71049.3,94320.42
1,302.6,311.7,1773,27.1,30,0,9.099999999999966,0.967741935483871,48048.3,94320.42
2,302.6,311.7,1430,51.7,32,0,9.099999999999966,0.9696969696969697,73931.0,94320.42
1,302.5,311.6,1595,29.5,35,0,9.100000000000023,0.9722222222222222,47052.5,94259.0
1,302.5,311.5,1521,44.1,37,0,9.0,0.9736842105263158,67076.1,94228.75
1,302.5,311.6,1419,43.7,39,0,9.100000000000023,0.975,62010.3,94259.0
2,302.4,311.4,1534,40.1,41,0,9.0,0.9761904761904762,61513.4,94167.35999999999
0,302.5,311.5,1626,36.0,44,0,9.0,0.9777777777777777,58536.0,94228.75
1,302.5,311.5,1677,29.2,49,0,9.0,0.98,48968.4,94228.75
1,302.4,311.3,1392,50.5,51,0,8.900000000000034,0.9807692307692307,70296.0,94137.12
1,302.4,311.2,1448,50.5,53,0,8.800000000000011,0.9814814814814815,73124.0,94106.87999999999
1,302.3,311.2,1903,22.9,55,0,8.899999999999977,0.9821428571428571,43578.7,94075.76
1,302.4,311.2,1404,52.0,57,0,8.800000000000011,0.9827586206896551,73008.0,94106.87999999999
1,302.3,311.2,1386,53.5,59,0,8.899999999999977,0.9833333333333333,74151.0,94075.76
1,302.2,311.1,1418,47.0,61,0,8.900000000000034,0.9838709677419355,66646.0,94014.42
2,302.3,311.1,1338,53.3,63,0,8.800000000000011,0.984375,71315.4,94045.53000000001
1,302.3,311.2,1549,40.6,66,0,8.899999999999977,0.9850746268656716,62889.4,94075.76
2,302.3,311.2,1432,42.7,68,0,8.899999999999977,0.9855072463768116,61146.4,94075.76
2,302.3,311.2,1546,40.0,71,0,8.899999999999977,0.9861111111111112,61840.0,94075.76
2,302.2,311.2,1627,33.2,74,0,9.0,0.9866666666666667,54016.4,94044.64
2,302.2,311.1,1640,32.8,77,0,8.900000000000034,0.9871794871794872,53791.99999999999,94014.42
2,302.1,311.1,1423,36.8,80,0,9.0,0.9876543209876543,52366.399999999994,93983.31000000001
2,302.1,311.0,1711,28.7,83,0,8.899999999999977,0.9880952380952381,49105.7,93953.1
2,302.1,311.1,1450,51.6,86,0,9.0,0.9885057471264368,74820.0,93983.31000000001
0,302.2,311.1,1553,34.1,89,0,8.900000000000034,0.9888888888888889,52957.3,94014.42
1,302.2,311.1,1630,34.6,94,0,8.900000000000034,0.9894736842105263,56398.0,94014.42
0,302.2,311.1,1476,39.6,96,0,8.900000000000034,0.9896907216494846,58449.6,94014.42
0,302.2,311.1,1426,50.6,101,0,8.900000000000034,0.9901960784313726,72155.6,94014.42
2,302.2,311.2,1561,34.9,106,0,9.0,0.9906542056074766,54478.899999999994,94044.64
1,302.3,311.2,1297,62.5,109,0,8.899999999999977,0.990909090909091,81062.5,94075.76
2,302.3,311.2,1842,23.9,111,0,8.899999999999977,0.9910714285714286,44023.799999999996,94075.76
1,302.3,311.2,1633,36.4,114,0,8.899999999999977,0.991304347826087,59441.2,94075.76
0,302.3,311.3,1744,30.3,116,0,9.0,0.9914529914529915,52843.200000000004,94105.99
1,302.4,311.4,1831,26.9,121,0,9.0,0.9918032786885246,49253.899999999994,94167.35999999999
2,302.3,311.3,1339,50.8,123,0,9.0,0.9919354838709677,68021.2,94105.99
1,302.4,311.4,1475,40.4,126,0,9.0,0.9921259842519685,59590.0,94167.35999999999
2,302.4,311.4,1675,29.6,128,0,9.0,0.9922480620155039,49580.0,94167.35999999999
1,302.5,311.5,1493,35.1,131,0,9.0,0.9924242424242424,52404.3,94228.75
1,302.5,311.5,1700,29.5,133,0,9.0,0.9925373134328358,50150.0,94228.75
1,302.6,311.6,1453,37.0,135,0,9.0,0.9926470588235294,53761.0,94290.16000000002
1,302.6,311.7,1542,34.1,137,0,9.099999999999966,0.9927536231884058,52582.200000000004,94320.42
2,302.5,311.5,1358,52.7,139,0,9.0,0.9928571428571429,71566.6,94228.75
0,302.5,311.5,1655,32.3,142,0,9.0,0.993006993006993,53456.49999999999,94228.75
1,302.6,311.5,1885,27.5,147,0,8.899999999999977,0.9932432432432432,51837.5,94259.90000000001
1,302.7,311.5,1494,41.4,149,0,8.800000000000011,0.9933333333333333,61851.6,94291.05
2,302.6,311.4,1757,29.5,151,0,8.799999999999955,0.993421052631579,51831.5,94229.64
2,302.6,311.4,1718,31.2,154,0,8.799999999999955,0.9935483870967742,53601.6,94229.64
2,302.5,311.4,1636,35.0,157,0,8.899999999999977,0.9936708860759493,57260.0,94198.5
1,302.6,311.6,1638,29.6,160,0,9.0,0.9937888198757764,48484.8,94290.16000000002
1,302.6,311.5,1609,36.0,162,0,8.899999999999977,0.9938650306748467,57924.0,94259.90000000001
0,302.7,311.5,1556,35.0,164,0,8.800000000000011,0.9939393939393939,54460.0,94291.05
1,302.6,311.5,1442,59.8,169,1,8.899999999999977,0.9941176470588236,86231.59999999999,94259.90000000001
2,302.7,311.6,1501,38.8,171,0,8.900000000000034,0.9941860465116279,58238.799999999996,94321.32
2,302.6,311.6,2041,19.2,174,0,9.0,0.9942857142857143,39187.2,94290.16000000002
2,302.7,311.7,1784,25.1,177,0,9.0,0.9943820224719101,44778.4,94351.59
1,302.6,311.6,1953,22.4,180,0,9.0,0.994475138121547,43747.2,94290.16000000002
1,302.6,311.6,1576,34.7,182,0,9.0,0.994535519125683,54687.200000000004,94290.16000000002
2,302.6,311.6,1518,39.0,184,0,9.0,0.9945945945945946,59202.0,94290.16000000002
2,302.6,311.6,1227,68.2,187,1,9.0,0.9946808510638298,83681.40000000001,94290.16000000002
1,302.5,311.5,1985,18.8,190,0,9.0,0.9947643979057592,37318.0,94228.75
1,302.5,311.5,1802,26.4,192,0,9.0,0.9948186528497409,47572.799999999996,94228.75
1,302.5,311.5,1603,32.4,194,0,9.0,0.9948717948717949,51937.2,94228.75
1,302.5,311.6,1400,54.0,196,0,9.100000000000023,0.9949238578680203,75600.0,94259.0
1,302.3,311.5,1395,54.2,198,0,9.199999999999989,0.9949748743718593,75609.0,94166.45
1,302.2,311.4,1987,19.9,200,0,9.199999999999989,0.9950248756218906,39541.299999999996,94105.07999999999
2,302.2,311.4,1398,47.2,202,0,9.199999999999989,0.9950738916256158,65985.6,94105.07999999999
1,302.3,311.4,1333,66.7,205,1,9.099999999999966,0.9951456310679612,88911.1,94136.22
1,302.2,311.2,1381,49.4,207,0,9.0,0.9951923076923077,68221.4,94044.64
1,302.2,311.3,1570,36.1,0,0,9.100000000000023,0.0,56677.0,94074.86
2,302.2,311.3,1658,31.0,2,0,9.100000000000023,0.6666666666666666,51398.0,94074.86
0,302.2,311.3,1749,29.2,5,0,9.100000000000023,0.8333333333333334,51070.799999999996,94074.86
2,302.2,311.3,1510,37.1,10,0,9.100000000000023,0.9090909090909091,56021.0,94074.86
1,302.3,311.5,1384,50.8,13,0,9.199999999999989,0.9285714285714286,70307.2,94166.45
1,302.3,311.4,1570,37.2,15,0,9.099999999999966,0.9375,58404.00000000001,94136.22
2,302.3,311.4,1571,32.7,17,0,9.099999999999966,0.9444444444444444,51371.700000000004,94136.22
1,302.3,311.4,1476,37.3,20,0,9.099999999999966,0.9523809523809523,55054.799999999996,94136.22
2,302.3,311.4,1484,39.5,22,0,9.099999999999966,0.9565217391304348,58618.0,94136.22
2,302.3,311.4,1909,23.2,25,0,9.099999999999966,0.9615384615384616,44288.799999999996,94136.22
1,302.3,311.5,1448,49.6,28,0,9.199999999999989,0.9655172413793104,71820.8,94166.45
2,302.3,311.4,1500,40.2,30,0,9.099999999999966,0.967741935483871,60300.00000000001,94136.22
1,302.2,311.4,1510,44.9,33,0,9.199999999999989,0.9705882352941176,67799.0,94105.07999999999
1,302.2,311.3,1378,55.5,35,0,9.100000000000023,0.9722222222222222,76479.0,94074.86
2,302.2,311.4,1538,37.4,37,0,9.199999999999989,0.9736842105263158,57521.2,94105.07999999999
1,302.2,311.4,1390,48.1,40,0,9.199999999999989,0.975609756097561,66859.0,94105.07999999999
2,302.2,311.4,1642,32.1,42,0,9.199999999999989,0.9767441860465116,52708.200000000004,94105.07999999999
1,302.4,311.5,1785,24.8,45,0,9.100000000000023,0.9782608695652174,44268.0,94197.59999999999
0,302.3,311.5,1526,38.2,47,0,9.199999999999989,0.9791666666666666,58293.200000000004,94166.45
2,302.3,311.6,1668,33.2,52,0,9.300000000000011,0.9811320754716981,55377.600000000006,94196.68000000001
1,302.3,311.5,1507,37.5,55,0,9.199999999999989,0.9821428571428571,56512.5,94166.45
1,302.3,311.5,1530,37.8,57,0,9.199999999999989,0.9827586206896551,57833.99999999999,94166.45
2,302.3,311.4,1479,45.6,59,0,9.099999999999966,0.9833333333333333,67442.40000000001,94136.22
2,302.3,311.4,1418,41.3,62,0,9.099999999999966,0.9841269841269841,58563.399999999994,94136.22
1,302.3,311.4,1504,38.7,65,0,9.099999999999966,0.9848484848484849,58204.8,94136.22
2,302.3,311.4,1345,47.6,67,0,9.099999999999966,0.9852941176470589,64022.0,94136.22
0,302.2,311.4,1625,35.4,70,0,9.199999999999989,0.9859154929577465,57525.0,94105.07999999999
1,302.3,311.4,1511,34.7,75,0,9.099999999999966,0.9868421052631579,52431.700000000004,94136.22
1,302.3,311.4,1535,41.8,77,0,9.099999999999966,0.9871794871794872,64162.99999999999,94136.22
1,302.4,311.5,1505,37.9,79,0,9.100000000000023,0.9875,57039.5,94197.59999999999
0,302.4,311.5,1540,43.7,81,0,9.100000000000023,0.9878048780487805,67298.0,94197.59999999999
0,302.3,311.4,1372,46.0,86,0,9.099999999999966,0.9885057471264368,63112.0,94136.22
2,302.2,311.3,1510,36.6,91,0,9.100000000000023,0.9891304347826086,55266.0,94074.86
1,302.2,311.3,1382,46.4,94,0,9.100000000000023,0.9894736842105263,64124.799999999996,94074.86
1,302.3,311.3,1439,41.8,96,0,9.0,0.9896907216494846,60150.2,94105.99
2,302.2,311.3,1375,47.0,98,0,9.100000000000023,0.98989898989899,64625.0,94074.86
2,302.2,311.3,1931,21.9,101,0,9.100000000000023,0.9901960784313726,42288.899999999994,94074.86
1,302.2,311.3,1475,48.6,104,0,9.100000000000023,0.9904761904761905,71685.0,94074.86
1,302.2,311.3,1389,46.9,106,0,9.100000000000023,0.9906542056074766,65144.1,94074.86
1,302.3,311.3,1652,32.8,108,0,9.0,0.9908256880733946,54185.6,94105.99
1,302.3,311.2,1386,50.3,110,0,8.899999999999977,0.990990990990991,69715.8,94075.76
2,302.2,311.3,1577,29.8,112,0,9.100000000000023,0.9911504424778761,46994.6,94074.86
2,302.3,311.3,1444,43.1,115,0,9.0,0.9913793103448276,62236.4,94105.99
1,302.2,311.3,1554,40.2,118,0,9.100000000000023,0.9915966386554622,62470.8,94074.86
1,302.2,311.3,1602,32.8,120,0,9.100000000000023,0.9917355371900827,52545.6,94074.86
0,302.2,311.2,1692,28.2,122,0,9.0,0.991869918699187,47714.4,94044.64
1,302.3,311.3,1682,34.4,127,0,9.0,0.9921875,57860.799999999996,94105.99
1,302.3,311.3,1614,34.1,129,0,9.0,0.9923076923076923,55037.4,94105.99
1,302.3,311.3,1324,47.8,131,0,9.0,0.9924242424242424,63287.2,94105.99
1,302.3,311.4,1434,40.3,133,0,9.099999999999966,0.9925373134328358,57790.2,94136.22
1,302.3,311.3,1621,31.6,135,0,9.0,0.9926470588235294,51223.600000000006,94105.99
2,302.3,311.3,1625,33.1,137,0,9.0,0.9927536231884058,53787.5,94105.99
1,302.2,311.1,1394,53.7,140,0,8.900000000000034,0.9929078014184397,74857.8,94014.42
1,302.1,311.0,1586,35.1,142,0,8.899999999999977,0.993006993006993,55668.600000000006,93953.1
1,302.0,311.0,1420,45.9,144,0,9.0,0.993103448275862,65178.0,93922.0
1,302.1,311.2,1422,50.3,146,0,9.099999999999966,0.9931972789115646,71526.59999999999,94013.52
0,302.1,311.2,1598,37.9,148,0,9.099999999999966,0.9932885906040269,60564.2,94013.52
1,302.1,311.2,1454,59.2,153,1,9.099999999999966,0.9935064935064936,86076.8,94013.52
1,302.1,311.2,1519,39.3,155,0,9.099999999999966,0.9935897435897436,59696.7,94013.52
1,302.0,311.1,1373,55.7,157,0,9.100000000000023,0.9936708860759493,76476.1,93952.20000000001
2,302.0,311.1,1406,48.8,159,0,9.100000000000023,0.99375,68612.8,93952.20000000001
1,302.1,311.2,1492,45.0,162,0,9.099999999999966,0.9938650306748467,67140.0,94013.52
1,302.1,311.2,1369,50.8,164,0,9.099999999999966,0.9939393939393939,69545.2,94013.52
2,302.2,311.2,1471,41.9,166,0,9.0,0.9940119760479041,61634.9,94044.64
1,302.2,311.2,1630,36.0,169,0,9.0,0.9941176470588236,58680.0,94044.64
2,302.1,311.1,1605,37.6,171,0,9.0,0.9941860465116279,60348.0,93983.31000000001
1,302.2,311.1,1447,52.1,174,0,8.900000000000034,0.9942857142857143,75388.7,94014.42
2,302.2,311.2,1360,52.8,176,0,9.0,0.9943502824858758,71808.0,94044.64
2,302.2,311.1,1728,34.0,179,0,8.900000000000034,0.9944444444444445,58752.0,94014.42
1,302.1,311.0,1740,30.8,182,0,8.899999999999977,0.994535519125683,53592.0,93953.1
1,302.1,310.9,1477,41.4,184,0,8.799999999999955,0.9945945945945946,61147.799999999996,93922.89
1,302.1,310.9,1658,30.3,186,0,8.799999999999955,0.9946524064171123,50237.4,93922.89
1,302.0,310.8,1902,23.4,188,0,8.800000000000011,0.9947089947089947,44506.799999999996,93861.6
2,302.0,310.8,1783,23.1,190,0,8.800000000000011,0.9947643979057592,41187.3,93861.6
2,302.0,310.9,1558,45.3,193,0,8.899999999999977,0.9948453608247423,70577.4,93891.79999999999
1,302.1,311.0,1351,49.5,196,0,8.899999999999977,0.9949238578680203,66874.5,93953.1
0,302.1,310.9,1452,42.5,198,0,8.799999999999955,0.9949748743718593,61710.0,93922.89
1,302.1,310.9,1666,30.7,203,0,8.799999999999955,0.9950980392156863,51146.2,93922.89
1,302.1,311.0,1364,50.0,205,0,8.899999999999977,0.9951456310679612,68200.0,93953.1
2,302.1,311.0,1351,60.3,207,1,8.899999999999977,0.9951923076923077,81465.3,93953.1
0,302.1,311.0,1729,26.1,210,0,8.899999999999977,0.995260663507109,45126.9,93953.1
2,302.1,311.0,1574,34.1,215,0,8.899999999999977,0.9953703703703703,53673.4,93953.1
1,302.0,311.0,1566,37.8,218,0,9.0,0.9954337899543378,59194.799999999996,93922.0
1,302.0,310.9,1455,43.2,220,0,8.899999999999977,0.995475113122172,62856.00000000001,93891.79999999999
0,302.0,310.9,1679,29.0,222,0,8.899999999999977,0.9955156950672646,48691.0,93891.79999999999
1,302.0,310.8,2143,17.3,227,0,8.800000000000011,0.9956140350877193,37073.9,93861.6
1,302.0,310.8,1447,42.7,229,0,8.800000000000011,0.9956521739130435,61786.9,93861.6
1,302.0,310.8,1383,50.3,231,1,8.800000000000011,0.9956896551724138,69564.9,93861.6
1,302.1,310.8,1772,27.1,233,0,8.699999999999989,0.9957264957264957,48021.200000000004,93892.68000000001
1,302.0,310.8,1615,29.0,235,1,8.800000000000011,0.9957627118644068,46835.0,93861.6
1,302.0,310.8,1454,36.6,0,0,8.800000000000011,0.0,53216.4,93861.6
1,302.0,310.8,1445,49.1,2,0,8.800000000000011,0.6666666666666666,70949.5,93861.6
2,302.0,310.8,1609,35.2,4,0,8.800000000000011,0.8,56636.8,93861.6
1,302.0,310.9,1546,34.4,7,0,8.899999999999977,0.875,53182.399999999994,93891.79999999999
1,301.9,310.8,1567,39.3,9,0,8.900000000000034,0.9,61583.1,93830.51999999999
1,302.0,310.8,1767,27.4,11,0,8.800000000000011,0.9166666666666666,48415.799999999996,93861.6
1,302.0,310.9,1539,34.2,13,0,8.899999999999977,0.9285714285714286,52633.8,93891.79999999999
1,302.0,310.9,1564,39.0,15,0,8.899999999999977,0.9375,60996.0,93891.79999999999
2,302.0,310.8,1445,46.3,17,0,8.800000000000011,0.9444444444444444,66903.5,93861.6
2,301.9,310.9,1419,47.7,20,1,9.0,0.9523809523809523,67686.3,93860.70999999999
2,301.8,310.9,1881,20.9,23,0,9.099999999999966,0.9583333333333334,39312.899999999994,93829.62
2,301.9,310.9,1421,46.2,26,0,9.0,0.9629629629629629,65650.2,93860.70999999999
1,301.9,311.0,1455,46.0,29,0,9.100000000000023,0.9666666666666667,66930.0,93890.9
1,301.9,311.0,2691,12.1,31,1,9.100000000000023,0.96875,32561.1,93890.9
1,301.8,310.8,1505,41.2,33,0,9.0,0.9705882352941176,62006.00000000001,93799.44
1,301.8,310.8,1456,46.6,35,0,9.0,0.9722222222222222,67849.6,93799.44
1,301.8,310.8,1383,46.4,37,0,9.0,0.9736842105263158,64171.2,93799.44
2,301.9,310.8,1563,39.2,39,0,8.900000000000034,0.975,61269.600000000006,93830.51999999999
2,301.9,310.9,2305,16.1,42,0,9.0,0.9767441860465116,37110.5,93860.70999999999
2,301.9,310.9,1456,43.6,45,0,9.0,0.9782608695652174,63481.6,93860.70999999999
1,302.0,311.0,1865,22.7,48,0,9.0,0.9795918367346939,42335.5,93922.0
1,301.9,310.9,1597,36.9,50,0,9.0,0.9803921568627451,58929.299999999996,93860.70999999999
1,302.0,310.9,1495,38.6,52,0,8.899999999999977,0.9811320754716981,57707.0,93891.79999999999
2,302.0,310.9,1456,47.2,54,0,8.899999999999977,0.9818181818181818,68723.2,93891.79999999999
1,301.9,310.8,1465,44.3,57,0,8.900000000000034,0.9827586206896551,64899.49999999999,93830.51999999999
2,302.0,310.9,1352,55.5,59,0,8.899999999999977,0.9833333333333333,75036.0,93891.79999999999
1,301.9,310.8,1906,21.7,62,0,8.900000000000034,0.9841269841269841,41360.2,93830.51999999999
1,302.0,310.9,1446,44.0,64,0,8.899999999999977,0.9846153846153847,63624.0,93891.79999999999
1,302.0,310.8,1948,19.7,66,0,8.800000000000011,0.9850746268656716,38375.6,93861.6
1,301.9,310.7,1480,47.1,68,0,8.800000000000011,0.9855072463768116,69708.0,93800.32999999999
2,301.9,310.7,1511,37.6,70,0,8.800000000000011,0.9859154929577465,56813.6,93800.32999999999
2,301.9,310.7,1472,47.0,73,0,8.800000000000011,0.9864864864864865,69184.0,93800.32999999999
1,301.9,310.7,1429,51.0,76,0,8.800000000000011,0.987012987012987,72879.0,93800.32999999999
1,301.9,310.7,1405,48.8,78,0,8.800000000000011,0.9873417721518988,68564.0,93800.32999999999
2,301.9,310.7,1405,47.9,80,0,8.800000000000011,0.9876543209876543,67299.5,93800.32999999999
1,302.0,310.7,1348,58.1,83,0,8.699999999999989,0.9880952380952381,78318.8,93831.4
1,301.9,310.6,1331,68.6,85,1,8.700000000000045,0.9883720930232558,91306.59999999999,93770.14
1,301.9,310.6,1610,33.4,87,0,8.700000000000045,0.9886363636363636,53774.0,93770.14
2,301.9,310.6,1412,46.5,89,0,8.700000000000045,0.9888888888888889,65658.0,93770.14
1,302.0,310.7,1453,42.7,92,0,8.699999999999989,0.989247311827957,62043.100000000006,93831.4
1,302.0,310.6,1583,38.9,94,0,8.600000000000023,0.9894736842105263,61578.7,93801.20000000001
2,302.0,310.6,1539,37.4,96,0,8.600000000000023,0.9896907216494846,57558.6,93801.20000000001
1,302.0,310.5,1635,39.8,99,0,8.5,0.99,65072.99999999999,93771.0
0,302.1,310.7,1294,62.4,101,1,8.599999999999966,0.9901960784313726,80745.59999999999,93862.47
1,302.0,310.5,1978,22.0,106,0,8.5,0.9906542056074766,43516.0,93771.0
1,302.0,310.4,1357,58.0,108,1,8.399999999999977,0.9908256880733946,78706.0,93740.79999999999
1,302.0,310.4,1336,58.2,110,1,8.399999999999977,0.990990990990991,77755.2,93740.79999999999
1,302.0,310.4,1568,39.2,112,0,8.399999999999977,0.9911504424778761,61465.600000000006,93740.79999999999
2,302.0,310.4,1567,36.4,114,0,8.399999999999977,0.991304347826087,57038.799999999996,93740.79999999999
1,302.0,310.4,1611,35.6,117,0,8.399999999999977,0.9915254237288136,57351.600000000006,93740.79999999999
0,302.0,310.5,1841,23.6,119,0,8.5,0.9916666666666667,43447.600000000006,93771.0
1,302.0,310.5,1567,36.1,124,0,8.5,0.992,56568.700000000004,93771.0
1,301.9,310.4,1376,54.9,126,1,8.5,0.9921259842519685,75542.4,93709.75999999998
1,301.9,310.5,1477,42.4,128,0,8.600000000000023,0.9922480620155039,62624.799999999996,93739.95
2,301.9,310.5,1590,40.3,130,0,8.600000000000023,0.9923664122137404,64076.99999999999,93739.95
1,302.0,310.5,2197,15.8,133,0,8.5,0.9925373134328358,34712.6,93771.0
2,302.0,310.4,1595,32.9,135,0,8.399999999999977,0.9926470588235294,52475.5,93740.79999999999
0,302.0,310.5,1812,24.4,138,0,8.5,0.9928057553956835,44212.799999999996,93771.0
2,302.0,310.5,1573,32.1,143,0,8.5,0.9930555555555556,50493.3,93771.0
1,302.0,310.5,1651,30.9,146,0,8.5,0.9931972789115646,51015.899999999994,93771.0
0,302.0,310.5,1459,43.2,148,0,8.5,0.9932885906040269,63028.8,93771.0
1,301.9,310.4,1370,51.7,153,1,8.5,0.9935064935064936,70829.0,93709.75999999998
1,301.9,310.4,1518,34.1,155,0,8.5,0.9935897435897436,51763.8,93709.75999999998
1,302.0,310.3,1648,29.6,157,0,8.300000000000011,0.9936708860759493,48780.8,93710.6
1,302.0,310.4,1464,47.2,159,0,8.399999999999977,0.99375,69100.8,93740.79999999999
1,302.0,310.4,1895,23.2,161,0,8.399999999999977,0.9938271604938271,43964.0,93740.79999999999
1,301.9,310.4,1884,23.4,163,0,8.5,0.9939024390243902,44085.6,93709.75999999998
1,302.0,310.4,1450,46.6,165,0,8.399999999999977,0.9939759036144579,67570.0,93740.79999999999
1,302.0,310.4,1448,43.4,167,0,8.399999999999977,0.9940476190476191,62843.2,93740.79999999999
1,302.1,310.5,1389,49.6,169,0,8.399999999999977,0.9941176470588236,68894.40000000001,93802.05
1,302.0,310.6,1583,35.2,171,0,8.600000000000023,0.9941860465116279,55721.600000000006,93801.20000000001
1,301.9,310.5,1425,51.1,173,0,8.600000000000023,0.9942528735632183,72817.5,93739.95
1,302.0,310.5,1809,27.1,175,0,8.5,0.9943181818181818,49023.9,93771.0
1,301.9,310.5,1892,21.8,177,0,8.600000000000023,0.9943820224719101,41245.6,93739.95
2,301.9,310.6,1475,47.8,179,0,8.700000000000045,0.9944444444444445,70505.0,93770.14
1,302.0,310.6,1361,46.7,182,0,8.600000000000023,0.994535519125683,63558.700000000004,93801.20000000001
2,302.0,310.6,1563,41.0,184,0,8.600000000000023,0.9945945945945946,64083.0,93801.20000000001
0,301.9,310.5,1472,39.7,187,0,8.600000000000023,0.9946808510638298,58438.4,93739.95
1,302.0,310.6,1325,55.3,192,0,8.600000000000023,0.9948186528497409,73272.5,93801.20000000001
1,302.0,310.6,1358,53.1,194,0,8.600000000000023,0.9948717948717949,72109.8,93801.20000000001
0,302.0,310.6,1346,54.7,196,0,8.600000000000023,0.9949238578680203,73626.2,93801.20000000001
2,302.0,310.5,1381,58.4,201,0,8.5,0.995049504950495,80650.4,93771.0
1,301.9,310.5,1340,55.7,204,1,8.600000000000023,0.9951219512195122,74638.0,93739.95
1,302.0,310.6,1366,47.7,206,0,8.600000000000023,0.9951690821256038,65158.200000000004,93801.20000000001
1,302.1,310.7,1325,45.1,208,1,8.599999999999966,0.9952153110047847,59757.5,93862.47
2,302.1,310.7,1376,46.3,210,1,8.599999999999966,0.995260663507109,63708.799999999996,93862.47
2,302.1,310.7,1364,47.8,213,1,8.599999999999966,0.9953271028037384,65199.2,93862.47
1,302.2,310.6,1462,43.6,0,0,8.400000000000034,0.0,63743.200000000004,93863.32
2,302.1,310.6,1517,38.9,2,0,8.5,0.6666666666666666,59011.299999999996,93832.26000000001
1,302.1,310.6,1385,53.6,5,0,8.5,0.8333333333333334,74236.0,93832.26000000001
1,302.1,310.6,1439,40.0,7,0,8.5,0.875,57560.0,93832.26000000001
2,302.0,310.6,1623,34.3,9,0,8.600000000000023,0.9,55668.899999999994,93801.20000000001
0,302.0,310.6,1438,43.2,12,0,8.600000000000023,0.9230769230769231,62121.600000000006,93801.20000000001
1,301.9,310.4,1708,24.8,17,0,8.5,0.9444444444444444,42358.4,93709.75999999998
2,301.8,310.3,1666,32.7,19,0,8.5,0.95,54478.200000000004,93648.54000000001
1,301.9,310.4,1286,62.8,22,1,8.5,0.9565217391304348,80760.8,93709.75999999998
1,301.9,310.3,1485,46.3,24,0,8.400000000000034,0.96,68755.5,93679.56999999999
2,301.8,310.3,1409,52.5,26,0,8.5,0.9629629629629629,73972.5,93648.54000000001
1,301.8,310.3,1765,27.3,29,0,8.5,0.9666666666666667,48184.5,93648.54000000001
1,301.8,310.3,1688,28.8,31,0,8.5,0.96875,48614.4,93648.54000000001
2,301.7,310.3,1787,26.7,33,0,8.600000000000023,0.9705882352941176,47712.9,93617.51
1,301.7,310.1,1487,48.0,36,0,8.400000000000034,0.972972972972973,71376.0,93557.17
1,301.7,310.1,1384,50.5,38,0,8.400000000000034,0.9743589743589743,69892.0,93557.17
1,301.7,310.2,1311,57.4,40,1,8.5,0.975609756097561,75251.4,93587.34
0,301.7,310.2,1620,30.8,42,0,8.5,0.9767441860465116,49896.0,93587.34
1,301.7,310.2,1331,61.2,47,1,8.5,0.9791666666666666,81457.2,93587.34
0,301.7,310.1,1462,38.3,49,0,8.400000000000034,0.98,55994.6,93557.17
1,301.7,310.1,1424,50.2,54,0,8.400000000000034,0.9818181818181818,71484.8,93557.17
1,301.7,310.1,1500,39.6,56,0,8.400000000000034,0.9824561403508771,59400.0,93557.17
1,301.8,310.1,1738,28.0,58,0,8.300000000000011,0.9830508474576272,48664.0,93588.18000000001
2,301.8,310.3,1465,46.5,60,0,8.5,0.9836065573770492,68122.5,93648.54000000001
1,301.8,310.3,1482,41.4,63,0,8.5,0.984375,61354.799999999996,93648.54000000001
1,301.9,310.3,1398,44.0,65,0,8.400000000000034,0.9848484848484849,61512.0,93679.56999999999
1,301.9,310.3,1972,21.3,67,0,8.400000000000034,0.9852941176470589,42003.6,93679.56999999999
1,301.9,310.4,1603,37.6,69,0,8.5,0.9857142857142858,60272.8,93709.75999999998
1,301.9,310.4,1610,34.8,71,0,8.5,0.9861111111111112,56027.99999999999,93709.75999999998
2,301.9,310.4,1373,48.0,73,1,8.5,0.9864864864864865,65904.0,93709.75999999998
2,302.0,310.5,1425,44.7,76,0,8.5,0.987012987012987,63697.50000000001,93771.0
2,302.0,310.4,1212,55.6,79,1,8.399999999999977,0.9875,67387.2,93740.79999999999
2,302.0,310.4,1828,26.3,82,0,8.399999999999977,0.9879518072289156,48076.4,93740.79999999999
1,302.0,310.5,1370,44.4,85,1,8.5,0.9883720930232558,60828.0,93771.0
2,302.0,310.5,1823,25.1,87,0,8.5,0.9886363636363636,45757.3,93771.0
1,302.0,310.5,1263,60.6,90,1,8.5,0.989010989010989,76537.8,93771.0
1,301.9,310.4,1889,21.5,92,0,8.5,0.989247311827957,40613.5,93709.75999999998
2,302.0,310.5,1639,32.9,94,0,8.5,0.9894736842105263,53923.1,93771.0
2,302.0,310.4,1608,33.1,97,0,8.399999999999977,0.9897959183673469,53224.8,93740.79999999999
0,301.9,310.3,1653,32.4,100,0,8.400000000000034,0.9900990099009901,53557.2,93679.56999999999
1,302.0,310.4,1591,29.8,105,0,8.399999999999977,0.9905660377358491,47411.8,93740.79999999999
1,302.1,310.5,1696,30.9,107,0,8.399999999999977,0.9907407407407407,52406.399999999994,93802.05
1,302.2,310.6,1346,47.5,109,1,8.400000000000034,0.990909090909091,63935.0,93863.32
2,302.2,310.5,1507,40.4,111,0,8.300000000000011,0.9910714285714286,60882.799999999996,93833.09999999999
0,302.3,310.6,1525,48.7,114,0,8.300000000000011,0.991304347826087,74267.5,93894.38
2,302.3,310.7,1559,33.9,119,0,8.399999999999977,0.9916666666666667,52850.1,93924.61
1,302.2,310.6,1632,30.5,122,0,8.400000000000034,0.991869918699187,49776.0,93863.32
1,302.1,310.5,1559,36.0,124,0,8.399999999999977,0.992,56124.0,93802.05
2,302.2,310.6,1355,51.5,126,1,8.400000000000034,0.9921259842519685,69782.5,93863.32
2,302.2,310.5,1832,23.7,129,0,8.300000000000011,0.9923076923076923,43418.4,93833.09999999999
1,302.2,310.6,1386,50.0,132,0,8.400000000000034,0.9924812030075187,69300.0,93863.32
2,302.2,310.6,1346,49.2,134,1,8.400000000000034,0.9925925925925926,66223.2,93863.32
1,302.3,310.7,1499,37.8,137,0,8.399999999999977,0.9927536231884058,56662.2,93924.61
1,302.3,310.7,1612,33.4,139,0,8.399999999999977,0.9928571428571429,53840.799999999996,93924.61
2,302.3,310.7,1544,39.7,141,0,8.399999999999977,0.9929577464788732,61296.8,93924.61
1,302.5,310.9,1477,39.2,144,0,8.399999999999977,0.993103448275862,57898.4,94047.25
1,302.5,310.9,1624,34.4,146,0,8.399999999999977,0.9931972789115646,55865.6,94047.25
1,302.4,310.9,1349,46.1,148,1,8.5,0.9932885906040269,62188.9,94016.15999999999
1,302.4,310.8,1686,28.8,150,0,8.400000000000034,0.9933774834437086,48556.8,93985.92
2,302.4,310.7,1521,40.4,152,0,8.300000000000011,0.9934640522875817,61448.4,93955.68
1,302.4,310.7,1362,54.8,155,1,8.300000000000011,0.9935897435897436,74637.59999999999,93955.68
1,302.3,310.7,1402,50.9,157,0,8.399999999999977,0.9936708860759493,71361.8,93924.61
1,302.2,310.6,1334,53.2,159,1,8.400000000000034,0.99375,70968.8,93863.32
1,302.2,310.6,1348,48.4,161,1,8.400000000000034,0.9938271604938271,65243.2,93863.32
2,302.2,310.6,1570,34.6,163,0,8.400000000000034,0.9939024390243902,54322.0,93863.32
2,302.2,310.7,1601,33.0,166,0,8.5,0.9940119760479041,52833.0,93893.54
2,302.3,310.8,1611,31.8,169,0,8.5,0.9941176470588236,51229.8,93954.84000000001
1,302.4,310.9,1560,31.8,172,0,8.5,0.9942196531791907,49608.0,94016.15999999999
0,302.4,310.9,1444,40.7,174,0,8.5,0.9942857142857143,58770.8,94016.15999999999
1,302.4,311.0,1317,59.4,179,0,8.600000000000023,0.9944444444444445,78229.8,94046.4
2,302.5,311.0,1463,43.1,181,0,8.5,0.9945054945054945,63055.3,94077.5
1,302.4,311.1,1634,34.2,184,0,8.700000000000045,0.9945945945945946,55882.8,94076.64
1,302.4,311.0,1423,46.2,186,0,8.600000000000023,0.9946524064171123,65742.6,94046.4
1,302.5,311.0,1548,38.4,188,0,8.5,0.9947089947089947,59443.2,94077.5
2,302.5,311.0,1563,35.6,190,0,8.5,0.9947643979057592,55642.8,94077.5
1,302.4,311.0,1573,36.5,193,0,8.600000000000023,0.9948453608247423,57414.5,94046.4
2,302.4,311.1,1432,44.5,195,0,8.700000000000045,0.9948979591836735,63724.0,94076.64
2,302.5,311.1,1638,32.0,198,0,8.600000000000023,0.9949748743718593,52416.0,94107.75
1,302.5,311.1,1571,34.2,201,0,8.600000000000023,0.995049504950495,53728.200000000004,94107.75
1,302.4,311.0,2211,15.4,203,0,8.600000000000023,0.9950980392156863,34049.4,94046.4
1,302.4,311.0,1555,40.6,205,0,8.600000000000023,0.9951456310679612,63133.0,94046.4
2,302.3,310.9,1558,31.9,207,0,8.599999999999966,0.9951923076923077,49700.2,93985.06999999999
2,302.3,310.9,1523,43.2,210,0,8.599999999999966,0.995260663507109,65793.6,93985.06999999999
1,302.3,310.8,1723,26.3,213,0,8.5,0.9953271028037384,45314.9,93954.84000000001
2,302.3,310.8,1721,28.4,215,0,8.5,0.9953703703703703,48876.399999999994,93954.84000000001
2,302.3,310.9,1710,30.4,218,1,8.599999999999966,0.9954337899543378,51984.0,93985.06999999999
2,302.3,310.9,1627,32.3,0,0,8.599999999999966,0.0,52552.1,93985.06999999999
2,302.2,310.8,1422,47.0,3,0,8.600000000000023,0.75,66834.0,93923.76
1,302.1,310.8,1565,35.3,6,0,8.699999999999989,0.8571428571428571,55244.49999999999,93892.68000000001
1,302.1,310.7,1314,52.8,8,1,8.599999999999966,0.8888888888888888,69379.2,93862.47
2,302.0,310.6,1392,60.5,10,0,8.600000000000023,0.9090909090909091,84216.0,93801.20000000001
1,302.1,310.7,1465,40.7,13,0,8.599999999999966,0.9285714285714286,59625.50000000001,93862.47
1,301.9,310.6,1573,36.6,15,0,8.700000000000045,0.9375,57571.8,93770.14
2,302.0,310.7,2157,17.8,17,0,8.699999999999989,0.9444444444444444,38394.6,93831.4
1,301.9,310.7,1370,50.3,20,0,8.800000000000011,0.9523809523809523,68911.0,93800.32999999999
1,301.9,310.6,1462,38.8,22,0,8.700000000000045,0.9565217391304348,56725.6,93770.14
2,302.0,310.6,1479,40.5,24,0,8.600000000000023,0.96,59899.5,93801.20000000001
1,301.9,310.7,1717,26.8,27,0,8.800000000000011,0.9642857142857143,46015.6,93800.32999999999
2,301.9,310.6,1260,65.9,29,0,8.700000000000045,0.9666666666666667,83034.0,93770.14
1,301.9,310.6,1467,39.3,32,0,8.700000000000045,0.9696969696969697,57653.1,93770.14
2,302.0,310.6,1535,38.6,34,0,8.600000000000023,0.9714285714285714,59251.0,93801.20000000001
1,302.0,310.7,1657,31.9,37,0,8.699999999999989,0.9736842105263158,52858.299999999996,93831.4
1,302.0,310.7,1698,28.1,39,0,8.699999999999989,0.975,47713.8,93831.4
1,302.1,310.7,1359,49.3,41,1,8.599999999999966,0.9761904761904762,66998.7,93862.47
1,302.1,310.8,1596,37.1,43,0,8.699999999999989,0.9772727272727273,59211.600000000006,93892.68000000001
1,302.2,310.8,1383,46.9,45,0,8.600000000000023,0.9782608695652174,64862.7,93923.76
1,302.2,310.8,2203,16.6,47,0,8.600000000000023,0.9791666666666666,36569.8,93923.76
2,302.2,310.8,1408,46.8,49,0,8.600000000000023,0.98,65894.4,93923.76
1,302.2,310.8,1673,32.9,52,0,8.600000000000023,0.9811320754716981,55041.7,93923.76
1,302.2,310.8,1340,47.8,54,0,8.600000000000023,0.9818181818181818,64051.99999999999,93923.76
1,302.2,310.9,1452,42.3,56,0,8.699999999999989,0.9824561403508771,61419.6,93953.98
2,302.2,310.9,1302,53.4,58,0,8.699999999999989,0.9830508474576272,69526.8,93953.98
0,302.2,310.9,1522,35.9,61,0,8.699999999999989,0.9838709677419355,54639.799999999996,93953.98
1,302.2,310.8,1438,41.4,66,0,8.600000000000023,0.9850746268656716,59533.2,93923.76
1,302.2,310.9,1604,40.5,68,0,8.699999999999989,0.9855072463768116,64962.0,93953.98
1,302.2,311.0,1832,23.2,70,0,8.800000000000011,0.9859154929577465,42502.4,93984.2
2,302.3,311.0,1521,34.8,72,0,8.699999999999989,0.9863013698630136,52930.799999999996,94015.3
1,302.3,311.0,1446,37.6,75,0,8.699999999999989,0.9868421052631579,54369.6,94015.3
1,302.4,311.1,1905,20.9,77,0,8.700000000000045,0.9871794871794872,39814.5,94076.64
1,302.4,311.0,1475,47.9,79,0,8.600000000000023,0.9875,70652.5,94046.4
1,302.4,311.0,1462,48.5,81,0,8.600000000000023,0.9878048780487805,70907.0,94046.4
2,302.4,310.9,1435,42.3,83,0,8.5,0.9880952380952381,60700.49999999999,94016.15999999999
1,302.4,310.9,1469,39.6,86,0,8.5,0.9885057471264368,58172.4,94016.15999999999
2,302.6,311.1,1520,43.0,88,0,8.5,0.9887640449438202,65360.0,94138.86000000002
1,302.6,311.0,1537,35.5,91,0,8.399999999999977,0.9891304347826086,54563.5,94108.6
1,302.6,311.0,1369,60.0,93,1,8.399999999999977,0.9893617021276596,82140.0,94108.6
1,302.6,311.0,1506,37.2,95,0,8.399999999999977,0.9895833333333334,56023.200000000004,94108.6
1,302.5,310.9,1330,56.9,97,1,8.399999999999977,0.9897959183673469,75677.0,94047.25
1,302.6,311.0,1660,38.0,99,0,8.399999999999977,0.99,63080.0,94108.6
0,302.5,310.9,1356,55.5,101,1,8.399999999999977,0.9901960784313726,75258.0,94047.25
0,302.6,311.0,1438,51.0,106,0,8.399999999999977,0.9906542056074766,73338.0,94108.6
2,302.6,311.0,1329,48.6,111,1,8.399999999999977,0.9910714285714286,64589.4,94108.6
1,302.6,311.0,1284,68.0,114,1,8.399999999999977,0.991304347826087,87312.0,94108.6
2,302.5,311.0,1387,52.1,116,0,8.5,0.9914529914529915,72262.7,94077.5
2,302.6,311.0,1591,33.9,119,0,8.399999999999977,0.9916666666666667,53934.899999999994,94108.6
2,302.6,311.0,1589,39.0,122,0,8.399999999999977,0.991869918699187,61971.0,94108.6
2,302.7,311.1,1297,60.7,125,1,8.400000000000034,0.9920634920634921,78727.90000000001,94169.97
1,302.7,311.2,1545,35.1,128,0,8.5,0.9922480620155039,54229.5,94200.23999999999
0,302.7,311.1,1418,43.4,130,0,8.400000000000034,0.9923664122137404,61541.2,94169.97
1,302.7,311.1,1730,28.1,135,0,8.400000000000034,0.9926470588235294,48613.0,94169.97
1,302.6,311.0,2001,20.7,137,0,8.399999999999977,0.9927536231884058,41420.7,94108.6
1,302.6,311.0,1620,36.2,139,0,8.399999999999977,0.9928571428571429,58644.00000000001,94108.6
2,302.6,311.0,1542,39.7,141,0,8.399999999999977,0.9929577464788732,61217.4,94108.6
1,302.6,311.0,1424,38.0,144,0,8.399999999999977,0.993103448275862,54112.0,94108.6
1,302.7,311.1,1440,39.5,146,0,8.400000000000034,0.9931972789115646,56880.0,94169.97
1,302.6,311.0,1520,42.8,148,0,8.399999999999977,0.9932885906040269,65055.99999999999,94108.6
1,302.7,311.0,1694,29.8,150,0,8.300000000000011,0.9933774834437086,50481.200000000004,94139.7
1,302.6,311.0,1610,39.2,152,0,8.399999999999977,0.9934640522875817,63112.00000000001,94108.6
1,302.6,310.9,1331,52.0,154,1,8.299999999999955,0.9935483870967742,69212.0,94078.34
1,302.6,310.8,1470,41.2,156,0,8.199999999999989,0.9936305732484076,60564.00000000001,94048.08000000002
1,302.5,310.8,1577,36.9,158,0,8.300000000000011,0.9937106918238994,58191.299999999996,94017.0
1,302.6,310.8,1486,36.4,160,0,8.199999999999989,0.9937888198757764,54090.4,94048.08000000002
1,302.4,310.6,1445,40.3,162,0,8.200000000000045,0.9938650306748467,58233.49999999999,93925.44
2,302.4,310.5,1500,36.7,164,0,8.100000000000023,0.9939393939393939,55050.00000000001,93895.2
2,302.2,310.4,1456,47.5,167,0,8.199999999999989,0.9940476190476191,69160.0,93802.87999999999
1,302.2,310.4,1743,28.1,170,0,8.199999999999989,0.9941520467836257,48978.3,93802.87999999999
1,302.0,310.1,1409,50.4,172,0,8.100000000000023,0.9942196531791907,71013.59999999999,93650.20000000001
1,302.0,310.1,1361,45.4,174,1,8.100000000000023,0.9942857142857143,61789.4,93650.20000000001
1,302.1,310.1,1753,28.9,176,0,8.0,0.9943502824858758,50661.7,93681.21000000002
1,302.0,310.0,1832,22.9,178,0,8.0,0.994413407821229,41952.799999999996,93620.0
1,301.9,309.9,1374,48.5,180,1,8.0,0.994475138121547,66639.0,93558.80999999998
2,301.8,309.9,1334,61.0,182,1,8.099999999999966,0.994535519125683,81374.0,93527.81999999999
1,301.8,310.0,1493,40.3,185,0,8.199999999999989,0.9946236559139785,60167.899999999994,93558.0
1,301.7,309.9,1317,49.0,187,1,8.199999999999989,0.9946808510638298,64533.0,93496.82999999999
2,301.7,309.9,1434,47.9,189,0,8.199999999999989,0.9947368421052631,68688.59999999999,93496.82999999999
2,301.7,309.9,1457,39.2,192,0,8.199999999999989,0.9948186528497409,57114.4,93496.82999999999
2,301.7,310.0,1391,50.6,195,0,8.300000000000011,0.9948979591836735,70384.6,93527.0
2,301.8,310.0,1781,23.9,198,0,8.199999999999989,0.9949748743718593,42565.899999999994,93558.0
1,301.8,310.0,1642,32.6,201,0,8.199999999999989,0.995049504950495,53529.200000000004,93558.0
1,301.8,310.0,2032,19.0,203,0,8.199999999999989,0.9950980392156863,38608.0,93558.0
2,301.8,310.1,2372,13.9,205,1,8.300000000000011,0.9951456310679612,32970.8,93588.18000000001
1,301.8,310.0,1393,44.9,208,0,8.199999999999989,0.9952153110047847,62545.7,93558.0
2,301.7,310.1,1743,27.3,210,0,8.400000000000034,0.995260663507109,47583.9,93557.17
1,301.8,310.2,1457,40.4,213,0,8.399999999999977,0.9953271028037384,58862.799999999996,93618.36
1,301.8,310.2,2825,5.8,215,1,8.399999999999977,0.9953703703703703,16385.0,93618.36
2,301.8,310.2,1609,34.2,217,0,8.399999999999977,0.9954128440366973,55027.8,93618.36
2,301.8,310.2,1437,42.3,0,0,8.399999999999977,0.0,60785.1,93618.36
1,301.7,310.1,1402,50.1,3,0,8.400000000000034,0.75,70240.2,93557.17
2,301.7,310.1,1644,34.6,5,0,8.400000000000034,0.8333333333333334,56882.4,93557.17
1,301.7,310.2,1471,51.1,8,0,8.5,0.8888888888888888,75168.1,93587.34
1,301.7,310.1,2695,12.6,10,0,8.400000000000034,0.9090909090909091,33957.0,93557.17
1,301.7,310.2,1435,48.1,12,0,8.5,0.9230769230769231,69023.5,93587.34
1,301.6,310.1,1694,26.3,14,0,8.5,0.9333333333333333,44552.200000000004,93526.16000000002
1,301.6,310.1,1687,26.6,16,0,8.5,0.9411764705882353,44874.200000000004,93526.16000000002
1,301.6,310.0,1869,22.9,18,0,8.399999999999977,0.9473684210526315,42800.1,93496.0
1,301.4,309.9,1259,63.9,20,1,8.5,0.9523809523809523,80450.09999999999,93403.85999999999
0,301.4,309.9,1460,47.2,22,0,8.5,0.9565217391304348,68912.0,93403.85999999999
2,301.3,309.9,1501,39.5,27,0,8.599999999999966,0.9642857142857143,59289.5,93372.87
1,301.4,310.0,1776,25.6,30,0,8.600000000000023,0.967741935483871,45465.600000000006,93434.0
2,301.5,310.1,1468,40.8,32,0,8.600000000000023,0.9696969696969697,59894.399999999994,93495.15000000001
1,301.5,310.1,1430,46.5,35,0,8.600000000000023,0.9722222222222222,66495.0,93495.15000000001
1,301.4,310.1,1502,46.6,37,0,8.700000000000045,0.9736842105263158,69993.2,93464.14
0,301.4,310.1,1623,32.3,39,0,8.700000000000045,0.975,52422.899999999994,93464.14
2,301.4,310.0,1651,29.8,44,0,8.600000000000023,0.9777777777777777,49199.8,93434.0
1,301.5,310.1,1639,33.4,47,0,8.600000000000023,0.9791666666666666,54742.6,93495.15000000001
2,301.5,310.0,1417,44.6,49,0,8.5,0.98,63198.200000000004,93465.0
1,301.5,310.1,1541,42.2,52,0,8.600000000000023,0.9811320754716981,65030.200000000004,93495.15000000001
2,301.6,310.2,1411,45.1,54,0,8.599999999999966,0.9818181818181818,63636.1,93556.32
1,301.7,310.3,1397,44.6,57,0,8.600000000000023,0.9827586206896551,62306.200000000004,93617.51
1,301.7,310.2,1686,28.9,59,0,8.5,0.9833333333333333,48725.399999999994,93587.34
2,301.7,310.1,1431,44.0,61,0,8.400000000000034,0.9838709677419355,62964.0,93557.17
1,301.8,310.3,1341,50.5,64,1,8.5,0.9846153846153847,67720.5,93648.54000000001
1,301.7,310.2,1486,43.0,66,0,8.5,0.9850746268656716,63898.0,93587.34
1,301.6,310.2,1384,57.1,68,0,8.599999999999966,0.9855072463768116,79026.40000000001,93556.32
1,301.6,310.1,1362,55.8,70,1,8.5,0.9859154929577465,75999.59999999999,93526.16000000002
0,301.7,310.1,1660,29.3,72,0,8.400000000000034,0.9863013698630136,48638.0,93557.17
1,301.6,310.1,1326,48.2,77,1,8.5,0.9871794871794872,63913.200000000004,93526.16000000002
1,301.6,310.0,1566,30.3,79,0,8.399999999999977,0.9875,47449.8,93496.0
1,301.5,309.8,1549,38.5,81,0,8.300000000000011,0.9878048780487805,59636.5,93404.7
2,301.6,309.9,1746,31.1,83,0,8.299999999999955,0.9880952380952381,54300.600000000006,93465.84
2,301.7,309.9,1452,41.5,86,0,8.199999999999989,0.9885057471264368,60258.0,93496.82999999999
1,301.6,309.8,1588,33.9,89,0,8.199999999999989,0.9888888888888889,53833.2,93435.68000000001
1,301.6,309.8,1472,42.5,91,0,8.199999999999989,0.9891304347826086,62560.0,93435.68000000001
1,301.7,309.9,1607,37.7,93,0,8.199999999999989,0.9893617021276596,60583.9,93496.82999999999
0,301.6,309.9,1423,53.6,95,0,8.299999999999955,0.9895833333333334,76272.8,93465.84
1,301.6,309.9,1440,43.4,100,0,8.299999999999955,0.9900990099009901,62496.0,93465.84
1,301.6,309.9,1397,43.7,102,0,8.299999999999955,0.9902912621359223,61048.9,93465.84
1,301.7,309.9,1524,46.6,104,0,8.199999999999989,0.9904761904761905,71018.40000000001,93496.82999999999
2,301.7,309.9,1533,40.9,106,0,8.199999999999989,0.9906542056074766,62699.7,93496.82999999999
1,301.7,309.8,1398,46.0,109,0,8.100000000000023,0.990909090909091,64308.0,93466.66
2,301.7,309.8,1284,68.2,111,1,8.100000000000023,0.9910714285714286,87568.8,93466.66
1,301.7,309.8,1491,39.3,114,0,8.100000000000023,0.991304347826087,58596.299999999996,93466.66
0,301.8,309.9,1418,51.3,116,0,8.099999999999966,0.9914529914529915,72743.4,93527.81999999999
2,301.8,309.8,1546,39.8,121,0,8.0,0.9918032786885246,61530.799999999996,93497.64000000001
1,301.8,309.7,1598,30.4,124,0,7.899999999999977,0.992,48579.2,93467.46
0,301.9,309.8,1724,27.5,126,0,7.900000000000034,0.9921259842519685,47410.0,93528.62
1,301.9,309.8,1507,44.7,131,0,7.900000000000034,0.9924242424242424,67362.90000000001,93528.62
1,301.9,309.7,1595,31.4,133,0,7.800000000000011,0.9925373134328358,50083.0,93498.43
2,301.9,309.7,1568,37.5,135,0,7.800000000000011,0.9926470588235294,58800.0,93498.43
1,301.8,309.6,1432,43.7,138,0,7.800000000000011,0.9928057553956835,62578.4,93437.28000000001
1,301.9,309.7,1424,42.8,140,0,7.800000000000011,0.9929078014184397,60947.2,93498.43
2,302.0,309.7,1386,62.7,142,1,7.699999999999989,0.993006993006993,86902.2,93529.4
1,302.0,309.8,1456,58.1,145,0,7.800000000000011,0.9931506849315068,84593.6,93559.6
0,302.0,309.8,1280,57.3,147,1,7.800000000000011,0.9932432432432432,73344.0,93559.6
1,302.0,309.8,1649,31.0,152,0,7.800000000000011,0.9934640522875817,51119.0,93559.6
1,302.0,309.9,1407,52.8,154,0,7.899999999999977,0.9935483870967742,74289.59999999999,93589.79999999999
0,302.0,309.9,1606,34.5,156,0,7.899999999999977,0.9936305732484076,55407.0,93589.79999999999
2,302.1,310.0,1531,38.0,161,0,7.899999999999977,0.9938271604938271,58178.0,93651.0
1,302.1,310.1,1543,35.8,164,0,8.0,0.9939393939393939,55239.399999999994,93681.21000000002
2,302.1,310.1,1379,48.2,166,1,8.0,0.9940119760479041,66467.8,93681.21000000002
1,302.1,310.1,1447,46.6,169,0,8.0,0.9941176470588236,67430.2,93681.21000000002
0,302.1,310.1,1844,24.6,171,0,8.0,0.9941860465116279,45362.4,93681.21000000002
0,302.1,310.1,1615,29.9,176,0,8.0,0.9943502824858758,48288.5,93681.21000000002
1,302.0,310.0,1449,48.8,181,0,8.0,0.9945054945054945,70711.2,93620.0
1,302.0,309.9,1388,51.4,183,0,7.899999999999977,0.9945652173913043,71343.2,93589.79999999999
0,302.0,309.9,1447,42.8,185,0,7.899999999999977,0.9946236559139785,61931.6,93589.79999999999
1,302.0,310.0,1664,28.6,190,0,8.0,0.9947643979057592,47590.4,93620.0
0,302.0,309.9,1735,27.2,192,0,7.899999999999977,0.9948186528497409,47192.0,93589.79999999999
1,302.0,309.9,1308,57.6,197,1,7.899999999999977,0.9949494949494949,75340.8,93589.79999999999
1,302.0,309.8,1480,40.0,199,0,7.800000000000011,0.995,59200.0,93559.6
2,301.9,309.6,1439,41.7,201,0,7.7000000000000455,0.995049504950495,60006.3,93468.24
2,301.9,309.7,1533,35.9,204,0,7.800000000000011,0.9951219512195122,55034.7,93498.43
1,302.0,309.7,1551,34.8,207,0,7.699999999999989,0.9951923076923077,53974.799999999996,93529.4
1,302.0,309.7,1414,36.3,209,0,7.699999999999989,0.9952380952380953,51328.2,93529.4
2,301.9,309.6,1551,34.6,211,0,7.7000000000000455,0.9952830188679245,53664.600000000006,93468.24
2,301.8,309.6,1436,49.0,214,0,7.800000000000011,0.9953488372093023,70364.0,93437.28000000001
2,301.9,309.6,1385,45.8,217,0,7.7000000000000455,0.9954128440366973,63432.99999999999,93468.24
2,301.8,309.5,1732,30.1,220,0,7.699999999999989,0.995475113122172,52133.200000000004,93407.1
1,301.9,309.6,1410,49.0,223,0,7.7000000000000455,0.9955357142857143,69090.0,93468.24
1,301.9,309.6,1446,43.2,225,0,7.7000000000000455,0.995575221238938,62467.200000000004,93468.24
1,301.8,309.5,1525,39.6,227,0,7.699999999999989,0.9956140350877193,60390.0,93407.1
1,301.7,309.5,1298,65.5,229,1,7.800000000000011,0.9956521739130435,85019.0,93376.15
1,301.8,309.6,1443,42.7,231,0,7.800000000000011,0.9956896551724138,61616.100000000006,93437.28000000001
1,301.8,309.7,1442,45.3,233,1,7.899999999999977,0.9957264957264957,65322.6,93467.46
1,301.9,309.7,1719,31.9,0,0,7.800000000000011,0.0,54836.1,93498.43
1,302.0,309.8,1532,39.4,2,0,7.800000000000011,0.6666666666666666,60360.799999999996,93559.6
1,302.0,309.8,1701,27.2,4,0,7.800000000000011,0.8,46267.2,93559.6
2,302.1,310.0,1355,45.1,6,1,7.899999999999977,0.8571428571428571,61110.5,93651.0
2,302.2,310.1,1421,45.4,9,0,7.900000000000034,0.9,64513.4,93712.22
2,302.2,310.1,1368,51.6,12,1,7.900000000000034,0.9230769230769231,70588.8,93712.22
1,302.2,310.1,1458,45.1,15,0,7.900000000000034,0.9375,65755.8,93712.22
2,302.2,310.1,1572,34.6,17,0,7.900000000000034,0.9444444444444444,54391.200000000004,93712.22
1,302.2,310.0,1483,48.7,20,0,7.800000000000011,0.9523809523809523,72222.1,93682.0
1,302.3,310.1,1513,40.4,22,0,7.800000000000011,0.9565217391304348,61125.2,93743.23000000001
0,302.3,310.1,1383,42.9,24,0,7.800000000000011,0.96,59330.7,93743.23000000001
1,302.4,310.2,1539,37.7,29,0,7.800000000000011,0.9666666666666667,58020.3,93804.48
2,302.3,310.1,1563,37.8,31,0,7.800000000000011,0.96875,59081.399999999994,93743.23000000001
1,302.3,310.1,1653,29.7,34,0,7.800000000000011,0.9714285714285714,49094.1,93743.23000000001
1,302.3,310.1,1353,50.9,36,1,7.800000000000011,0.972972972972973,68867.7,93743.23000000001
0,302.2,310.0,1468,43.6,38,0,7.800000000000011,0.9743589743589743,64004.8,93682.0
0,302.3,310.2,1506,33.8,43,0,7.899999999999977,0.9772727272727273,50902.799999999996,93773.46
1,302.3,310.1,1388,49.9,48,0,7.800000000000011,0.9795918367346939,69261.2,93743.23000000001
2,302.4,310.2,1485,45.9,50,0,7.800000000000011,0.9803921568627451,68161.5,93804.48
1,302.4,310.2,1331,45.5,53,1,7.800000000000011,0.9814814814814815,60560.5,93804.48
1,302.5,310.3,1326,58.5,55,1,7.800000000000011,0.9821428571428571,77571.0,93865.75
1,302.3,310.2,1394,55.4,57,0,7.899999999999977,0.9827586206896551,77227.59999999999,93773.46
1,302.4,310.1,2009,18.9,59,0,7.7000000000000455,0.9833333333333333,37970.1,93774.24
2,302.4,310.1,1358,54.6,61,1,7.7000000000000455,0.9838709677419355,74146.8,93774.24
1,302.5,310.2,1586,32.2,64,0,7.699999999999989,0.9846153846153847,51069.200000000004,93835.5
1,302.5,310.3,1688,31.6,66,0,7.800000000000011,0.9850746268656716,53340.8,93865.75
1,302.6,310.5,1450,43.2,68,0,7.899999999999977,0.9855072463768116,62640.00000000001,93957.3
2,302.7,310.5,1398,47.3,70,0,7.800000000000011,0.9859154929577465,66125.4,93988.34999999999
1,302.7,310.5,1520,39.3,73,0,7.800000000000011,0.9864864864864865,59735.99999999999,93988.34999999999
1,302.6,310.4,1514,42.7,75,0,7.7999999999999545,0.9868421052631579,64647.8,93927.04
2,302.6,310.4,1532,36.1,77,0,7.7999999999999545,0.9871794871794872,55305.200000000004,93927.04
1,302.6,310.4,1365,66.8,80,1,7.7999999999999545,0.9876543209876543,91182.0,93927.04
1,302.6,310.3,1642,33.2,82,0,7.699999999999989,0.9879518072289156,54514.4,93896.78000000001
2,302.6,310.2,2676,10.8,84,1,7.599999999999966,0.9882352941176471,28900.800000000003,93866.52
0,302.6,310.2,1873,21.3,87,0,7.599999999999966,0.9886363636363636,39894.9,93866.52
1,302.6,310.2,1325,62.4,92,1,7.599999999999966,0.989247311827957,82680.0,93866.52
2,302.6,310.2,2157,17.2,94,0,7.599999999999966,0.9894736842105263,37100.4,93866.52
2,302.6,310.2,1563,39.0,97,0,7.599999999999966,0.9897959183673469,60957.0,93866.52
2,302.6,310.2,1631,31.0,100,0,7.599999999999966,0.9900990099009901,50561.0,93866.52
1,302.5,310.2,1547,36.9,103,0,7.699999999999989,0.9903846153846154,57084.299999999996,93835.5
1,302.6,310.3,1479,40.4,105,0,7.699999999999989,0.9905660377358491,59751.6,93896.78000000001
2,302.4,310.1,1379,48.9,107,1,7.7000000000000455,0.9907407407407407,67433.09999999999,93774.24
1,302.4,310.1,1906,21.2,110,0,7.7000000000000455,0.990990990990991,40407.2,93774.24
2,302.3,310.1,1731,33.4,112,0,7.800000000000011,0.9911504424778761,57815.399999999994,93743.23000000001
0,302.3,310.1,1688,30.4,115,0,7.800000000000011,0.9913793103448276,51315.2,93743.23000000001
0,302.3,310.2,1443,54.6,120,0,7.899999999999977,0.9917355371900827,78787.8,93773.46
1,302.4,310.2,1445,46.4,125,0,7.800000000000011,0.9920634920634921,67048.0,93804.48
0,302.4,310.2,1435,44.9,127,0,7.800000000000011,0.9921875,64431.5,93804.48
1,302.4,310.1,1556,32.9,132,0,7.7000000000000455,0.9924812030075187,51192.399999999994,93774.24
1,302.3,310.1,1321,52.7,134,1,7.800000000000011,0.9925925925925926,69616.7,93743.23000000001
2,302.4,310.1,1577,35.8,136,0,7.7000000000000455,0.9927007299270073,56456.6,93774.24
1,302.4,310.2,1578,31.2,139,0,7.800000000000011,0.9928571428571429,49233.6,93804.48
1,302.4,310.1,1418,52.3,141,0,7.7000000000000455,0.9929577464788732,74161.4,93774.24
2,302.4,310.2,1392,55.8,143,0,7.800000000000011,0.9930555555555556,77673.59999999999,93804.48
1,302.5,310.3,1446,44.0,146,0,7.800000000000011,0.9931972789115646,63624.0,93865.75
1,302.5,310.2,1329,50.6,148,1,7.699999999999989,0.9932885906040269,67247.40000000001,93835.5
1,302.5,310.2,1563,34.8,150,0,7.699999999999989,0.9933774834437086,54392.399999999994,93835.5
1,302.5,310.3,1405,57.4,152,0,7.800000000000011,0.9934640522875817,80647.0,93865.75
1,302.4,310.2,2224,16.0,154,0,7.800000000000011,0.9935483870967742,35584.0,93804.48
1,302.5,310.2,1716,29.9,156,0,7.699999999999989,0.9936305732484076,51308.399999999994,93835.5
1,302.5,310.3,1584,35.5,158,0,7.800000000000011,0.9937106918238994,56232.0,93865.75
2,302.5,310.3,1488,41.8,160,0,7.800000000000011,0.9937888198757764,62198.399999999994,93865.75
1,302.4,310.3,1374,51.2,163,1,7.900000000000034,0.9939024390243902,70348.8,93834.72
2,302.4,310.3,1378,54.3,165,1,7.900000000000034,0.9939759036144579,74825.4,93834.72
1,302.5,310.3,1551,37.3,168,0,7.800000000000011,0.9940828402366864,57852.299999999996,93865.75
1,302.5,310.3,1549,40.9,170,0,7.800000000000011,0.9941520467836257,63354.1,93865.75
2,302.5,310.3,1447,39.2,172,0,7.800000000000011,0.9942196531791907,56722.4,93865.75
1,302.4,310.2,1400,53.7,175,0,7.800000000000011,0.9943181818181818,75180.0,93804.48
1,302.4,310.1,1401,48.8,177,0,7.7000000000000455,0.9943820224719101,68368.8,93774.24
0,302.4,310.1,1597,28.9,179,0,7.7000000000000455,0.9944444444444445,46153.299999999996,93774.24
1,302.3,310.1,1487,46.0,184,0,7.800000000000011,0.9945945945945946,68402.0,93743.23000000001
2,302.5,310.3,1710,27.3,186,0,7.800000000000011,0.9946524064171123,46683.0,93865.75
1,302.6,310.4,1478,47.7,189,0,7.7999999999999545,0.9947368421052631,70500.6,93927.04
1,302.6,310.4,1743,26.3,191,0,7.7999999999999545,0.9947916666666666,45840.9,93927.04
1,302.6,310.5,1596,32.8,193,0,7.899999999999977,0.9948453608247423,52348.799999999996,93957.3
1,302.7,310.5,1642,30.8,195,0,7.800000000000011,0.9948979591836735,50573.6,93988.34999999999
1,302.7,310.5,1263,67.8,197,1,7.800000000000011,0.9949494949494949,85631.4,93988.34999999999
1,302.8,310.6,2016,19.9,199,0,7.800000000000011,0.995,40118.399999999994,94049.68000000001
1,302.8,310.6,1671,30.5,201,0,7.800000000000011,0.995049504950495,50965.5,94049.68000000001
1,302.8,310.6,1404,43.2,203,0,7.800000000000011,0.9950980392156863,60652.8,94049.68000000001
1,302.8,310.6,1470,41.1,205,0,7.800000000000011,0.9951456310679612,60417.0,94049.68000000001
1,302.8,310.6,1617,37.9,207,0,7.800000000000011,0.9951923076923077,61284.299999999996,94049.68000000001
1,302.7,310.5,1725,29.0,209,0,7.800000000000011,0.9952380952380953,50025.0,93988.34999999999
1,302.7,310.5,1446,40.9,211,1,7.800000000000011,0.9952830188679245,59141.4,93988.34999999999
1,302.7,310.6,1564,34.3,0,0,7.900000000000034,0.0,53645.2,94018.62000000001
1,302.8,310.6,1670,29.1,2,0,7.800000000000011,0.6666666666666666,48597.0,94049.68000000001
1,302.7,310.6,1501,48.7,4,0,7.900000000000034,0.8,73098.7,94018.62000000001
1,302.7,310.5,1551,35.9,6,0,7.800000000000011,0.8571428571428571,55680.899999999994,93988.34999999999
1,302.7,310.5,1563,35.0,8,0,7.800000000000011,0.8888888888888888,54705.0,93988.34999999999
1,302.7,310.5,1351,41.8,10,1,7.800000000000011,0.9090909090909091,56471.799999999996,93988.34999999999
1,302.6,310.4,1415,52.1,12,0,7.7999999999999545,0.9230769230769231,73721.5,93927.04
1,302.6,310.3,1647,34.2,14,0,7.699999999999989,0.9333333333333333,56327.4,93896.78000000001
1,302.5,310.2,1477,41.6,16,0,7.699999999999989,0.9411764705882353,61443.200000000004,93835.5
1,302.6,310.2,1923,21.5,18,0,7.599999999999966,0.9473684210526315,41344.5,93866.52
0,302.7,310.4,1305,55.2,20,1,7.699999999999989,0.9523809523809523,72036.0,93958.07999999999
2,302.6,310.4,1544,35.1,25,0,7.7999999999999545,0.9615384615384616,54194.4,93927.04
0,302.7,310.5,1568,36.9,28,0,7.800000000000011,0.9655172413793104,57859.2,93988.34999999999
1,302.7,310.4,1489,42.7,33,0,7.699999999999989,0.9705882352941176,63580.3,93958.07999999999
2,302.6,310.4,1451,43.1,35,0,7.7999999999999545,0.9722222222222222,62538.1,93927.04
1,302.7,310.4,1542,35.7,38,0,7.699999999999989,0.9743589743589743,55049.4,93958.07999999999
2,302.6,310.5,1965,20.2,40,0,7.899999999999977,0.975609756097561,39693.0,93957.3
1,302.5,310.5,1436,36.5,43,0,8.0,0.9772727272727273,52414.0,93926.25
2,302.5,310.4,1509,37.6,45,0,7.899999999999977,0.9782608695652174,56738.4,93896.0
1,302.5,310.4,1487,40.2,48,0,7.899999999999977,0.9795918367346939,59777.4,93896.0
1,302.5,310.4,1967,20.3,50,0,7.899999999999977,0.9803921568627451,39930.1,93896.0
0,302.6,310.4,1409,53.3,52,0,7.7999999999999545,0.9811320754716981,75099.7,93927.04
2,302.6,310.5,1420,56.4,57,0,7.899999999999977,0.9827586206896551,80088.0,93957.3
1,302.7,310.5,1511,37.7,60,0,7.800000000000011,0.9836065573770492,56964.700000000004,93988.34999999999
0,302.6,310.4,1649,30.1,62,0,7.7999999999999545,0.9841269841269841,49634.9,93927.04
1,302.6,310.4,1359,57.2,67,1,7.7999999999999545,0.9852941176470589,77734.8,93927.04
2,302.5,310.4,1605,36.0,69,0,7.899999999999977,0.9857142857142858,57780.0,93896.0
1,302.5,310.3,1523,36.0,72,0,7.800000000000011,0.9863013698630136,54828.0,93865.75
0,302.6,310.4,1614,36.0,74,0,7.7999999999999545,0.9866666666666667,58104.0,93927.04
0,302.6,310.3,1721,27.4,79,0,7.699999999999989,0.9875,47155.399999999994,93896.78000000001
1,302.6,310.4,1638,36.2,84,0,7.7999999999999545,0.9882352941176471,59295.600000000006,93927.04
1,302.5,310.2,1307,54.0,86,1,7.699999999999989,0.9885057471264368,70578.0,93835.5
1,302.4,310.2,1642,28.3,88,0,7.800000000000011,0.9887640449438202,46468.6,93804.48
2,302.5,310.2,1751,30.5,90,0,7.699999999999989,0.989010989010989,53405.5,93835.5
1,302.4,310.1,1645,31.6,93,0,7.7000000000000455,0.9893617021276596,51982.0,93774.24
1,302.4,310.1,1426,46.8,95,0,7.7000000000000455,0.9895833333333334,66736.8,93774.24
2,302.4,310.1,1520,36.6,97,0,7.7000000000000455,0.9897959183673469,55632.0,93774.24
1,302.4,310.1,1709,31.8,100,0,7.7000000000000455,0.9900990099009901,54346.200000000004,93774.24
1,302.4,310.0,1426,46.6,102,0,7.600000000000023,0.9902912621359223,66451.6,93744.0
1,302.4,310.1,1429,43.7,104,0,7.7000000000000455,0.9904761904761905,62447.3,93774.24
1,302.4,310.2,1346,62.4,106,1,7.800000000000011,0.9906542056074766,83990.4,93804.48
1,302.5,310.2,1454,43.0,108,0,7.699999999999989,0.9908256880733946,62522.0,93835.5
2,302.5,310.3,1411,49.5,110,0,7.800000000000011,0.990990990990991,69844.5,93865.75
1,302.4,310.3,1900,24.4,113,0,7.900000000000034,0.9912280701754386,46360.0,93834.72
1,302.4,310.3,1479,36.2,115,0,7.900000000000034,0.9913793103448276,53539.8,93834.72
1,302.5,310.4,1415,48.2,117,0,7.899999999999977,0.9915254237288136,68203.0,93896.0
1,302.5,310.3,1539,39.0,119,0,7.800000000000011,0.9916666666666667,60021.0,93865.75
1,302.4,310.3,1520,31.6,121,0,7.900000000000034,0.9918032786885246,48032.0,93834.72
1,302.4,310.3,1480,45.8,123,0,7.900000000000034,0.9919354838709677,67784.0,93834.72
1,302.4,310.4,1666,29.7,125,0,8.0,0.9920634920634921,49480.2,93864.95999999999
1,302.4,310.4,1456,47.6,127,0,8.0,0.9921875,69305.6,93864.95999999999
1,302.4,310.4,1865,23.9,129,0,8.0,0.9923076923076923,44573.5,93864.95999999999
2,302.5,310.5,1918,21.6,131,0,8.0,0.9924242424242424,41428.8,93926.25
1,302.5,310.4,1488,48.4,134,0,7.899999999999977,0.9925925925925926,72019.2,93896.0
2,302.5,310.5,1527,38.8,136,0,8.0,0.9927007299270073,59247.6,93926.25
2,302.4,310.4,1463,42.2,139,0,8.0,0.9928571428571429,61738.600000000006,93864.95999999999
1,302.4,310.4,1521,38.5,142,0,8.0,0.993006993006993,58558.5,93864.95999999999
2,302.4,310.5,1372,45.7,144,1,8.100000000000023,0.993103448275862,62700.4,93895.2
1,302.5,310.5,1507,39.5,147,0,8.0,0.9932432432432432,59526.5,93926.25
2,302.4,310.4,1586,34.3,149,0,8.0,0.9933333333333333,54399.799999999996,93864.95999999999
1,302.5,310.4,1487,42.0,152,0,7.899999999999977,0.9934640522875817,62454.0,93896.0
1,302.5,310.5,1520,41.2,154,0,8.0,0.9935483870967742,62624.00000000001,93926.25
0,302.5,310.4,1422,41.9,156,0,7.899999999999977,0.9936305732484076,59581.799999999996,93896.0
2,302.4,310.3,1375,52.5,161,1,7.900000000000034,0.9938271604938271,72187.5,93834.72
1,302.4,310.2,1633,28.0,164,0,7.800000000000011,0.9939393939393939,45724.0,93804.48
1,302.4,310.2,1503,36.2,166,0,7.800000000000011,0.9940119760479041,54408.600000000006,93804.48
1,302.4,310.2,1351,45.1,168,1,7.800000000000011,0.9940828402366864,60930.1,93804.48
1,302.3,310.2,1548,35.3,170,0,7.899999999999977,0.9941520467836257,54644.399999999994,93773.46
1,302.4,310.3,1923,23.3,172,0,7.900000000000034,0.9942196531791907,44805.9,93834.72
1,302.5,310.3,1592,32.6,174,0,7.800000000000011,0.9942857142857143,51899.200000000004,93865.75
2,302.5,310.4,1580,35.6,176,0,7.899999999999977,0.9943502824858758,56248.0,93896.0
1,302.5,310.4,1427,46.8,179,0,7.899999999999977,0.9944444444444445,66783.59999999999,93896.0
2,302.5,310.4,1581,32.7,181,0,7.899999999999977,0.9945054945054945,51698.700000000004,93896.0
2,302.6,310.5,1542,39.9,184,0,7.899999999999977,0.9945945945945946,61525.799999999996,93957.3
1,302.5,310.4,1349,55.1,187,1,7.899999999999977,0.9946808510638298,74329.90000000001,93896.0
1,302.5,310.5,1463,43.0,189,0,8.0,0.9947368421052631,62909.0,93926.25
2,302.5,310.4,1429,43.2,191,0,7.899999999999977,0.9947916666666666,61732.8,93896.0
2,302.5,310.4,1451,53.6,194,0,7.899999999999977,0.9948717948717949,77773.6,93896.0
1,302.6,310.5,1511,37.2,197,0,7.899999999999977,0.9949494949494949,56209.200000000004,93957.3
1,302.6,310.6,1549,37.5,199,0,8.0,0.995,58087.5,93987.56000000001
2,302.5,310.5,1507,40.2,201,0,8.0,0.995049504950495,60581.4,93926.25
2,302.6,310.5,1524,33.7,204,0,7.899999999999977,0.9951219512195122,51358.8,93957.3
2,302.7,310.5,1880,22.7,207,0,7.800000000000011,0.9951923076923077,42676.0,93988.34999999999
1,302.6,310.5,1461,45.4,0,0,7.899999999999977,0.0,66329.4,93957.3
1,302.6,310.5,1748,28.2,2,0,7.899999999999977,0.6666666666666666,49293.6,93957.3
1,302.7,310.6,1690,26.7,4,0,7.900000000000034,0.8,45123.0,94018.62000000001
2,302.7,310.6,1349,51.2,6,1,7.900000000000034,0.8571428571428571,69068.8,94018.62000000001
1,302.7,310.6,1686,26.3,9,0,7.900000000000034,0.9,44341.8,94018.62000000001
1,302.7,310.7,1369,47.5,11,1,8.0,0.9166666666666666,65027.5,94048.89
1,302.7,310.7,1433,43.7,13,0,8.0,0.9285714285714286,62622.100000000006,94048.89
1,302.7,310.7,1597,41.9,15,0,8.0,0.9375,66914.3,94048.89
1,302.9,310.8,1610,32.2,17,0,7.900000000000034,0.9444444444444444,51842.00000000001,94141.31999999999
1,302.7,310.7,1398,57.7,19,0,8.0,0.95,80664.6,94048.89
1,302.7,310.7,1977,20.0,21,0,8.0,0.9545454545454546,39540.0,94048.89
1,302.8,310.8,1516,39.5,23,0,8.0,0.9583333333333334,59882.0,94110.24
0,302.7,310.8,1275,55.0,25,1,8.100000000000023,0.9615384615384616,70125.0,94079.16
1,302.8,310.8,1402,50.5,30,0,8.0,0.967741935483871,70801.0,94110.24
2,302.8,310.8,1451,44.7,32,0,8.0,0.9696969696969697,64859.700000000004,94110.24
2,302.7,310.8,1555,36.1,35,0,8.100000000000023,0.9722222222222222,56135.5,94079.16
1,302.8,310.9,1636,35.0,38,0,8.099999999999966,0.9743589743589743,57260.0,94140.51999999999
1,302.8,310.9,1312,52.2,40,1,8.099999999999966,0.975609756097561,68486.40000000001,94140.51999999999
1,302.8,310.9,1708,29.8,42,0,8.099999999999966,0.9767441860465116,50898.4,94140.51999999999
2,302.9,311.0,1556,36.5,44,0,8.100000000000023,0.9777777777777777,56794.0,94201.9
0,302.8,311.0,1436,43.5,47,0,8.199999999999989,0.9791666666666666,62466.0,94170.8
2,302.9,311.0,1402,40.7,52,0,8.100000000000023,0.9811320754716981,57061.4,94201.9
2,302.9,311.0,1437,49.9,55,0,8.100000000000023,0.9821428571428571,71706.3,94201.9
2,302.9,311.1,1926,21.8,58,0,8.200000000000045,0.9830508474576272,41986.8,94232.19
1,303.0,311.2,1800,23.7,61,0,8.199999999999989,0.9838709677419355,42660.0,94293.59999999999
1,303.0,311.2,1641,32.6,63,0,8.199999999999989,0.984375,53496.600000000006,94293.59999999999
1,303.0,311.2,1374,48.2,65,1,8.199999999999989,0.9848484848484849,66226.8,94293.59999999999
1,303.0,311.2,1494,37.0,67,0,8.199999999999989,0.9852941176470589,55278.0,94293.59999999999
1,303.0,311.2,1601,32.9,69,0,8.199999999999989,0.9857142857142858,52672.899999999994,94293.59999999999
1,302.9,311.2,1634,36.9,71,0,8.300000000000011,0.9861111111111112,60294.6,94262.48
2,302.9,311.2,1467,37.7,73,0,8.300000000000011,0.9864864864864865,55305.9,94262.48
1,302.8,311.1,1550,32.3,76,0,8.300000000000011,0.987012987012987,50064.99999999999,94201.08000000002
1,302.8,311.1,1563,32.2,78,0,8.300000000000011,0.9873417721518988,50328.600000000006,94201.08000000002
1,302.7,310.9,1395,48.3,80,0,8.199999999999989,0.9876543209876543,67378.5,94109.43
2,302.8,311.0,1507,33.4,82,0,8.199999999999989,0.9879518072289156,50333.799999999996,94170.8
1,302.8,311.0,1564,38.5,85,0,8.199999999999989,0.9883720930232558,60214.0,94170.8
1,302.8,311.1,1721,30.0,87,0,8.300000000000011,0.9886363636363636,51630.0,94201.08000000002
1,302.8,311.1,1456,36.1,89,0,8.300000000000011,0.9888888888888889,52561.6,94201.08000000002
0,302.9,311.2,2102,17.8,91,0,8.300000000000011,0.9891304347826086,37415.6,94262.48
1,302.9,311.1,1555,33.9,96,0,8.200000000000045,0.9896907216494846,52714.5,94232.19
1,303.0,311.2,1409,41.9,98,0,8.199999999999989,0.98989898989899,59037.1,94293.59999999999
2,303.0,311.2,1387,41.4,100,0,8.199999999999989,0.9900990099009901,57421.799999999996,94293.59999999999
2,303.0,311.2,1460,43.9,103,0,8.199999999999989,0.9903846153846154,64094.0,94293.59999999999
1,303.0,311.2,1361,47.6,106,1,8.199999999999989,0.9906542056074766,64783.6,94293.59999999999
2,303.0,311.1,1490,43.0,108,0,8.100000000000023,0.9908256880733946,64070.0,94263.3
1,303.1,311.2,1399,49.2,111,0,8.099999999999966,0.9910714285714286,68830.8,94324.72
1,303.1,311.1,1420,55.8,113,0,8.0,0.9912280701754386,79236.0,94294.41000000002
1,303.0,311.0,1359,44.2,115,1,8.0,0.9913793103448276,60067.8,94233.0
2,303.0,311.1,1372,54.3,117,1,8.100000000000023,0.9915254237288136,74499.59999999999,94263.3
2,303.0,311.0,1409,41.7,120,0,8.0,0.9917355371900827,58755.3,94233.0
0,302.9,311.0,1452,58.3,123,0,8.100000000000023,0.9919354838709677,84651.59999999999,94201.9
1,302.9,311.0,1820,24.6,128,0,8.100000000000023,0.9922480620155039,44772.0,94201.9
0,302.9,311.0,1469,48.7,130,0,8.100000000000023,0.9923664122137404,71540.3,94201.9
1,302.9,311.1,1556,45.3,135,0,8.200000000000045,0.9926470588235294,70486.79999999999,94232.19
1,303.0,311.1,1980,20.2,137,0,8.100000000000023,0.9927536231884058,39996.0,94263.3
2,303.0,311.2,1519,38.0,139,0,8.199999999999989,0.9928571428571429,57722.0,94293.59999999999
1,303.0,311.2,1456,44.0,142,0,8.199999999999989,0.993006993006993,64064.0,94293.59999999999
1,303.1,311.2,1394,45.3,144,0,8.099999999999966,0.993103448275862,63148.2,94324.72
1,303.0,311.3,1365,56.2,146,1,8.300000000000011,0.9931972789115646,76713.0,94323.90000000001
1,303.0,311.3,2194,16.5,148,0,8.300000000000011,0.9932885906040269,36201.0,94323.90000000001
1,303.1,311.3,1403,55.6,150,0,8.199999999999989,0.9933774834437086,78006.8,94355.03000000001
0,303.0,311.2,1503,37.0,152,0,8.199999999999989,0.9934640522875817,55611.0,94293.59999999999
1,303.0,311.3,1793,29.3,157,0,8.300000000000011,0.9936708860759493,52534.9,94323.90000000001
1,303.1,311.4,1829,24.5,159,0,8.299999999999955,0.99375,44810.5,94385.34
2,303.1,311.4,1831,23.3,161,0,8.299999999999955,0.9938271604938271,42662.3,94385.34
2,303.0,311.3,1335,53.6,164,1,8.300000000000011,0.9939393939393939,71556.0,94323.90000000001
0,303.1,311.3,2056,19.7,167,0,8.199999999999989,0.9940476190476191,40503.2,94355.03000000001
1,303.1,311.3,1336,52.6,172,1,8.199999999999989,0.9942196531791907,70273.6,94355.03000000001
1,303.0,311.2,1341,51.0,174,1,8.199999999999989,0.9942857142857143,68391.0,94293.59999999999
2,303.0,311.1,1526,37.3,176,0,8.100000000000023,0.9943502824858758,56919.799999999996,94263.3
1,303.0,311.1,1525,40.7,179,0,8.100000000000023,0.9944444444444445,62067.50000000001,94263.3
2,303.0,311.1,1428,39.8,181,0,8.100000000000023,0.9945054945054945,56834.399999999994,94263.3
1,303.0,311.2,1511,45.7,184,0,8.199999999999989,0.9945945945945946,69052.7,94293.59999999999
1,303.0,311.2,1664,29.8,186,0,8.199999999999989,0.9946524064171123,49587.200000000004,94293.59999999999
2,303.0,311.2,1592,38.9,188,0,8.199999999999989,0.9947089947089947,61928.799999999996,94293.59999999999
2,303.0,311.1,1597,36.7,191,0,8.100000000000023,0.9947916666666666,58609.9,94263.3
1,303.0,311.2,1735,26.1,194,0,8.199999999999989,0.9948717948717949,45283.5,94293.59999999999
1,302.9,311.2,1751,23.8,196,0,8.300000000000011,0.9949238578680203,41673.8,94262.48
1,303.0,311.2,1383,44.6,198,0,8.199999999999989,0.9949748743718593,61681.8,94293.59999999999
2,302.9,311.2,1330,53.7,200,1,8.300000000000011,0.9950248756218906,71421.0,94262.48
1,303.0,311.2,1382,50.5,203,0,8.199999999999989,0.9950980392156863,69791.0,94293.59999999999
1,303.0,311.2,1755,30.4,205,0,8.199999999999989,0.9951456310679612,53352.0,94293.59999999999
2,303.0,311.2,1614,35.7,207,0,8.199999999999989,0.9951923076923077,57619.8,94293.59999999999
1,303.0,311.3,1466,43.0,210,0,8.300000000000011,0.995260663507109,63038.0,94323.90000000001
2,303.1,311.3,1847,24.7,212,0,8.199999999999989,0.9953051643192489,45620.9,94355.03000000001
1,303.1,311.3,1474,34.8,215,0,8.199999999999989,0.9953703703703703,51295.2,94355.03000000001
1,303.1,311.3,1657,31.8,217,0,8.199999999999989,0.9954128440366973,52692.6,94355.03000000001
1,303.1,311.2,1435,40.1,219,0,8.099999999999966,0.9954545454545455,57543.5,94324.72
0,303.1,311.3,1494,42.7,221,0,8.199999999999989,0.9954954954954955,63793.8,94355.03000000001
1,303.2,311.4,1238,54.6,226,1,8.199999999999989,0.9955947136563876,67594.8,94416.48
1,303.2,311.4,1324,54.2,228,1,8.199999999999989,0.9956331877729258,71760.8,94416.48
1,303.2,311.4,1514,41.2,230,0,8.199999999999989,0.9956709956709957,62376.8,94416.48
1,303.3,311.4,1732,25.6,232,0,8.099999999999966,0.9957081545064378,44339.200000000004,94447.62
1,303.3,311.4,1497,46.0,234,1,8.099999999999966,0.9957446808510638,68862.0,94447.62
1,303.3,311.4,1958,21.5,0,0,8.099999999999966,0.0,42097.0,94447.62
1,303.3,311.4,1630,32.5,2,0,8.099999999999966,0.6666666666666666,52975.0,94447.62
2,303.3,311.4,1395,59.1,4,0,8.099999999999966,0.8,82444.5,94447.62
1,303.3,311.4,1658,30.5,7,0,8.099999999999966,0.875,50569.0,94447.62
1,303.2,311.4,1349,51.1,9,1,8.199999999999989,0.9,68933.90000000001,94416.48
1,303.1,311.2,1452,52.9,11,0,8.099999999999966,0.9166666666666666,76810.8,94324.72
2,303.1,311.1,1594,35.5,13,0,8.0,0.9285714285714286,56587.0,94294.41000000002
2,303.1,311.0,1510,47.6,16,0,7.899999999999977,0.9411764705882353,71876.0,94264.1
1,303.1,311.1,1854,22.6,19,0,8.0,0.95,41900.4,94294.41000000002
1,303.1,311.2,1626,32.3,21,0,8.099999999999966,0.9545454545454546,52519.799999999996,94324.72
1,303.1,311.2,1628,35.2,23,0,8.099999999999966,0.9583333333333334,57305.600000000006,94324.72
1,303.1,311.2,1679,34.8,25,0,8.099999999999966,0.9615384615384616,58429.2,94324.72
2,303.1,311.2,1489,44.5,27,0,8.099999999999966,0.9642857142857143,66260.5,94324.72
1,303.2,311.2,1439,43.9,30,0,8.0,0.967741935483871,63172.1,94355.84
1,303.3,311.3,1350,48.1,32,1,8.0,0.9696969696969697,64935.0,94417.29000000001
0,303.3,311.2,1607,31.7,34,0,7.899999999999977,0.9714285714285714,50941.9,94386.96
1,303.3,311.3,1389,53.9,39,0,8.0,0.975,74867.09999999999,94417.29000000001
2,303.3,311.3,1566,46.1,41,0,8.0,0.9761904761904762,72192.6,94417.29000000001
2,303.4,311.4,1307,54.0,44,1,8.0,0.9777777777777777,70578.0,94478.75999999998
2,303.3,311.5,1569,36.6,47,0,8.199999999999989,0.9791666666666666,57425.4,94477.95
0,303.3,311.4,1651,30.6,50,0,8.099999999999966,0.9803921568627451,50520.600000000006,94447.62
0,303.3,311.4,1692,27.9,55,0,8.099999999999966,0.9821428571428571,47206.799999999996,94447.62
2,303.3,311.5,1373,47.3,60,1,8.199999999999989,0.9836065573770492,64942.899999999994,94477.95
1,303.2,311.4,1610,35.5,63,0,8.199999999999989,0.984375,57155.0,94416.48
1,303.3,311.4,1511,43.4,65,0,8.099999999999966,0.9848484848484849,65577.4,94447.62
1,303.3,311.5,1412,55.6,67,0,8.199999999999989,0.9852941176470589,78507.2,94477.95
1,303.4,311.5,1501,36.2,69,0,8.100000000000023,0.9857142857142858,54336.200000000004,94509.09999999999
1,303.4,311.5,1414,44.8,71,0,8.100000000000023,0.9861111111111112,63347.2,94509.09999999999
0,303.5,311.5,1629,33.5,73,0,8.0,0.9864864864864865,54571.5,94540.25
1,303.4,311.5,1879,21.3,78,0,8.100000000000023,0.9873417721518988,40022.700000000004,94509.09999999999
0,303.5,311.6,1466,47.0,80,0,8.100000000000023,0.9876543209876543,68902.0,94570.6
0,303.6,311.7,1476,40.1,85,0,8.099999999999966,0.9883720930232558,59187.6,94632.12000000001
1,303.6,311.8,1695,30.7,90,0,8.199999999999989,0.989010989010989,52036.5,94662.48000000001
1,303.6,311.7,1491,39.8,92,0,8.099999999999966,0.989247311827957,59341.799999999996,94632.12000000001
2,303.6,311.8,1659,34.7,94,0,8.199999999999989,0.9894736842105263,57567.3,94662.48000000001
1,303.6,311.8,1567,31.7,97,0,8.199999999999989,0.9897959183673469,49673.9,94662.48000000001
1,303.6,311.8,1736,32.9,99,0,8.199999999999989,0.99,57114.399999999994,94662.48000000001
2,303.6,311.8,1421,44.8,101,1,8.199999999999989,0.9901960784313726,63660.799999999996,94662.48000000001
2,303.6,311.8,1627,30.8,104,0,8.199999999999989,0.9904761904761905,50111.6,94662.48000000001
2,303.5,311.6,1562,34.2,107,0,8.100000000000023,0.9907407407407407,53420.4,94570.6
1,303.5,311.6,2183,17.0,110,0,8.100000000000023,0.990990990990991,37111.0,94570.6
1,303.5,311.6,1577,38.1,112,0,8.100000000000023,0.9911504424778761,60083.700000000004,94570.6
2,303.4,311.5,1560,36.4,114,0,8.100000000000023,0.991304347826087,56784.0,94509.09999999999
2,303.4,311.5,1483,43.0,117,0,8.100000000000023,0.9915254237288136,63769.0,94509.09999999999
1,303.5,311.5,1535,33.3,120,0,8.0,0.9917355371900827,51115.49999999999,94540.25
2,303.4,311.4,1606,29.6,122,0,8.0,0.991869918699187,47537.600000000006,94478.75999999998
2,303.4,311.5,1817,24.7,125,0,8.100000000000023,0.9920634920634921,44879.9,94509.09999999999
1,303.4,311.5,1424,50.8,128,0,8.100000000000023,0.9922480620155039,72339.2,94509.09999999999
1,303.3,311.6,1514,34.7,130,0,8.300000000000011,0.9923664122137404,52535.8,94508.28000000001
1,303.4,311.6,1449,41.7,132,0,8.200000000000045,0.9924812030075187,60423.3,94539.44
2,303.5,311.6,1573,34.0,134,0,8.100000000000023,0.9925925925925926,53482.0,94570.6
1,303.4,311.6,1564,41.9,137,0,8.200000000000045,0.9927536231884058,65531.6,94539.44
1,303.5,311.6,1428,46.2,139,0,8.100000000000023,0.9928571428571429,65973.6,94570.6
1,303.5,311.7,1620,31.0,141,0,8.199999999999989,0.9929577464788732,50220.0,94600.95
0,303.5,311.7,1584,32.7,143,0,8.199999999999989,0.9930555555555556,51796.8,94600.95
1,303.6,311.8,1222,66.8,148,1,8.199999999999989,0.9932885906040269,81629.59999999999,94662.48000000001
2,303.6,311.8,1432,42.5,150,0,8.199999999999989,0.9933774834437086,60860.0,94662.48000000001
1,303.7,311.9,1561,33.3,153,0,8.199999999999989,0.9935064935064936,51981.299999999996,94724.02999999998
1,303.6,311.8,1614,33.2,155,0,8.199999999999989,0.9935897435897436,53584.8,94662.48000000001
1,303.5,311.7,1959,22.3,157,0,8.199999999999989,0.9936708860759493,43685.700000000004,94600.95
1,303.5,311.8,1944,23.5,159,0,8.300000000000011,0.99375,45684.0,94631.3
1,303.4,311.7,1793,25.8,161,0,8.300000000000011,0.9938271604938271,46259.4,94569.77999999998
2,303.4,311.6,1446,50.0,163,0,8.200000000000045,0.9939024390243902,72300.0,94539.44
1,303.4,311.7,1673,32.2,166,0,8.300000000000011,0.9940119760479041,53870.600000000006,94569.77999999998
2,303.4,311.7,1515,44.2,168,0,8.300000000000011,0.9940828402366864,66963.0,94569.77999999998
1,303.4,311.8,1564,35.9,171,0,8.400000000000034,0.9941860465116279,56147.6,94600.12
1,303.5,311.8,1451,45.2,173,0,8.300000000000011,0.9942528735632183,65585.2,94631.3
0,303.4,311.8,1693,28.3,175,0,8.400000000000034,0.9943181818181818,47911.9,94600.12
1,303.4,311.7,1476,42.3,180,0,8.300000000000011,0.994475138121547,62434.799999999996,94569.77999999998
1,303.4,311.6,1712,30.1,182,0,8.200000000000045,0.994535519125683,51531.200000000004,94539.44
2,303.4,311.6,1425,45.4,184,0,8.200000000000045,0.9945945945945946,64695.0,94539.44
1,303.3,311.6,1337,56.8,187,1,8.300000000000011,0.9946808510638298,75941.59999999999,94508.28000000001
2,303.4,311.7,1690,34.9,189,0,8.300000000000011,0.9947368421052631,58981.0,94569.77999999998
2,303.4,311.7,1353,44.1,192,1,8.300000000000011,0.9948186528497409,59667.3,94569.77999999998
1,303.5,311.8,1927,21.9,195,0,8.300000000000011,0.9948979591836735,42201.299999999996,94631.3
2,303.4,311.8,1391,42.7,197,0,8.400000000000034,0.9949494949494949,59395.700000000004,94600.12
1,303.4,311.8,1366,50.9,200,1,8.400000000000034,0.9950248756218906,69529.4,94600.12
1,303.4,311.9,1771,31.6,202,0,8.5,0.9950738916256158,55963.600000000006,94630.45999999999
2,303.4,311.8,1515,42.6,204,0,8.400000000000034,0.9951219512195122,64539.0,94600.12
2,303.4,311.8,2133,18.3,207,0,8.400000000000034,0.9951923076923077,39033.9,94600.12
2,303.4,311.8,1341,47.0,210,1,8.400000000000034,0.995260663507109,63027.0,94600.12
1,303.4,311.7,1406,47.1,213,0,8.300000000000011,0.9953271028037384,66222.6,94569.77999999998
1,303.4,311.8,1306,61.0,215,1,8.400000000000034,0.9953703703703703,79666.0,94600.12
1,303.3,311.7,1508,35.5,217,0,8.399999999999977,0.9954128440366973,53534.0,94538.61
1,303.3,311.6,1301,45.1,219,1,8.300000000000011,0.9954545454545455,58675.1,94508.28000000001
1,303.3,311.7,1539,38.5,221,0,8.399999999999977,0.9954954954954955,59251.5,94538.61
1,303.3,311.6,1484,44.6,223,0,8.300000000000011,0.9955357142857143,66186.40000000001,94508.28000000001
1,303.2,311.5,1507,39.2,225,0,8.300000000000011,0.995575221238938,59074.4,94446.8
1,303.2,311.5,1544,42.5,227,0,8.300000000000011,0.9956140350877193,65620.0,94446.8
1,303.2,311.5,1513,37.9,0,0,8.300000000000011,0.0,57342.7,94446.8
2,303.2,311.5,1336,58.2,2,1,8.300000000000011,0.6666666666666666,77755.2,94446.8
2,303.2,311.4,2102,19.0,5,0,8.199999999999989,0.8333333333333334,39938.0,94416.48
1,303.2,311.4,1351,53.8,8,1,8.199999999999989,0.8888888888888888,72683.8,94416.48
1,303.3,311.5,1601,35.2,10,0,8.199999999999989,0.9090909090909091,56355.200000000004,94477.95
1,303.2,311.3,1393,52.9,12,0,8.100000000000023,0.9230769230769231,73689.7,94386.16
1,303.3,311.3,1592,33.7,14,0,8.0,0.9333333333333333,53650.4,94417.29000000001
1,303.3,311.3,1409,51.8,16,0,8.0,0.9411764705882353,72986.2,94417.29000000001
1,303.3,311.3,1393,47.4,18,0,8.0,0.9473684210526315,66028.2,94417.29000000001
0,303.2,311.2,1475,43.1,20,0,8.0,0.9523809523809523,63572.5,94355.84
1,303.2,311.2,1427,45.6,25,0,8.0,0.9615384615384616,65071.200000000004,94355.84
1,303.3,311.2,1763,27.3,27,0,7.899999999999977,0.9642857142857143,48129.9,94386.96
1,303.2,311.2,1363,46.7,29,1,8.0,0.9666666666666667,63652.100000000006,94355.84
1,303.2,311.2,1404,50.9,31,0,8.0,0.96875,71463.59999999999,94355.84
2,303.2,311.2,1688,31.9,33,0,8.0,0.9705882352941176,53847.2,94355.84
1,303.3,311.4,1510,37.3,36,0,8.099999999999966,0.972972972972973,56322.99999999999,94447.62
0,303.3,311.3,1502,39.5,38,0,8.0,0.9743589743589743,59329.0,94417.29000000001
0,303.2,311.4,1607,36.6,43,0,8.199999999999989,0.9772727272727273,58816.200000000004,94416.48
2,303.3,311.5,1384,54.8,48,0,8.199999999999989,0.9795918367346939,75843.2,94477.95
1,303.4,311.7,1295,51.3,51,1,8.300000000000011,0.9807692307692307,66433.5,94569.77999999998
0,303.4,311.7,1991,19.0,53,0,8.300000000000011,0.9814814814814815,37829.0,94569.77999999998
1,303.4,311.6,1497,42.8,58,0,8.200000000000045,0.9830508474576272,64071.6,94539.44
1,303.5,311.6,1465,48.7,60,0,8.100000000000023,0.9836065573770492,71345.5,94570.6
1,303.5,311.6,1361,46.5,62,1,8.100000000000023,0.9841269841269841,63286.5,94570.6
1,303.6,311.7,1546,38.5,64,0,8.099999999999966,0.9846153846153847,59521.0,94632.12000000001
0,303.7,311.9,1332,52.7,66,1,8.199999999999989,0.9850746268656716,70196.40000000001,94724.02999999998
2,303.7,312.0,2663,11.4,71,1,8.300000000000011,0.9861111111111112,30358.2,94754.4
1,303.7,312.1,1443,45.9,74,0,8.400000000000034,0.9866666666666667,66233.7,94784.77
2,303.7,312.0,1402,48.6,76,0,8.300000000000011,0.987012987012987,68137.2,94754.4
1,303.7,312.0,1892,22.5,79,0,8.300000000000011,0.9875,42570.0,94754.4
2,303.6,312.0,1645,35.7,81,0,8.399999999999977,0.9878048780487805,58726.50000000001,94723.20000000001
1,303.6,311.9,1473,50.1,84,0,8.299999999999955,0.9882352941176471,73797.3,94692.84
1,303.6,312.0,1309,52.9,86,1,8.399999999999977,0.9885057471264368,69246.09999999999,94723.20000000001
0,303.6,311.9,1544,37.1,88,0,8.299999999999955,0.9887640449438202,57282.4,94692.84
1,303.5,311.9,1344,49.3,93,1,8.399999999999977,0.9893617021276596,66259.2,94661.65
2,303.6,311.9,1617,36.0,95,0,8.299999999999955,0.9895833333333334,58212.0,94692.84
2,303.6,312.0,1435,37.9,98,0,8.399999999999977,0.98989898989899,54386.5,94723.20000000001
1,303.6,312.0,1391,50.3,101,0,8.399999999999977,0.9901960784313726,69967.3,94723.20000000001
1,303.6,312.0,1827,23.3,103,0,8.399999999999977,0.9903846153846154,42569.1,94723.20000000001
1,303.5,312.0,1761,25.8,105,0,8.5,0.9905660377358491,45433.8,94692.0
1,303.5,312.1,1522,36.4,107,0,8.600000000000023,0.9907407407407407,55400.799999999996,94722.35
2,303.5,312.2,1818,23.6,109,0,8.699999999999989,0.990909090909091,42904.8,94752.7
0,303.6,312.2,1371,54.6,112,1,8.599999999999966,0.9911504424778761,74856.6,94783.92
1,303.7,312.3,1511,38.9,117,0,8.600000000000023,0.9915254237288136,58777.9,94845.51
1,303.7,312.4,1404,46.6,119,0,8.699999999999989,0.9916666666666667,65426.4,94875.87999999999
1,303.7,312.3,1384,45.9,121,0,8.600000000000023,0.9918032786885246,63525.6,94845.51
1,303.8,312.5,1368,52.6,123,0,8.699999999999989,0.9919354838709677,71956.8,94937.5
1,303.7,312.5,1641,36.0,125,0,8.800000000000011,0.9920634920634921,59076.0,94906.25
1,303.9,312.6,1642,32.3,127,0,8.700000000000045,0.9921875,53036.6,94999.14
0,303.9,312.7,1401,50.0,129,0,8.800000000000011,0.9923076923076923,70050.0,95029.52999999998
1,303.8,312.6,1577,41.3,134,0,8.800000000000011,0.9925925925925926,65130.1,94967.88
1,303.7,312.6,1396,44.1,136,0,8.900000000000034,0.9927007299270073,61563.6,94936.62000000001
0,303.7,312.6,1514,35.5,138,0,8.900000000000034,0.9928057553956835,53747.0,94936.62000000001
1,303.8,312.8,1646,35.8,143,0,9.0,0.9930555555555556,58926.799999999996,95028.64000000001
1,303.8,312.8,1443,40.7,145,0,9.0,0.9931506849315068,58730.100000000006,95028.64000000001
2,303.7,312.7,1469,48.5,147,0,9.0,0.9932432432432432,71246.5,94966.98999999999
0,303.7,312.7,1564,40.2,150,0,9.0,0.9933774834437086,62872.8,94966.98999999999
0,303.6,312.6,1498,40.2,155,0,9.0,0.9935897435897436,60219.600000000006,94905.36000000002
1,303.6,312.6,1699,27.9,160,0,9.0,0.9937888198757764,47402.1,94905.36000000002
1,303.6,312.5,1431,49.0,162,0,8.899999999999977,0.9938650306748467,70119.0,94875.0
1,303.5,312.4,1390,47.3,164,0,8.899999999999977,0.9939393939393939,65747.0,94813.4
1,303.5,312.5,1380,46.1,166,0,9.0,0.9940119760479041,63618.0,94843.75
1,303.5,312.5,1457,46.4,168,0,9.0,0.9940828402366864,67604.8,94843.75
1,303.5,312.5,1418,42.2,170,0,9.0,0.9941520467836257,59839.600000000006,94843.75
2,303.5,312.5,1353,51.0,172,0,9.0,0.9942196531791907,69003.0,94843.75
1,303.5,312.4,1574,32.7,175,0,8.899999999999977,0.9943181818181818,51469.8,94813.4
2,303.5,312.4,1318,54.2,177,0,8.899999999999977,0.9943820224719101,71435.6,94813.4
1,303.6,312.5,1710,31.4,180,0,8.899999999999977,0.994475138121547,53694.0,94875.0
1,303.7,312.6,1621,38.8,182,0,8.900000000000034,0.994535519125683,62894.799999999996,94936.62000000001
1,303.6,312.6,1606,33.6,184,0,9.0,0.9945945945945946,53961.600000000006,94905.36000000002
0,303.6,312.5,1375,54.0,186,0,8.899999999999977,0.9946524064171123,74250.0,94875.0
1,303.5,312.4,1503,36.5,191,0,8.899999999999977,0.9947916666666666,54859.5,94813.4
1,303.5,312.3,1404,48.6,193,0,8.800000000000011,0.9948453608247423,68234.40000000001,94783.05
1,303.4,312.2,1656,32.7,195,0,8.800000000000011,0.9948979591836735,54151.200000000004,94721.48
2,303.4,312.1,1499,39.4,197,0,8.700000000000045,0.9949494949494949,59060.6,94691.14
2,303.4,312.0,1748,28.4,200,0,8.600000000000023,0.9950248756218906,49643.2,94660.79999999999
1,303.4,311.9,1531,37.9,203,0,8.5,0.9950980392156863,58024.9,94630.45999999999
2,303.3,311.8,1536,40.6,205,0,8.5,0.9951456310679612,62361.600000000006,94568.94
1,303.4,311.8,1401,53.0,208,1,8.400000000000034,0.9952153110047847,74253.0,94600.12
0,303.4,311.9,1534,33.2,210,0,8.5,0.995260663507109,50928.8,94630.45999999999
1,303.4,312.0,1521,35.9,215,1,8.600000000000023,0.9953703703703703,54603.9,94660.79999999999
1,303.5,312.1,1674,30.8,0,0,8.600000000000023,0.0,51559.200000000004,94722.35
2,303.6,312.1,1967,20.9,2,0,8.5,0.6666666666666666,41110.299999999996,94753.56000000001
1,303.6,312.2,1696,30.7,5,0,8.599999999999966,0.8333333333333334,52067.2,94783.92
2,303.6,312.1,1627,32.5,7,0,8.5,0.875,52877.5,94753.56000000001
1,303.5,311.9,1405,45.6,10,0,8.399999999999977,0.9090909090909091,64068.0,94661.65
1,303.5,311.9,1565,38.9,12,0,8.399999999999977,0.9230769230769231,60878.5,94661.65
1,303.5,311.9,1493,38.7,14,0,8.399999999999977,0.9333333333333333,57779.100000000006,94661.65
1,303.4,311.8,1499,45.0,16,0,8.400000000000034,0.9411764705882353,67455.0,94600.12
1,303.3,311.8,1692,30.6,18,0,8.5,0.9473684210526315,51775.200000000004,94568.94
1,303.4,311.8,2268,15.8,20,0,8.400000000000034,0.9523809523809523,35834.4,94600.12
1,303.4,311.8,1438,58.9,22,0,8.400000000000034,0.9565217391304348,84698.2,94600.12
1,303.5,311.9,1515,39.2,24,0,8.399999999999977,0.96,59388.00000000001,94661.65
1,303.4,311.9,1491,38.2,26,0,8.5,0.9629629629629629,56956.200000000004,94630.45999999999
1,303.5,312.0,1756,29.7,28,0,8.5,0.9655172413793104,52153.2,94692.0
1,303.5,312.0,1366,54.5,30,1,8.5,0.967741935483871,74447.0,94692.0
1,303.5,312.0,1436,45.1,32,0,8.5,0.9696969696969697,64763.6,94692.0
1,303.4,311.9,1377,41.6,34,1,8.5,0.9714285714285714,57283.200000000004,94630.45999999999
2,303.4,311.9,1510,42.2,36,0,8.5,0.972972972972973,63722.00000000001,94630.45999999999
2,303.4,311.9,1419,50.9,39,0,8.5,0.975,72227.09999999999,94630.45999999999
1,303.3,311.8,1315,62.0,42,1,8.5,0.9767441860465116,81530.0,94568.94
0,303.3,311.8,1806,27.7,44,0,8.5,0.9777777777777777,50026.2,94568.94
0,303.3,311.8,1649,29.4,49,0,8.5,0.98,48480.6,94568.94
0,303.4,311.9,1402,50.0,54,0,8.5,0.9818181818181818,70100.0,94630.45999999999
1,303.4,311.9,1298,63.9,59,1,8.5,0.9833333333333333,82942.2,94630.45999999999
2,303.3,311.8,1441,44.9,61,0,8.5,0.9838709677419355,64700.9,94568.94
2,303.3,311.8,1489,49.4,64,0,8.5,0.9846153846153847,73556.59999999999,94568.94
1,303.3,311.8,1842,24.5,67,0,8.5,0.9852941176470589,45129.0,94568.94
2,303.4,311.8,1316,50.9,69,1,8.400000000000034,0.9857142857142858,66984.4,94600.12
2,303.3,311.8,1583,33.3,72,0,8.5,0.9863013698630136,52713.899999999994,94568.94
2,303.3,311.8,1548,33.5,75,0,8.5,0.9868421052631579,51858.0,94568.94
1,303.4,311.9,1434,44.6,78,0,8.5,0.9873417721518988,63956.4,94630.45999999999
0,303.5,312.0,1397,52.9,80,0,8.5,0.9876543209876543,73901.3,94692.0
2,303.5,312.0,1475,42.9,85,0,8.5,0.9883720930232558,63277.5,94692.0
1,303.5,312.0,1441,56.8,88,0,8.5,0.9887640449438202,81848.8,94692.0
1,303.7,312.1,1363,51.8,90,1,8.400000000000034,0.989010989010989,70603.4,94784.77
1,303.7,312.2,1619,34.9,92,0,8.5,0.989247311827957,56503.1,94815.14
1,303.7,312.2,1487,34.0,94,0,8.5,0.9894736842105263,50558.0,94815.14
1,303.7,312.2,1568,33.8,96,0,8.5,0.9896907216494846,52998.399999999994,94815.14
1,303.7,312.3,1375,46.2,98,0,8.600000000000023,0.98989898989899,63525.00000000001,94845.51
2,303.6,312.3,1698,31.3,100,0,8.699999999999989,0.9900990099009901,53147.4,94814.28000000001
1,303.7,312.3,1606,37.4,103,0,8.600000000000023,0.9903846153846154,60064.399999999994,94845.51
1,303.7,312.3,1349,51.0,105,0,8.600000000000023,0.9905660377358491,68799.0,94845.51
1,303.7,312.4,1535,38.6,107,0,8.699999999999989,0.9907407407407407,59251.0,94875.87999999999
2,303.6,312.4,1504,49.5,109,0,8.799999999999955,0.990909090909091,74448.0,94844.64
1,303.5,312.3,1946,21.1,112,0,8.800000000000011,0.9911504424778761,41060.600000000006,94783.05
1,303.5,312.1,1326,55.7,114,0,8.600000000000023,0.991304347826087,73858.2,94722.35
2,303.6,312.3,1915,22.3,116,0,8.699999999999989,0.9914529914529915,42704.5,94814.28000000001
1,303.6,312.3,1451,43.4,119,0,8.699999999999989,0.9916666666666667,62973.4,94814.28000000001
2,303.5,312.3,1624,34.8,121,0,8.800000000000011,0.9918032786885246,56515.2,94783.05
1,303.6,312.4,1781,28.7,124,0,8.799999999999955,0.992,51114.7,94844.64
1,303.6,312.5,1345,54.1,126,0,8.899999999999977,0.9921259842519685,72764.5,94875.0
1,303.6,312.4,1418,46.0,128,0,8.799999999999955,0.9922480620155039,65228.0,94844.64
1,303.7,312.4,1718,26.5,130,0,8.699999999999989,0.9923664122137404,45527.0,94875.87999999999
2,303.7,312.4,1631,28.5,132,0,8.699999999999989,0.9924812030075187,46483.5,94875.87999999999
1,303.7,312.4,1513,40.1,135,0,8.699999999999989,0.9926470588235294,60671.3,94875.87999999999
1,303.7,312.4,1316,59.3,137,0,8.699999999999989,0.9927536231884058,78038.8,94875.87999999999
2,303.7,312.4,1474,38.8,139,0,8.699999999999989,0.9928571428571429,57191.2,94875.87999999999
1,303.8,312.5,1619,30.9,142,0,8.699999999999989,0.993006993006993,50027.1,94937.5
1,303.7,312.4,1702,31.2,144,0,8.699999999999989,0.993103448275862,53102.4,94875.87999999999
2,303.7,312.4,1540,37.4,146,0,8.699999999999989,0.9931972789115646,57596.0,94875.87999999999
2,303.7,312.4,1546,33.7,149,0,8.699999999999989,0.9933333333333333,52100.200000000004,94875.87999999999
1,303.7,312.4,1348,51.0,152,0,8.699999999999989,0.9934640522875817,68748.0,94875.87999999999
0,303.7,312.5,1520,35.6,154,0,8.800000000000011,0.9935483870967742,54112.0,94906.25
2,303.8,312.6,1527,41.9,159,0,8.800000000000011,0.99375,63981.299999999996,94967.88
2,303.8,312.6,1406,47.1,162,0,8.800000000000011,0.9938650306748467,66222.6,94967.88
1,303.7,312.5,1462,46.2,165,0,8.800000000000011,0.9939759036144579,67544.40000000001,94906.25
2,303.8,312.6,1684,29.3,167,0,8.800000000000011,0.9940476190476191,49341.200000000004,94967.88
0,303.8,312.5,1655,28.0,170,0,8.699999999999989,0.9941520467836257,46340.0,94937.5
0,303.8,312.5,1748,25.1,175,0,8.699999999999989,0.9943181818181818,43874.8,94937.5
1,303.8,312.5,1372,45.7,180,0,8.699999999999989,0.994475138121547,62700.4,94937.5
1,303.7,312.5,1481,33.3,182,0,8.800000000000011,0.994535519125683,49317.299999999996,94906.25
1,303.7,312.4,1512,39.2,184,0,8.699999999999989,0.9945945945945946,59270.4,94875.87999999999
1,303.7,312.5,1632,36.6,186,0,8.800000000000011,0.9946524064171123,59731.200000000004,94906.25
1,303.7,312.4,1525,43.9,188,0,8.699999999999989,0.9947089947089947,66947.5,94875.87999999999
2,303.7,312.3,1756,26.4,190,0,8.600000000000023,0.9947643979057592,46358.399999999994,94845.51
1,303.7,312.3,1922,23.1,193,0,8.600000000000023,0.9948453608247423,44398.200000000004,94845.51
2,303.8,312.5,1448,44.3,195,0,8.699999999999989,0.9948979591836735,64146.399999999994,94937.5
0,303.8,312.5,1447,46.6,198,0,8.699999999999989,0.9949748743718593,67430.2,94937.5
2,303.8,312.4,1597,33.4,203,0,8.599999999999966,0.9950980392156863,53339.799999999996,94907.12
2,303.7,312.4,1642,32.3,206,0,8.699999999999989,0.9951690821256038,53036.6,94875.87999999999
0,303.8,312.5,1525,38.0,209,0,8.699999999999989,0.9952380952380953,57950.0,94937.5
0,303.6,312.4,1460,53.7,214,0,8.799999999999955,0.9953488372093023,78402.0,94844.64
1,303.6,312.3,2168,17.7,219,0,8.699999999999989,0.9954545454545455,38373.6,94814.28000000001
1,303.6,312.4,1388,41.9,221,0,8.799999999999955,0.9954954954954955,58157.2,94844.64
2,303.6,312.3,1630,32.4,223,0,8.699999999999989,0.9955357142857143,52812.0,94814.28000000001
1,303.6,312.3,1616,29.3,226,0,8.699999999999989,0.9955947136563876,47348.8,94814.28000000001
1,303.6,312.4,2232,16.8,0,0,8.799999999999955,0.0,37497.6,94844.64
0,303.6,312.4,1480,50.7,2,0,8.799999999999955,0.6666666666666666,75036.0,94844.64
1,303.6,312.4,1363,53.1,7,0,8.799999999999955,0.875,72375.3,94844.64
0,303.6,312.4,1436,45.6,9,0,8.799999999999955,0.9,65481.6,94844.64
2,303.6,312.5,1607,33.7,14,0,8.899999999999977,0.9333333333333333,54155.9,94875.0
2,303.6,312.5,1459,48.2,17,0,8.899999999999977,0.9444444444444444,70323.8,94875.0
1,303.5,312.4,1481,43.7,20,0,8.899999999999977,0.9523809523809523,64719.700000000004,94813.4
2,303.5,312.4,1606,31.7,22,0,8.899999999999977,0.9565217391304348,50910.2,94813.4
1,303.5,312.3,1681,29.8,25,0,8.800000000000011,0.9615384615384616,50093.8,94783.05
1,303.5,312.2,1511,37.1,27,0,8.699999999999989,0.9642857142857143,56058.1,94752.7
2,303.5,312.3,1593,35.2,29,0,8.800000000000011,0.9666666666666667,56073.600000000006,94783.05
2,303.5,312.3,1532,41.7,32,0,8.800000000000011,0.9696969696969697,63884.4,94783.05
0,303.5,312.3,1386,49.0,35,0,8.800000000000011,0.9722222222222222,67914.0,94783.05
0,303.4,312.3,1769,27.9,40,0,8.900000000000034,0.975609756097561,49355.1,94751.81999999999
2,303.4,312.2,1561,38.2,45,0,8.800000000000011,0.9782608695652174,59630.200000000004,94721.48
1,303.3,312.2,1457,40.7,48,0,8.899999999999977,0.9795918367346939,59299.9,94690.26
1,303.3,312.2,1506,40.0,50,0,8.899999999999977,0.9803921568627451,60240.0,94690.26
1,303.4,312.2,1337,69.4,52,1,8.800000000000011,0.9811320754716981,92787.8,94721.48
1,303.4,312.3,1287,54.8,54,0,8.900000000000034,0.9818181818181818,70527.59999999999,94751.81999999999
2,303.4,312.2,1615,35.7,56,0,8.800000000000011,0.9824561403508771,57655.50000000001,94721.48
2,303.4,312.2,1972,23.5,59,0,8.800000000000011,0.9833333333333333,46342.0,94721.48
0,303.4,312.3,1522,42.1,62,0,8.900000000000034,0.9841269841269841,64076.200000000004,94751.81999999999
1,303.4,312.3,1680,30.6,67,0,8.900000000000034,0.9852941176470589,51408.0,94751.81999999999
1,303.4,312.3,1502,36.0,69,0,8.900000000000034,0.9857142857142858,54072.0,94751.81999999999
2,303.5,312.3,1543,33.3,71,0,8.800000000000011,0.9861111111111112,51381.899999999994,94783.05
1,303.5,312.3,1584,35.2,74,0,8.800000000000011,0.9866666666666667,55756.8,94783.05
1,303.5,312.4,1340,44.5,76,0,8.899999999999977,0.987012987012987,59630.0,94813.4
1,303.4,312.3,1663,33.9,78,0,8.900000000000034,0.9873417721518988,56375.7,94751.81999999999
2,303.3,312.1,1693,30.0,80,0,8.800000000000011,0.9876543209876543,50790.0,94659.93000000001
1,303.3,312.1,1418,44.7,83,0,8.800000000000011,0.9880952380952381,63384.600000000006,94659.93000000001
0,303.4,312.2,1554,36.8,85,0,8.800000000000011,0.9883720930232558,57187.2,94721.48
1,303.4,312.2,1580,35.8,90,0,8.800000000000011,0.989010989010989,56563.99999999999,94721.48
1,303.4,312.3,1479,42.8,92,0,8.900000000000034,0.989247311827957,63301.2,94751.81999999999
1,303.5,312.4,1284,70.6,94,1,8.899999999999977,0.9894736842105263,90650.4,94813.4
1,303.4,312.3,1540,38.7,96,0,8.900000000000034,0.9896907216494846,59598.00000000001,94751.81999999999
2,303.5,312.4,1606,30.1,98,0,8.899999999999977,0.98989898989899,48340.600000000006,94813.4
1,303.6,312.5,1286,62.4,101,0,8.899999999999977,0.9901960784313726,80246.4,94875.0
1,303.6,312.6,1502,39.5,103,0,9.0,0.9903846153846154,59329.0,94905.36000000002
2,303.6,312.7,1699,31.5,105,0,9.099999999999966,0.9905660377358491,53518.5,94935.72
1,303.5,312.6,1602,34.2,108,0,9.100000000000023,0.9908256880733946,54788.4,94874.1
0,303.6,312.6,1436,42.0,110,0,9.0,0.990990990990991,60312.0,94905.36000000002
2,303.6,312.7,1765,27.5,115,0,9.099999999999966,0.9913793103448276,48537.5,94935.72
1,303.6,312.7,1418,44.1,118,0,9.099999999999966,0.9915966386554622,62533.8,94935.72
2,303.7,312.7,1669,31.7,120,0,9.0,0.9917355371900827,52907.299999999996,94966.98999999999
1,303.7,312.7,1395,53.9,123,0,9.0,0.9919354838709677,75190.5,94966.98999999999
2,303.8,312.7,1500,41.7,125,0,8.899999999999977,0.9920634920634921,62550.00000000001,94998.26
2,303.8,312.7,1555,33.4,128,0,8.899999999999977,0.9922480620155039,51937.0,94998.26
2,303.8,312.7,1919,20.2,131,0,8.899999999999977,0.9924242424242424,38763.799999999996,94998.26
1,303.8,312.7,1596,36.6,134,0,8.899999999999977,0.9925925925925926,58413.600000000006,94998.26
2,303.8,312.7,1374,53.6,136,0,8.899999999999977,0.9927007299270073,73646.40000000001,94998.26
1,303.7,312.5,1670,26.1,139,0,8.800000000000011,0.9928571428571429,43587.0,94906.25
1,303.7,312.6,1702,29.1,141,0,8.900000000000034,0.9929577464788732,49528.200000000004,94936.62000000001
2,303.8,312.5,1366,45.1,143,0,8.699999999999989,0.9930555555555556,61606.6,94937.5
2,303.8,312.5,2344,15.2,146,0,8.699999999999989,0.9931972789115646,35628.799999999996,94937.5
2,303.8,312.6,1768,23.9,149,0,8.800000000000011,0.9933333333333333,42255.2,94967.88
1,303.8,312.5,1523,47.0,152,0,8.699999999999989,0.9934640522875817,71581.0,94937.5
1,303.8,312.6,1735,25.9,154,0,8.800000000000011,0.9935483870967742,44936.5,94967.88
1,303.9,312.7,1339,62.3,156,0,8.800000000000011,0.9936305732484076,83419.7,95029.52999999998
1,303.9,312.7,1800,24.3,158,0,8.800000000000011,0.9937106918238994,43740.0,95029.52999999998
2,304.0,312.7,1456,51.2,160,0,8.699999999999989,0.9937888198757764,74547.2,95060.8
1,303.9,312.7,1789,24.4,163,0,8.800000000000011,0.9939024390243902,43651.6,95029.52999999998
1,303.9,312.7,1602,33.9,165,0,8.800000000000011,0.9939759036144579,54307.799999999996,95029.52999999998
2,303.8,312.7,1364,49.3,167,0,8.899999999999977,0.9940476190476191,67245.2,94998.26
1,303.8,312.6,1793,28.1,170,0,8.800000000000011,0.9941520467836257,50383.3,94967.88
1,303.9,312.6,1426,53.4,172,0,8.700000000000045,0.9942196531791907,76148.4,94999.14
2,303.9,312.7,1485,43.3,174,0,8.800000000000011,0.9942857142857143,64300.49999999999,95029.52999999998
1,303.9,312.7,1528,38.4,177,0,8.800000000000011,0.9943820224719101,58675.2,95029.52999999998
1,303.8,312.6,1565,36.0,179,0,8.800000000000011,0.9944444444444445,56340.0,94967.88
1,303.8,312.7,1838,27.8,181,0,8.899999999999977,0.9945054945054945,51096.4,94998.26
0,303.8,312.6,1811,24.9,183,0,8.800000000000011,0.9945652173913043,45093.899999999994,94967.88
1,303.8,312.7,1461,38.2,188,0,8.899999999999977,0.9947089947089947,55810.200000000004,94998.26
1,303.8,312.7,1414,41.7,190,0,8.899999999999977,0.9947643979057592,58963.8,94998.26
1,303.7,312.7,1426,45.5,192,0,9.0,0.9948186528497409,64883.0,94966.98999999999
1,303.7,312.7,1359,56.8,194,1,9.0,0.9948717948717949,77191.2,94966.98999999999
1,303.7,312.7,1540,44.8,196,0,9.0,0.9949238578680203,68992.0,94966.98999999999
1,303.6,312.7,1429,47.7,198,0,9.099999999999966,0.9949748743718593,68163.3,94935.72
2,303.7,312.7,1612,36.3,200,0,9.0,0.9950248756218906,58515.6,94966.98999999999
2,303.7,312.8,1685,31.8,203,0,9.100000000000023,0.9950980392156863,53583.0,94997.36
2,303.7,312.8,1558,37.7,206,0,9.100000000000023,0.9951690821256038,58736.600000000006,94997.36
1,303.7,313.0,1811,24.3,209,0,9.300000000000011,0.9952380952380953,44007.3,95058.09999999999
1,303.8,313.1,1869,25.8,211,0,9.300000000000011,0.9952830188679245,48220.200000000004,95119.78000000001
1,303.8,313.1,1256,58.7,213,1,9.300000000000011,0.9953271028037384,73727.2,95119.78000000001
2,303.8,313.0,1789,23.5,215,0,9.199999999999989,0.9953703703703703,42041.5,95089.40000000001
1,303.7,312.9,1502,40.5,0,0,9.199999999999989,0.0,60831.0,95027.73
2,303.7,313.0,1303,54.4,2,0,9.300000000000011,0.6666666666666666,70883.2,95058.09999999999
1,303.8,313.1,2497,13.0,5,1,9.300000000000011,0.8333333333333334,32461.0,95119.78000000001
1,303.9,313.2,1499,37.4,7,0,9.300000000000011,0.875,56062.6,95181.48
1,303.9,313.2,1393,46.5,9,0,9.300000000000011,0.9,64774.5,95181.48
2,303.9,313.0,1475,41.0,11,0,9.100000000000023,0.9166666666666666,60475.0,95120.7
1,303.8,312.9,1573,34.6,14,0,9.099999999999966,0.9333333333333333,54425.8,95059.01999999999
1,303.8,312.9,1819,23.7,16,0,9.099999999999966,0.9411764705882353,43110.299999999996,95059.01999999999
2,303.5,312.6,1642,29.4,18,0,9.100000000000023,0.9473684210526315,48274.799999999996,94874.1
1,303.6,312.6,1540,39.8,21,0,9.0,0.9545454545454546,61291.99999999999,94905.36000000002
2,303.6,312.8,1400,43.2,23,0,9.199999999999989,0.9583333333333334,60480.00000000001,94966.08000000002
2,303.6,312.8,2659,11.4,26,1,9.199999999999989,0.9629629629629629,30312.600000000002,94966.08000000002
2,303.6,312.8,1825,25.2,29,0,9.199999999999989,0.9666666666666667,45990.0,94966.08000000002
2,303.7,312.9,1532,41.3,32,0,9.199999999999989,0.9696969696969697,63271.6,95027.73
1,303.7,312.8,1832,23.6,35,0,9.100000000000023,0.9722222222222222,43235.200000000004,94997.36
2,303.6,312.7,2174,17.6,37,0,9.099999999999966,0.9736842105263158,38262.4,94935.72
1,303.7,312.8,1627,31.7,40,0,9.100000000000023,0.975609756097561,51575.9,94997.36
1,303.7,312.8,1437,51.3,42,0,9.100000000000023,0.9767441860465116,73718.09999999999,94997.36
1,303.7,312.8,1364,46.3,44,0,9.100000000000023,0.9777777777777777,63153.2,94997.36
2,303.7,312.9,1444,52.7,46,0,9.199999999999989,0.9787234042553191,76098.8,95027.73
2,303.7,312.8,1366,47.3,49,0,9.100000000000023,0.98,64611.799999999996,94997.36
1,303.8,312.9,1442,48.3,52,0,9.099999999999966,0.9811320754716981,69648.59999999999,95059.01999999999
0,303.7,312.8,1488,42.8,54,0,9.100000000000023,0.9818181818181818,63686.399999999994,94997.36
1,303.7,312.8,1523,40.7,59,0,9.100000000000023,0.9833333333333333,61986.100000000006,94997.36
1,303.7,312.8,1543,38.3,61,0,9.100000000000023,0.9838709677419355,59096.899999999994,94997.36
2,303.7,312.8,1634,33.8,63,0,9.100000000000023,0.984375,55229.2,94997.36
2,303.8,312.9,1815,27.8,66,0,9.099999999999966,0.9850746268656716,50457.0,95059.01999999999
2,303.8,312.9,1594,35.2,69,0,9.099999999999966,0.9857142857142858,56108.8,95059.01999999999
1,303.8,313.0,1452,38.6,72,0,9.199999999999989,0.9863013698630136,56047.200000000004,95089.40000000001
1,303.9,313.0,1759,28.4,74,0,9.100000000000023,0.9866666666666667,49955.6,95120.7
1,303.9,313.0,1408,47.5,76,0,9.100000000000023,0.987012987012987,66880.0,95120.7
1,303.9,313.0,1483,45.0,78,0,9.100000000000023,0.9873417721518988,66735.0,95120.7
2,303.9,313.0,1620,36.6,80,0,9.100000000000023,0.9876543209876543,59292.0,95120.7
2,304.0,313.1,1466,39.5,83,0,9.100000000000023,0.9880952380952381,57907.0,95182.40000000001
1,304.1,313.1,1556,36.3,86,0,9.0,0.9885057471264368,56482.799999999996,95213.71000000002
1,304.0,313.0,1350,61.1,88,0,9.0,0.9887640449438202,82485.0,95152.0
1,304.0,313.1,1404,47.1,90,0,9.100000000000023,0.989010989010989,66128.40000000001,95182.40000000001
2,304.0,313.0,1575,34.5,92,0,9.0,0.989247311827957,54337.5,95152.0
1,303.9,313.1,1639,29.0,95,0,9.200000000000045,0.9895833333333334,47531.0,95151.09
2,303.9,313.1,1473,42.8,97,0,9.200000000000045,0.9897959183673469,63044.399999999994,95151.09
1,303.9,313.2,1481,40.0,100,0,9.300000000000011,0.9900990099009901,59240.0,95181.48
1,304.0,313.3,1294,54.6,102,0,9.300000000000011,0.9902912621359223,70652.40000000001,95243.2
2,303.9,313.2,1630,29.3,104,0,9.300000000000011,0.9904761904761905,47759.0,95181.48
2,303.9,313.2,1624,39.8,107,0,9.300000000000011,0.9907407407407407,64635.2,95181.48
2,303.9,313.1,1437,48.3,110,0,9.200000000000045,0.990990990990991,69407.09999999999,95151.09
2,303.8,313.0,1514,45.0,113,0,9.199999999999989,0.9912280701754386,68130.0,95089.40000000001
2,304.0,313.1,1694,31.4,116,0,9.100000000000023,0.9914529914529915,53191.6,95182.40000000001
1,304.0,313.1,1564,50.9,119,0,9.100000000000023,0.9916666666666667,79607.59999999999,95182.40000000001
2,303.9,313.1,1514,41.1,121,0,9.200000000000045,0.9918032786885246,62225.4,95151.09
2,304.0,313.2,1500,40.6,124,0,9.199999999999989,0.992,60900.0,95212.8
1,304.0,313.2,1615,37.8,127,0,9.199999999999989,0.9921875,61046.99999999999,95212.8
2,304.1,313.2,1586,41.1,129,0,9.099999999999966,0.9923076923076923,65184.600000000006,95244.12000000001
1,304.1,313.3,1732,28.5,132,0,9.199999999999989,0.9924812030075187,49362.0,95274.53000000001
0,304.1,313.3,1689,32.5,134,0,9.199999999999989,0.9925925925925926,54892.5,95274.53000000001
0,304.1,313.2,1586,34.6,139,0,9.099999999999966,0.9928571428571429,54875.600000000006,95244.12000000001
1,304.0,313.2,1314,47.1,144,0,9.199999999999989,0.993103448275862,61889.4,95212.8
1,304.1,313.2,1569,35.8,146,0,9.099999999999966,0.9931972789115646,56170.2,95244.12000000001
1,304.1,313.2,1468,39.4,148,0,9.099999999999966,0.9932885906040269,57839.2,95244.12000000001
1,304.1,313.2,1412,47.5,150,0,9.099999999999966,0.9933774834437086,67070.0,95244.12000000001
2,304.1,313.2,1510,46.9,152,0,9.099999999999966,0.9934640522875817,70819.0,95244.12000000001
2,304.1,313.2,1410,42.4,155,0,9.099999999999966,0.9935897435897436,59784.0,95244.12000000001
2,304.1,313.3,1680,29.3,158,0,9.199999999999989,0.9937106918238994,49224.0,95274.53000000001
0,304.0,313.2,1271,68.6,161,1,9.199999999999989,0.9938271604938271,87190.59999999999,95212.8
0,304.0,313.1,1472,45.5,166,0,9.100000000000023,0.9940119760479041,66976.0,95182.40000000001
0,304.0,313.0,1701,30.4,171,0,9.0,0.9941860465116279,51710.399999999994,95152.0
1,303.9,313.0,1480,39.9,176,0,9.100000000000023,0.9943502824858758,59052.0,95120.7
1,303.9,313.0,1433,48.4,178,0,9.100000000000023,0.994413407821229,69357.2,95120.7
1,303.8,312.9,1514,34.3,180,0,9.099999999999966,0.994475138121547,51930.2,95059.01999999999
1,303.8,312.9,1619,35.7,182,0,9.099999999999966,0.994535519125683,57798.3,95059.01999999999
0,303.8,312.9,1378,45.6,184,0,9.099999999999966,0.9945945945945946,62836.8,95059.01999999999
2,303.9,312.9,1430,53.5,189,0,9.0,0.9947368421052631,76505.0,95090.30999999998
1,303.8,312.9,1367,49.9,192,0,9.099999999999966,0.9948186528497409,68213.3,95059.01999999999
1,303.9,312.9,1526,42.5,194,0,9.0,0.9948717948717949,64855.0,95090.30999999998
1,303.9,312.8,1419,47.9,196,0,8.900000000000034,0.9949238578680203,67970.09999999999,95059.92
1,304.0,312.8,1542,42.7,198,0,8.800000000000011,0.9949748743718593,65843.40000000001,95091.2
1,304.0,312.9,1363,62.5,200,1,8.899999999999977,0.9950248756218906,85187.5,95121.59999999999
1,304.0,312.9,1313,53.9,202,0,8.899999999999977,0.9950738916256158,70770.7,95121.59999999999
0,304.0,312.9,1495,46.6,0,0,8.899999999999977,0.0,69667.0,95121.59999999999
1,304.0,313.0,1407,42.1,5,0,9.0,0.8333333333333334,59234.700000000004,95152.0
1,304.1,313.0,1566,37.2,7,0,8.899999999999977,0.875,58255.200000000004,95183.3
1,304.1,313.1,1550,30.9,9,0,9.0,0.9,47895.0,95213.71000000002
2,304.2,313.2,1396,50.5,11,0,9.0,0.9166666666666666,70498.0,95275.43999999999
2,304.3,313.3,1540,39.0,14,0,9.0,0.9333333333333333,60060.0,95337.19
2,304.2,313.2,1380,48.7,17,0,9.0,0.9444444444444444,67206.0,95275.43999999999
2,304.2,313.1,1608,31.1,20,0,8.900000000000034,0.9523809523809523,50008.8,95245.02
0,304.2,313.0,1442,40.9,23,0,8.800000000000011,0.9583333333333334,58977.799999999996,95214.59999999999
1,304.1,313.0,1408,45.3,28,0,8.899999999999977,0.9655172413793104,63782.399999999994,95183.3
2,304.0,313.0,1454,46.8,30,0,9.0,0.967741935483871,68047.2,95152.0
1,304.1,313.1,1666,34.6,33,0,9.0,0.9705882352941176,57643.600000000006,95213.71000000002
1,304.1,313.2,1366,46.6,35,0,9.099999999999966,0.9722222222222222,63655.6,95244.12000000001
1,304.2,313.2,1464,44.9,37,0,9.0,0.9736842105263158,65733.59999999999,95275.43999999999
1,304.3,313.3,1775,24.9,39,0,9.0,0.975,44197.5,95337.19
2,304.3,313.4,1482,43.8,41,0,9.099999999999966,0.9761904761904762,64911.6,95367.62
2,304.2,313.4,1411,54.8,44,0,9.199999999999989,0.9777777777777777,77322.8,95336.27999999998
1,304.2,313.3,1410,51.6,47,0,9.100000000000023,0.9791666666666666,72756.0,95305.86
2,304.1,313.3,1494,39.0,49,0,9.199999999999989,0.98,58266.0,95274.53000000001
0,304.1,313.2,1590,43.4,52,0,9.099999999999966,0.9811320754716981,69006.0,95244.12000000001
1,304.1,313.1,1327,54.1,57,0,9.0,0.9827586206896551,71790.7,95213.71000000002
1,304.1,313.1,1969,20.8,59,0,9.0,0.9833333333333333,40955.200000000004,95213.71000000002
2,304.0,313.0,1377,56.0,61,0,9.0,0.9838709677419355,77112.0,95152.0
1,304.0,313.0,1541,45.9,64,0,9.0,0.9846153846153847,70731.9,95152.0
2,304.0,313.0,1685,28.2,66,0,9.0,0.9850746268656716,47517.0,95152.0
1,304.0,313.1,1465,41.0,69,0,9.100000000000023,0.9857142857142858,60065.0,95182.40000000001
2,303.9,313.1,1483,47.2,71,0,9.200000000000045,0.9861111111111112,69997.6,95151.09
2,303.9,313.2,1570,40.7,74,0,9.300000000000011,0.9866666666666667,63899.00000000001,95181.48
1,303.9,313.2,1345,48.2,77,0,9.300000000000011,0.9871794871794872,64829.00000000001,95181.48
2,303.9,313.2,1608,40.6,79,0,9.300000000000011,0.9875,65284.8,95181.48
2,304.0,313.3,1415,52.8,82,0,9.300000000000011,0.9879518072289156,74712.0,95243.2
2,304.1,313.5,1470,45.8,85,0,9.399999999999977,0.9883720930232558,67326.0,95335.35
2,304.1,313.5,1428,39.9,88,0,9.399999999999977,0.9887640449438202,56977.2,95335.35
0,304.2,313.5,1627,32.2,91,0,9.300000000000011,0.9891304347826086,52389.4,95366.7
1,304.2,313.4,1457,49.4,96,0,9.199999999999989,0.9896907216494846,71975.8,95336.27999999998
1,304.2,313.4,1475,40.2,98,0,9.199999999999989,0.98989898989899,59295.00000000001,95336.27999999998
1,304.2,313.5,1438,50.1,100,0,9.300000000000011,0.9900990099009901,72043.8,95366.7
2,304.2,313.5,1437,47.2,102,0,9.300000000000011,0.9902912621359223,67826.40000000001,95366.7
2,304.1,313.4,1518,42.4,105,0,9.299999999999955,0.9905660377358491,64363.2,95304.94
2,304.1,313.5,1587,33.6,108,0,9.399999999999977,0.9908256880733946,53323.200000000004,95335.35
1,304.1,313.4,1399,43.7,111,0,9.299999999999955,0.9910714285714286,61136.3,95304.94
1,304.1,313.5,1469,44.6,113,0,9.399999999999977,0.9912280701754386,65517.4,95335.35
1,304.1,313.4,1374,56.6,115,0,9.299999999999955,0.9913793103448276,77768.40000000001,95304.94
1,304.0,313.3,1519,36.7,117,0,9.300000000000011,0.9915254237288136,55747.3,95243.2
1,303.9,313.2,1540,44.4,119,0,9.300000000000011,0.9916666666666667,68376.0,95181.48
1,303.9,313.3,1394,51.6,121,0,9.400000000000034,0.9918032786885246,71930.40000000001,95211.87
2,304.0,313.4,1389,45.8,123,0,9.399999999999977,0.9919354838709677,63616.2,95273.59999999999
2,304.0,313.5,1732,26.2,126,0,9.5,0.9921259842519685,45378.4,95304.0
1,304.1,313.6,1556,37.4,129,0,9.5,0.9923076923076923,58194.399999999994,95365.76000000001
2,304.1,313.6,1441,43.7,131,0,9.5,0.9924242424242424,62971.700000000004,95365.76000000001
1,304.1,313.6,1382,46.7,134,0,9.5,0.9925925925925926,64539.4,95365.76000000001
2,304.2,313.8,1481,44.9,136,0,9.600000000000023,0.9927007299270073,66496.9,95457.96
2,304.2,313.7,2113,18.4,139,0,9.5,0.9928571428571429,38879.2,95427.54
1,304.2,313.8,1401,53.9,142,0,9.600000000000023,0.993006993006993,75513.9,95457.96
1,304.1,313.6,1611,31.4,144,0,9.5,0.993103448275862,50585.399999999994,95365.76000000001
2,304.2,313.6,1512,33.4,146,0,9.400000000000034,0.9931972789115646,50500.799999999996,95397.12000000001
1,304.2,313.6,1411,46.0,149,0,9.400000000000034,0.9933333333333333,64906.0,95397.12000000001
2,304.2,313.6,1424,43.7,151,0,9.400000000000034,0.993421052631579,62228.8,95397.12000000001
1,304.2,313.6,1469,40.0,154,0,9.400000000000034,0.9935483870967742,58760.0,95397.12000000001
0,304.2,313.5,1684,29.8,156,0,9.300000000000011,0.9936305732484076,50183.200000000004,95366.7
2,304.2,313.5,1532,41.3,161,0,9.300000000000011,0.9938271604938271,63271.6,95366.7
2,304.2,313.5,1557,37.3,164,0,9.300000000000011,0.9939393939393939,58076.1,95366.7
2,304.3,313.5,1416,48.1,167,0,9.199999999999989,0.9940476190476191,68109.6,95398.05
1,304.3,313.5,1802,25.4,170,0,9.199999999999989,0.9941520467836257,45770.799999999996,95398.05
2,304.3,313.5,2245,15.1,172,0,9.199999999999989,0.9942196531791907,33899.5,95398.05
1,304.2,313.4,1434,42.5,175,0,9.199999999999989,0.9943181818181818,60945.0,95336.27999999998
2,304.1,313.3,1725,28.3,177,0,9.199999999999989,0.9943820224719101,48817.5,95274.53000000001
1,304.2,313.3,1668,35.7,180,0,9.100000000000023,0.994475138121547,59547.600000000006,95305.86
1,304.1,313.3,1452,43.9,182,0,9.199999999999989,0.994535519125683,63742.799999999996,95274.53000000001
1,304.1,313.3,1415,50.0,184,0,9.199999999999989,0.9945945945945946,70750.0,95274.53000000001
1,304.1,313.2,1824,25.8,186,0,9.099999999999966,0.9946524064171123,47059.200000000004,95244.12000000001
1,304.1,313.3,1438,45.5,188,0,9.199999999999989,0.9947089947089947,65429.0,95274.53000000001
1,304.1,313.3,1883,24.5,190,0,9.199999999999989,0.9947643979057592,46133.5,95274.53000000001
1,304.2,313.4,1735,28.9,192,0,9.199999999999989,0.9948186528497409,50141.5,95336.27999999998
1,304.3,313.5,1464,36.7,194,0,9.199999999999989,0.9948717948717949,53728.8,95398.05
2,304.3,313.6,1489,40.3,196,0,9.300000000000011,0.9949238578680203,60006.7,95428.48000000001
2,304.4,313.6,1510,38.9,199,0,9.200000000000045,0.995,58739.0,95459.84
2,304.3,313.6,1585,32.1,202,0,9.300000000000011,0.9950738916256158,50878.5,95428.48000000001
1,304.4,313.7,1509,35.0,205,1,9.300000000000011,0.9951456310679612,52815.0,95490.27999999998
1,304.4,313.6,1568,39.1,0,0,9.200000000000045,0.0,61308.8,95459.84
2,304.3,313.5,1525,42.0,2,0,9.199999999999989,0.6666666666666666,64050.0,95398.05
1,304.4,313.7,1607,33.5,5,0,9.300000000000011,0.8333333333333334,53834.5,95490.27999999998
1,304.5,313.7,1670,32.9,7,0,9.199999999999989,0.875,54943.0,95521.65
1,304.4,313.6,1585,38.9,9,0,9.200000000000045,0.9,61656.5,95459.84
1,304.4,313.6,1569,38.4,11,0,9.200000000000045,0.9166666666666666,60249.6,95459.84
1,304.4,313.6,1507,43.1,13,0,9.200000000000045,0.9285714285714286,64951.700000000004,95459.84
1,304.3,313.5,1452,41.5,15,0,9.199999999999989,0.9375,60258.0,95398.05
1,304.3,313.5,1590,29.8,17,0,9.199999999999989,0.9444444444444444,47382.0,95398.05
1,304.3,313.6,1409,56.0,19,0,9.300000000000011,0.95,78904.0,95428.48000000001
1,304.3,313.5,2643,12.7,21,0,9.199999999999989,0.9545454545454546,33566.1,95398.05
1,304.2,313.4,1644,31.7,23,0,9.199999999999989,0.9583333333333334,52114.799999999996,95336.27999999998
1,304.2,313.4,1568,37.6,25,0,9.199999999999989,0.9615384615384616,58956.8,95336.27999999998
0,304.2,313.3,1625,37.3,27,0,9.100000000000023,0.9642857142857143,60612.49999999999,95305.86
1,304.2,313.4,1482,41.4,32,0,9.199999999999989,0.9696969696969697,61354.799999999996,95336.27999999998
0,304.1,313.3,1397,49.6,34,0,9.199999999999989,0.9714285714285714,69291.2,95274.53000000001
1,304.1,313.3,1459,50.3,39,0,9.199999999999989,0.975,73387.7,95274.53000000001
1,304.2,313.4,1490,44.0,41,0,9.199999999999989,0.9761904761904762,65560.0,95336.27999999998
1,304.1,313.2,1434,50.1,43,0,9.099999999999966,0.9772727272727273,71843.40000000001,95244.12000000001
2,304.1,313.2,2028,18.9,45,0,9.099999999999966,0.9782608695652174,38329.2,95244.12000000001
1,304.2,313.3,1464,45.9,48,0,9.100000000000023,0.9795918367346939,67197.59999999999,95305.86
2,304.2,313.4,1713,23.5,50,0,9.199999999999989,0.9803921568627451,40255.5,95336.27999999998
2,304.3,313.4,1624,32.1,53,0,9.099999999999966,0.9814814814814815,52130.4,95367.62
1,304.2,313.4,1421,43.4,56,0,9.199999999999989,0.9824561403508771,61671.4,95336.27999999998
0,304.2,313.5,1546,41.4,58,0,9.300000000000011,0.9830508474576272,64004.399999999994,95366.7
1,304.2,313.4,1639,32.7,63,0,9.199999999999989,0.984375,53595.3,95336.27999999998
0,304.1,313.4,1696,29.6,65,0,9.299999999999955,0.9848484848484849,50201.600000000006,95304.94
1,304.1,313.3,1470,39.9,70,0,9.199999999999989,0.9859154929577465,58653.0,95274.53000000001
2,304.1,313.3,1480,38.4,72,0,9.199999999999989,0.9863013698630136,56832.0,95274.53000000001
2,304.2,313.4,1329,54.5,75,0,9.199999999999989,0.9868421052631579,72430.5,95336.27999999998
1,304.2,313.4,1740,28.2,78,0,9.199999999999989,0.9873417721518988,49068.0,95336.27999999998
2,304.2,313.5,1739,28.1,80,0,9.300000000000011,0.9876543209876543,48865.9,95366.7
2,304.2,313.5,1390,47.8,83,0,9.300000000000011,0.9880952380952381,66442.0,95366.7
1,304.2,313.4,1740,23.7,86,0,9.199999999999989,0.9885057471264368,41238.0,95336.27999999998
2,304.0,313.3,1844,27.1,88,0,9.300000000000011,0.9887640449438202,49972.4,95243.2
0,304.0,313.1,1388,53.2,91,0,9.100000000000023,0.9891304347826086,73841.6,95182.40000000001
0,304.0,313.2,1517,43.1,96,0,9.199999999999989,0.9896907216494846,65382.700000000004,95212.8
2,304.0,313.1,1450,42.8,101,0,9.100000000000023,0.9901960784313726,62059.99999999999,95182.40000000001
1,304.0,313.2,1584,38.7,104,0,9.199999999999989,0.9904761904761905,61300.8,95212.8
1,304.0,313.1,1720,28.7,106,0,9.100000000000023,0.9906542056074766,49364.0,95182.40000000001
1,303.9,313.1,1586,31.9,108,0,9.200000000000045,0.9908256880733946,50593.399999999994,95151.09
2,303.9,313.0,1901,22.5,110,0,9.100000000000023,0.990990990990991,42772.5,95120.7
1,304.0,313.0,1397,42.4,113,0,9.0,0.9912280701754386,59232.799999999996,95152.0
1,304.0,313.0,2012,21.1,115,0,9.0,0.9913793103448276,42453.200000000004,95152.0
1,304.0,313.0,2354,15.0,117,0,9.0,0.9915254237288136,35310.0,95152.0
1,304.0,313.1,1648,35.7,119,0,9.100000000000023,0.9916666666666667,58833.600000000006,95182.40000000001
1,304.0,313.2,1632,30.6,121,0,9.199999999999989,0.9918032786885246,49939.200000000004,95212.8
2,304.1,313.2,1427,46.9,123,0,9.099999999999966,0.9919354838709677,66926.3,95244.12000000001
1,304.1,313.2,1452,48.0,126,0,9.099999999999966,0.9921259842519685,69696.0,95244.12000000001
1,304.0,313.2,1416,46.0,128,0,9.199999999999989,0.9922480620155039,65136.0,95212.8
1,303.9,313.1,1310,62.9,130,0,9.200000000000045,0.9923664122137404,82399.0,95151.09
0,304.0,313.1,1408,39.8,132,0,9.100000000000023,0.9924812030075187,56038.399999999994,95182.40000000001
2,303.9,313.1,1668,34.4,137,0,9.200000000000045,0.9927536231884058,57379.2,95151.09
1,303.9,313.0,1551,36.8,140,0,9.100000000000023,0.9929078014184397,57076.799999999996,95120.7
0,303.9,313.0,1517,36.0,142,0,9.100000000000023,0.993006993006993,54612.0,95120.7
0,303.8,312.9,1570,35.8,147,0,9.099999999999966,0.9932432432432432,56205.99999999999,95059.01999999999
1,303.8,312.8,1428,53.3,152,0,9.0,0.9934640522875817,76112.4,95028.64000000001
1,303.8,312.8,1503,40.0,154,0,9.0,0.9935483870967742,60120.0,95028.64000000001
1,303.8,312.8,1416,58.7,156,0,9.0,0.9936305732484076,83119.2,95028.64000000001
2,303.7,312.7,1396,47.3,158,0,9.0,0.9937106918238994,66030.8,94966.98999999999
1,303.7,312.7,1335,51.1,161,0,9.0,0.9938271604938271,68218.5,94966.98999999999
2,303.7,312.6,1671,30.5,163,0,8.900000000000034,0.9939024390243902,50965.5,94936.62000000001
1,303.7,312.7,1989,22.4,166,0,9.0,0.9940119760479041,44553.6,94966.98999999999
1,303.7,312.7,1468,43.3,168,0,9.0,0.9940828402366864,63564.399999999994,94966.98999999999
0,303.7,312.6,1711,27.6,170,0,8.900000000000034,0.9941520467836257,47223.600000000006,94936.62000000001
2,303.8,312.7,1488,41.3,175,0,8.899999999999977,0.9943181818181818,61454.399999999994,94998.26
1,303.8,312.7,1664,29.3,178,0,8.899999999999977,0.994413407821229,48755.200000000004,94998.26
2,303.8,312.7,1507,38.5,180,0,8.899999999999977,0.994475138121547,58019.5,94998.26
1,303.7,312.6,1466,42.5,183,0,8.900000000000034,0.9945652173913043,62305.0,94936.62000000001
1,303.7,312.5,1433,53.6,185,0,8.800000000000011,0.9946236559139785,76808.8,94906.25
1,303.7,312.5,1397,45.7,187,0,8.800000000000011,0.9946808510638298,63842.9,94906.25
2,303.7,312.6,1429,43.3,189,0,8.900000000000034,0.9947368421052631,61875.7,94936.62000000001
1,303.7,312.7,1572,37.2,192,0,9.0,0.9948186528497409,58478.4,94966.98999999999
2,303.7,312.7,1532,42.7,194,0,9.0,0.9948717948717949,65416.4,94966.98999999999
2,303.7,312.7,1316,51.8,197,0,9.0,0.9949494949494949,68168.8,94966.98999999999
2,303.8,312.8,1420,47.9,200,0,9.0,0.9950248756218906,68018.0,95028.64000000001
1,303.8,312.9,1589,37.2,203,0,9.099999999999966,0.9950980392156863,59110.8,95059.01999999999
1,303.8,313.0,1365,59.9,205,1,9.199999999999989,0.9951456310679612,81763.5,95089.40000000001
1,303.8,313.0,1633,32.9,207,0,9.199999999999989,0.9951923076923077,53725.7,95089.40000000001
1,303.9,313.0,1626,31.4,209,0,9.100000000000023,0.9952380952380953,51056.399999999994,95120.7
1,303.9,313.1,1665,29.6,0,0,9.200000000000045,0.0,49284.0,95151.09
2,303.9,313.2,1350,47.2,2,0,9.300000000000011,0.6666666666666666,63720.00000000001,95181.48
1,303.9,313.2,1590,31.9,5,0,9.300000000000011,0.8333333333333334,50721.0,95181.48
2,304.0,313.2,1437,53.9,7,0,9.199999999999989,0.875,77454.3,95212.8
1,303.9,313.0,1403,48.3,10,0,9.100000000000023,0.9090909090909091,67764.9,95120.7
1,303.9,313.1,1440,41.1,12,0,9.200000000000045,0.9230769230769231,59184.0,95151.09
2,303.9,313.1,1343,61.4,14,0,9.200000000000045,0.9333333333333333,82460.2,95151.09
0,303.9,313.1,1790,26.7,17,0,9.200000000000045,0.9444444444444444,47793.0,95151.09
2,303.8,313.1,2117,18.6,22,0,9.300000000000011,0.9565217391304348,39376.200000000004,95119.78000000001
1,303.8,313.1,1458,42.2,25,0,9.300000000000011,0.9615384615384616,61527.600000000006,95119.78000000001
1,303.6,312.9,1381,57.8,27,0,9.299999999999955,0.9642857142857143,79821.8,94996.44
1,303.6,312.9,1450,45.3,29,0,9.299999999999955,0.9666666666666667,65685.0,94996.44
1,303.7,312.9,1461,50.1,31,0,9.199999999999989,0.96875,73196.1,95027.73
2,303.7,312.9,1511,41.0,33,0,9.199999999999989,0.9705882352941176,61951.0,95027.73
1,303.8,313.1,1394,45.4,36,0,9.300000000000011,0.972972972972973,63287.6,95119.78000000001
1,303.8,313.0,1499,42.3,38,0,9.199999999999989,0.9743589743589743,63407.7,95089.40000000001
1,303.7,313.0,1457,44.1,40,0,9.300000000000011,0.975609756097561,64253.700000000004,95058.09999999999
1,303.7,313.0,1753,29.0,42,0,9.300000000000011,0.9767441860465116,50837.0,95058.09999999999
1,303.7,313.0,1694,28.0,44,0,9.300000000000011,0.9777777777777777,47432.0,95058.09999999999
1,303.7,313.1,1683,28.4,46,0,9.400000000000034,0.9787234042553191,47797.2,95088.47
1,303.7,313.1,1496,47.4,48,0,9.400000000000034,0.9795918367346939,70910.4,95088.47
1,303.7,313.1,1721,34.8,50,0,9.400000000000034,0.9803921568627451,59890.799999999996,95088.47
1,303.6,313.0,1593,31.6,52,0,9.399999999999977,0.9811320754716981,50338.8,95026.8
1,303.6,313.0,1575,38.3,54,0,9.399999999999977,0.9818181818181818,60322.49999999999,95026.8
1,303.5,313.0,1465,41.0,56,0,9.5,0.9824561403508771,60065.0,94995.5
1,303.6,313.1,1405,38.3,58,0,9.5,0.9830508474576272,53811.49999999999,95057.16000000002
2,303.5,313.0,1902,21.6,60,0,9.5,0.9836065573770492,41083.200000000004,94995.5
2,303.4,312.9,1422,39.9,63,0,9.5,0.984375,56737.799999999996,94933.85999999999
1,303.5,312.9,1332,52.9,66,0,9.399999999999977,0.9850746268656716,70462.8,94965.15
2,303.4,312.9,1307,54.3,68,0,9.5,0.9855072463768116,70970.09999999999,94933.85999999999
1,303.5,313.0,1322,59.5,71,0,9.5,0.9861111111111112,78659.0,94995.5
1,303.5,313.0,1547,40.3,73,0,9.5,0.9864864864864865,62344.1,94995.5
1,303.5,313.1,1897,23.6,75,0,9.600000000000023,0.9868421052631579,44769.200000000004,95025.85
2,303.5,313.0,1403,51.9,77,0,9.5,0.9871794871794872,72815.7,94995.5
1,303.5,313.0,1393,51.6,80,0,9.5,0.9876543209876543,71878.8,94995.5
1,303.5,313.0,1482,38.5,82,0,9.5,0.9879518072289156,57057.0,94995.5
2,303.5,312.9,1572,44.7,84,0,9.399999999999977,0.9882352941176471,70268.40000000001,94965.15
1,303.5,312.9,1544,36.9,87,0,9.399999999999977,0.9886363636363636,56973.6,94965.15
2,303.5,313.0,1492,46.1,89,0,9.5,0.9888888888888889,68781.2,94995.5
1,303.4,312.8,1513,35.8,92,0,9.400000000000034,0.989247311827957,54165.399999999994,94903.51999999999
1,303.4,312.8,1449,43.9,94,0,9.400000000000034,0.9894736842105263,63611.1,94903.51999999999
1,303.5,312.8,1877,22.3,96,0,9.300000000000011,0.9896907216494846,41857.1,94934.8
1,303.4,312.8,1376,53.4,98,0,9.400000000000034,0.98989898989899,73478.4,94903.51999999999
2,303.5,312.9,1883,23.3,100,0,9.399999999999977,0.9900990099009901,43873.9,94965.15
2,303.4,312.8,1518,38.7,103,0,9.400000000000034,0.9903846153846154,58746.600000000006,94903.51999999999
2,303.5,312.9,1438,42.8,106,0,9.399999999999977,0.9906542056074766,61546.399999999994,94965.15
1,303.4,312.9,1389,54.1,109,0,9.5,0.990909090909091,75144.90000000001,94933.85999999999
1,303.5,312.9,1504,44.8,111,0,9.399999999999977,0.9910714285714286,67379.2,94965.15
1,303.5,312.9,1275,64.4,113,0,9.399999999999977,0.9912280701754386,82110.0,94965.15
1,303.6,313.0,1534,39.7,115,0,9.399999999999977,0.9913793103448276,60899.8,95026.8
2,303.6,313.0,1396,38.2,117,0,9.399999999999977,0.9915254237288136,53327.200000000004,95026.8
1,303.6,313.1,1395,44.1,120,0,9.5,0.9917355371900827,61519.5,95057.16000000002
1,303.6,313.0,1617,30.9,122,0,9.399999999999977,0.991869918699187,49965.299999999996,95026.8
1,303.7,313.1,1423,41.2,124,0,9.400000000000034,0.992,58627.600000000006,95088.47
1,303.5,313.0,1606,34.0,126,0,9.5,0.9921259842519685,54604.0,94995.5
1,303.5,312.9,1501,44.0,128,0,9.399999999999977,0.9922480620155039,66044.0,94965.15
2,303.5,312.9,1618,30.4,130,0,9.399999999999977,0.9923664122137404,49187.2,94965.15
1,303.6,313.0,1522,35.8,133,0,9.399999999999977,0.9925373134328358,54487.6,95026.8
1,303.6,312.9,1480,41.4,135,0,9.299999999999955,0.9926470588235294,61272.0,94996.44
2,303.7,313.0,1469,39.9,137,0,9.300000000000011,0.9927536231884058,58613.1,95058.09999999999
0,303.8,313.2,1381,52.4,140,0,9.399999999999977,0.9929078014184397,72364.4,95150.16
1,303.8,313.2,1525,41.9,145,0,9.399999999999977,0.9931506849315068,63897.5,95150.16
2,303.8,313.2,1732,29.6,147,0,9.399999999999977,0.9932432432432432,51267.200000000004,95150.16
1,303.8,313.1,1523,39.8,150,0,9.300000000000011,0.9933774834437086,60615.399999999994,95119.78000000001
1,303.8,313.1,1422,42.4,152,0,9.300000000000011,0.9934640522875817,60292.799999999996,95119.78000000001
0,303.8,313.2,1506,46.9,154,0,9.399999999999977,0.9935483870967742,70631.4,95150.16
1,303.8,313.2,1531,39.4,159,0,9.399999999999977,0.99375,60321.4,95150.16
2,303.9,313.3,1507,34.3,161,0,9.400000000000034,0.9938271604938271,51690.1,95211.87
1,303.9,313.3,1526,40.7,164,0,9.400000000000034,0.9939393939393939,62108.200000000004,95211.87
1,303.8,313.3,1406,52.1,166,0,9.5,0.9940119760479041,73252.6,95180.54000000001
2,303.9,313.3,1567,35.0,168,0,9.400000000000034,0.9940828402366864,54845.0,95211.87
2,303.9,313.4,1464,49.1,171,0,9.5,0.9941860465116279,71882.40000000001,95242.25999999998
1,303.9,313.4,1442,48.5,174,0,9.5,0.9942857142857143,69937.0,95242.25999999998
1,303.8,313.2,1336,47.8,176,0,9.399999999999977,0.9943502824858758,63860.799999999996,95150.16
0,303.8,313.2,1379,50.2,178,0,9.399999999999977,0.994413407821229,69225.8,95150.16
1,303.7,313.1,1406,48.6,183,0,9.400000000000034,0.9945652173913043,68331.6,95088.47
2,303.7,313.1,2130,18.1,185,0,9.400000000000034,0.9946236559139785,38553.0,95088.47
1,303.7,313.1,1355,49.1,188,0,9.400000000000034,0.9947089947089947,66530.5,95088.47
2,303.8,313.2,1710,26.5,190,0,9.399999999999977,0.9947643979057592,45315.0,95150.16
1,303.8,313.1,1309,55.8,193,0,9.300000000000011,0.9948453608247423,73042.2,95119.78000000001
1,303.9,313.1,1491,37.2,195,0,9.200000000000045,0.9948979591836735,55465.200000000004,95151.09
1,303.9,313.2,1481,44.1,197,0,9.300000000000011,0.9949494949494949,65312.1,95181.48
1,303.9,313.1,1425,49.3,199,0,9.200000000000045,0.995,70252.5,95151.09
0,303.9,313.2,1680,29.1,201,0,9.300000000000011,0.995049504950495,48888.0,95181.48
0,304.0,313.2,1612,31.7,206,0,9.199999999999989,0.9951690821256038,51100.4,95212.8
1,304.0,313.3,1530,34.8,211,0,9.300000000000011,0.9952830188679245,53243.99999999999,95243.2
1,304.0,313.2,1481,42.6,213,0,9.199999999999989,0.9953271028037384,63090.6,95212.8
2,303.9,313.2,1422,48.0,215,1,9.300000000000011,0.9953703703703703,68256.0,95181.48
1,303.8,313.0,1427,43.0,0,0,9.199999999999989,0.0,61361.0,95089.40000000001
0,303.7,312.9,1460,49.8,2,0,9.199999999999989,0.6666666666666666,72708.0,95027.73
1,303.6,312.9,1873,23.5,7,0,9.299999999999955,0.875,44015.5,94996.44
2,303.7,312.9,1566,32.6,9,0,9.199999999999989,0.9,51051.600000000006,95027.73
1,303.6,312.8,1701,30.8,12,0,9.199999999999989,0.9230769230769231,52390.8,94966.08000000002
1,303.6,312.8,1710,27.2,14,0,9.199999999999989,0.9333333333333333,46512.0,94966.08000000002
2,303.6,312.8,1689,33.1,16,0,9.199999999999989,0.9411764705882353,55905.9,94966.08000000002
1,303.6,312.7,1637,32.9,19,0,9.099999999999966,0.95,53857.299999999996,94935.72
1,303.5,312.6,1496,39.0,21,0,9.100000000000023,0.9545454545454546,58344.0,94874.1
2,303.5,312.7,1402,47.0,23,0,9.199999999999989,0.9583333333333334,65894.0,94904.45
1,303.4,312.7,1363,45.5,26,0,9.300000000000011,0.9629629629629629,62016.5,94873.18
2,303.4,312.7,1576,49.9,28,0,9.300000000000011,0.9655172413793104,78642.4,94873.18
2,303.4,312.7,1357,55.3,31,0,9.300000000000011,0.96875,75042.09999999999,94873.18
2,303.4,312.7,1399,48.4,34,0,9.300000000000011,0.9714285714285714,67711.59999999999,94873.18
2,303.4,312.8,1526,30.8,37,0,9.400000000000034,0.9736842105263158,47000.8,94903.51999999999
1,303.5,312.7,1694,27.3,40,0,9.199999999999989,0.975609756097561,46246.200000000004,94904.45
2,303.5,312.7,1420,49.1,42,0,9.199999999999989,0.9767441860465116,69722.0,94904.45
2,303.5,312.7,2116,16.7,45,0,9.199999999999989,0.9782608695652174,35337.2,94904.45
2,303.7,312.9,1406,41.9,48,0,9.199999999999989,0.9795918367346939,58911.4,95027.73
1,303.7,313.0,1456,45.5,51,0,9.300000000000011,0.9807692307692307,66248.0,95058.09999999999
1,303.6,312.9,1588,31.9,53,0,9.299999999999955,0.9814814814814815,50657.2,94996.44
1,303.7,312.8,1448,44.5,55,0,9.100000000000023,0.9821428571428571,64436.0,94997.36
0,303.6,312.7,1403,46.2,57,0,9.099999999999966,0.9827586206896551,64818.600000000006,94935.72
2,303.5,312.6,1405,51.6,62,0,9.100000000000023,0.9841269841269841,72498.0,94874.1
2,303.4,312.6,2706,9.8,65,1,9.200000000000045,0.9848484848484849,26518.800000000003,94842.84
2,303.3,312.4,1505,38.9,68,0,9.099999999999966,0.9855072463768116,58544.5,94750.92
1,303.2,312.4,1663,33.7,71,0,9.199999999999989,0.9861111111111112,56043.100000000006,94719.68
2,303.3,312.6,1482,44.4,73,0,9.300000000000011,0.9864864864864865,65800.8,94811.58000000002
2,303.3,312.5,1674,32.7,76,0,9.199999999999989,0.987012987012987,54739.8,94781.25
2,303.4,312.7,1594,32.8,79,0,9.300000000000011,0.9875,52283.2,94873.18
1,303.5,312.7,1393,49.3,82,0,9.199999999999989,0.9879518072289156,68674.9,94904.45
0,303.5,312.8,1404,55.8,84,0,9.300000000000011,0.9882352941176471,78343.2,94934.8
2,303.5,312.8,1375,45.7,89,0,9.300000000000011,0.9888888888888889,62837.50000000001,94934.8
1,303.5,312.8,1607,38.4,92,0,9.300000000000011,0.989247311827957,61708.799999999996,94934.8
1,303.4,312.8,1360,50.8,94,0,9.400000000000034,0.9894736842105263,69088.0,94903.51999999999
1,303.5,312.8,1524,39.4,96,0,9.300000000000011,0.9896907216494846,60045.6,94934.8
1,303.4,312.7,1534,35.5,98,0,9.300000000000011,0.98989898989899,54457.0,94873.18
1,303.3,312.7,1262,63.8,100,0,9.399999999999977,0.9900990099009901,80515.59999999999,94841.91
1,303.3,312.6,1623,34.6,102,0,9.300000000000011,0.9902912621359223,56155.8,94811.58000000002
2,303.3,312.7,1642,33.6,104,0,9.399999999999977,0.9904761904761905,55171.200000000004,94841.91
2,303.4,312.8,1622,35.1,107,0,9.400000000000034,0.9907407407407407,56932.200000000004,94903.51999999999
2,303.5,312.9,1530,34.5,110,0,9.399999999999977,0.990990990990991,52785.0,94965.15
2,303.4,312.8,1590,36.3,113,0,9.400000000000034,0.9912280701754386,57716.99999999999,94903.51999999999
1,303.4,312.7,1589,34.0,116,0,9.300000000000011,0.9914529914529915,54026.0,94873.18
1,303.4,312.6,1462,37.5,118,0,9.200000000000045,0.9915966386554622,54825.0,94842.84
0,303.3,312.5,1328,49.8,120,0,9.199999999999989,0.9917355371900827,66134.4,94781.25
0,303.3,312.6,1692,29.0,125,0,9.300000000000011,0.9920634920634921,49068.0,94811.58000000002
1,303.3,312.5,1968,20.6,130,0,9.199999999999989,0.9923664122137404,40540.8,94781.25
0,303.3,312.6,1827,24.2,132,0,9.300000000000011,0.9924812030075187,44213.4,94811.58000000002
2,303.3,312.6,1397,47.1,137,0,9.300000000000011,0.9927536231884058,65798.7,94811.58000000002
1,303.3,312.6,1463,44.0,140,0,9.300000000000011,0.9929078014184397,64372.0,94811.58000000002
1,303.3,312.7,1643,30.7,142,0,9.399999999999977,0.993006993006993,50440.1,94841.91
1,303.2,312.6,1281,57.0,144,0,9.400000000000034,0.993103448275862,73017.0,94780.32
1,303.2,312.5,1518,39.9,146,0,9.300000000000011,0.9931972789115646,60568.2,94750.0
1,303.2,312.6,1601,35.3,148,0,9.400000000000034,0.9932885906040269,56515.299999999996,94780.32
1,303.1,312.6,1548,36.4,150,0,9.5,0.9933774834437086,56347.2,94749.06000000001
0,303.1,312.6,1404,40.6,152,0,9.5,0.9934640522875817,57002.4,94749.06000000001
2,303.1,312.5,1766,26.7,157,0,9.399999999999977,0.9936708860759493,47152.2,94718.75
2,303.1,312.5,1667,30.0,160,0,9.399999999999977,0.9937888198757764,50010.0,94718.75
0,303.0,312.5,1507,37.9,163,0,9.5,0.9939024390243902,57115.299999999996,94687.5
0,303.0,312.4,1627,37.1,168,0,9.399999999999977,0.9940828402366864,60361.700000000004,94657.2
1,302.9,312.3,1435,47.7,173,0,9.400000000000034,0.9942528735632183,68449.5,94595.67
0,302.9,312.3,1509,46.8,175,0,9.400000000000034,0.9943181818181818,70621.2,94595.67
2,302.9,312.3,1809,25.0,180,0,9.400000000000034,0.994475138121547,45225.0,94595.67
1,302.9,312.3,1515,40.8,183,0,9.400000000000034,0.9945652173913043,61811.99999999999,94595.67
1,302.9,312.3,1530,34.9,185,0,9.400000000000034,0.9946236559139785,53397.0,94595.67
0,302.8,312.3,1336,57.5,187,0,9.5,0.9946808510638298,76820.0,94564.44
1,302.9,312.4,2030,19.1,192,0,9.5,0.9948186528497409,38773.0,94625.95999999999
1,302.9,312.4,1550,36.9,194,0,9.5,0.9948717948717949,57195.0,94625.95999999999
1,302.9,312.4,1446,41.7,196,0,9.5,0.9949238578680203,60298.200000000004,94625.95999999999
1,302.8,312.3,1494,37.5,198,0,9.5,0.9949748743718593,56025.0,94564.44
1,302.8,312.4,1651,27.0,200,0,9.599999999999966,0.9950248756218906,44577.0,94594.72
1,302.9,312.4,1698,33.8,202,0,9.5,0.9950738916256158,57392.399999999994,94625.95999999999
1,302.8,312.3,1504,40.3,204,0,9.5,0.9951219512195122,60611.2,94564.44
2,302.9,312.4,1421,46.0,206,0,9.5,0.9951690821256038,65366.0,94625.95999999999
0,302.9,312.3,1754,26.9,209,0,9.400000000000034,0.9952380952380953,47182.6,94595.67
1,302.9,312.2,1469,42.0,214,0,9.300000000000011,0.9953488372093023,61698.0,94565.37999999999
1,302.8,312.2,1433,50.0,216,0,9.399999999999977,0.9953917050691244,71650.0,94534.16
2,302.8,312.3,1432,49.0,218,0,9.5,0.9954337899543378,70168.0,94564.44
1,302.8,312.3,1366,49.1,221,0,9.5,0.9954954954954955,67070.6,94564.44
0,302.8,312.3,1483,47.2,223,0,9.5,0.9955357142857143,69997.6,94564.44
1,302.7,312.2,1572,34.4,228,0,9.5,0.9956331877729258,54076.799999999996,94502.93999999999
1,302.8,312.2,1481,40.2,230,0,9.399999999999977,0.9956709956709957,59536.200000000004,94534.16
1,302.8,312.3,1473,42.6,232,0,9.5,0.9957081545064378,62749.8,94564.44
2,302.8,312.3,1262,70.5,234,1,9.5,0.9957446808510638,88971.0,94564.44
1,302.8,312.4,1529,36.8,237,0,9.599999999999966,0.9957983193277311,56267.2,94594.72
1,302.8,312.4,1523,39.7,239,0,9.599999999999966,0.9958333333333333,60463.100000000006,94594.72
2,302.8,312.3,1416,42.7,241,0,9.5,0.9958677685950413,60463.200000000004,94564.44
1,302.9,312.4,1923,23.9,244,0,9.5,0.9959183673469387,45959.7,94625.95999999999
0,302.8,312.4,1411,53.8,246,1,9.599999999999966,0.9959514170040485,75911.8,94594.72
1,302.7,312.4,1477,46.3,251,1,9.699999999999989,0.996031746031746,68385.09999999999,94563.48
2,302.6,312.3,1454,54.8,253,1,9.699999999999989,0.9960629921259843,79679.2,94501.98000000001
1,302.7,312.3,1421,48.5,0,0,9.600000000000023,0.0,68918.5,94533.21
1,302.7,312.3,1858,25.4,2,0,9.600000000000023,0.6666666666666666,47193.2,94533.21
0,302.8,312.5,1422,46.1,4,0,9.699999999999989,0.8,65554.2,94625.0
1,302.7,312.4,1444,48.7,9,0,9.699999999999989,0.9,70322.8,94563.48
1,302.7,312.4,1360,47.8,11,0,9.699999999999989,0.9166666666666666,65007.99999999999,94563.48
1,302.7,312.4,1954,24.8,13,0,9.699999999999989,0.9285714285714286,48459.200000000004,94563.48
1,302.6,312.4,1628,33.0,15,0,9.799999999999955,0.9375,53724.0,94532.24
1,302.7,312.4,1433,44.2,17,0,9.699999999999989,0.9444444444444444,63338.600000000006,94563.48
2,302.7,312.5,1417,51.5,19,0,9.800000000000011,0.95,72975.5,94593.75
1,302.8,312.6,1462,39.4,22,0,9.800000000000011,0.9565217391304348,57602.799999999996,94655.28000000001
1,302.9,312.6,1328,59.9,24,0,9.700000000000045,0.96,79547.2,94686.54
0,302.7,312.5,1527,36.4,26,0,9.800000000000011,0.9629629629629629,55582.799999999996,94593.75
1,302.6,312.3,1534,34.3,31,0,9.699999999999989,0.96875,52616.2,94501.98000000001
2,302.6,312.4,1410,50.3,33,0,9.799999999999955,0.9705882352941176,70923.0,94532.24
1,302.6,312.3,1660,30.3,36,0,9.699999999999989,0.972972972972973,50298.0,94501.98000000001
1,302.6,312.4,1386,45.8,38,0,9.799999999999955,0.9743589743589743,63478.799999999996,94532.24
1,302.6,312.4,1398,41.6,40,0,9.799999999999955,0.975609756097561,58156.8,94532.24
1,302.6,312.3,1321,53.4,42,0,9.699999999999989,0.9767441860465116,70541.4,94501.98000000001
1,302.6,312.3,1512,34.2,44,0,9.699999999999989,0.9777777777777777,51710.4,94501.98000000001
2,302.6,312.3,1566,36.6,46,0,9.699999999999989,0.9787234042553191,57315.600000000006,94501.98000000001
2,302.7,312.4,1422,44.5,49,0,9.699999999999989,0.98,63279.0,94563.48
1,302.6,312.3,1647,31.8,52,0,9.699999999999989,0.9811320754716981,52374.6,94501.98000000001
1,302.6,312.2,1377,45.5,54,0,9.599999999999966,0.9818181818181818,62653.5,94471.72
1,302.5,312.2,1775,27.9,56,0,9.699999999999989,0.9824561403508771,49522.5,94440.5
1,302.6,312.3,1554,42.0,58,0,9.699999999999989,0.9830508474576272,65268.0,94501.98000000001
1,302.7,312.4,1423,51.9,60,0,9.699999999999989,0.9836065573770492,73853.7,94563.48
1,302.7,312.4,1453,47.3,62,0,9.699999999999989,0.9841269841269841,68726.9,94563.48
1,302.8,312.4,1590,34.4,64,0,9.599999999999966,0.9846153846153847,54696.0,94594.72
1,302.8,312.5,1694,28.4,66,0,9.699999999999989,0.9850746268656716,48109.6,94625.0
1,302.8,312.5,1462,43.4,68,0,9.699999999999989,0.9855072463768116,63450.799999999996,94625.0
1,302.8,312.4,1392,46.2,70,0,9.599999999999966,0.9859154929577465,64310.4,94594.72
1,302.9,312.5,1550,45.5,72,0,9.600000000000023,0.9863013698630136,70525.0,94656.25
1,302.9,312.5,1629,30.4,74,0,9.600000000000023,0.9866666666666667,49521.6,94656.25
2,303.0,312.5,1524,42.1,76,0,9.5,0.987012987012987,64160.4,94687.5
2,302.9,312.5,1679,30.9,79,0,9.600000000000023,0.9875,51881.1,94656.25
2,302.9,312.6,1394,46.4,82,0,9.700000000000045,0.9879518072289156,64681.6,94686.54
1,302.9,312.5,1683,32.1,85,0,9.600000000000023,0.9883720930232558,54024.3,94656.25
1,303.0,312.5,1626,30.5,87,0,9.5,0.9886363636363636,49593.0,94687.5
0,303.0,312.5,1698,30.0,89,0,9.5,0.9888888888888889,50940.0,94687.5
2,303.0,312.6,1392,42.9,94,0,9.600000000000023,0.9894736842105263,59716.799999999996,94717.8
1,303.1,312.7,1353,51.8,97,0,9.599999999999966,0.9897959183673469,70085.4,94779.37000000001
2,303.0,312.7,1426,46.8,99,0,9.699999999999989,0.99,66736.8,94748.09999999999
1,303.0,312.7,2024,19.9,102,0,9.699999999999989,0.9902912621359223,40277.6,94748.09999999999
2,303.0,312.8,1648,32.1,104,0,9.800000000000011,0.9904761904761905,52900.8,94778.40000000001
1,303.1,312.9,1511,40.1,107,0,9.799999999999955,0.9907407407407407,60591.1,94839.99
1,303.1,312.8,1465,44.1,109,0,9.699999999999989,0.990909090909091,64606.5,94809.68000000001
1,303.0,312.7,1551,41.8,111,0,9.699999999999989,0.9910714285714286,64831.799999999996,94748.09999999999
1,303.1,312.8,2329,15.1,113,0,9.699999999999989,0.9912280701754386,35167.9,94809.68000000001
0,303.1,312.8,1435,41.9,115,0,9.699999999999989,0.9913793103448276,60126.5,94809.68000000001
1,303.0,312.7,1361,48.8,120,0,9.699999999999989,0.9917355371900827,66416.8,94748.09999999999
2,303.0,312.7,1553,35.8,122,0,9.699999999999989,0.991869918699187,55597.399999999994,94748.09999999999
1,303.0,312.6,1451,42.1,125,0,9.600000000000023,0.9920634920634921,61087.1,94717.8
1,303.0,312.5,1461,40.2,127,0,9.5,0.9921875,58732.200000000004,94687.5
2,303.1,312.6,1895,23.5,129,0,9.5,0.9923076923076923,44532.5,94749.06000000001
2,303.1,312.6,1567,32.9,132,0,9.5,0.9924812030075187,51554.299999999996,94749.06000000001
2,303.0,312.5,1602,33.7,135,0,9.5,0.9926470588235294,53987.4,94687.5
1,303.1,312.6,1514,42.1,138,0,9.5,0.9928057553956835,63739.4,94749.06000000001
1,303.1,312.5,1453,49.1,140,0,9.399999999999977,0.9929078014184397,71342.3,94718.75
2,303.0,312.4,1526,36.1,142,0,9.399999999999977,0.993006993006993,55088.6,94657.2
2,302.9,312.3,1339,52.1,145,0,9.400000000000034,0.9931506849315068,69761.90000000001,94595.67
1,302.9,312.3,1889,22.8,148,0,9.400000000000034,0.9932885906040269,43069.200000000004,94595.67
1,302.9,312.4,1561,34.8,150,0,9.5,0.9933774834437086,54322.799999999996,94625.95999999999
2,302.9,312.4,1659,33.1,152,0,9.5,0.9934640522875817,54912.9,94625.95999999999
1,302.9,312.4,1424,49.5,155,0,9.5,0.9935897435897436,70488.0,94625.95999999999
2,302.9,312.3,1426,44.7,157,0,9.400000000000034,0.9936708860759493,63742.200000000004,94595.67
1,302.9,312.4,1383,51.4,160,0,9.5,0.9937888198757764,71086.2,94625.95999999999
1,302.8,312.3,1764,29.9,162,0,9.5,0.9938650306748467,52743.6,94564.44
2,302.7,312.2,1439,42.5,164,0,9.5,0.9939393939393939,61157.5,94502.93999999999
2,302.7,312.2,1585,35.5,167,0,9.5,0.9940476190476191,56267.5,94502.93999999999
1,302.7,312.3,1346,61.2,170,0,9.600000000000023,0.9941520467836257,82375.2,94533.21
1,302.8,312.3,1386,57.8,172,0,9.5,0.9942196531791907,80110.8,94564.44
1,302.7,312.2,1369,51.8,174,0,9.5,0.9942857142857143,70914.2,94502.93999999999
2,302.7,312.1,1378,46.9,176,0,9.400000000000034,0.9943502824858758,64628.2,94472.67
1,302.7,312.2,1336,46.8,179,0,9.5,0.9944444444444445,62524.799999999996,94502.93999999999
2,302.6,312.1,1445,42.0,181,0,9.5,0.9945054945054945,60690.0,94441.46000000002
1,302.7,312.1,1763,26.5,184,0,9.400000000000034,0.9945945945945946,46719.5,94472.67
1,302.7,312.2,1611,34.1,186,0,9.5,0.9946524064171123,54935.100000000006,94502.93999999999
2,302.7,312.1,1564,32.1,188,0,9.400000000000034,0.9947089947089947,50204.4,94472.67
0,302.7,312.1,1478,36.0,191,0,9.400000000000034,0.9947916666666666,53208.0,94472.67
1,302.6,312.0,1781,28.5,196,0,9.399999999999977,0.9949238578680203,50758.5,94411.20000000001
1,302.6,312.1,1782,26.8,198,0,9.5,0.9949748743718593,47757.6,94441.46000000002
2,302.6,312.1,2000,21.9,200,0,9.5,0.9950248756218906,43800.0,94441.46000000002
2,302.5,312.0,1826,25.3,203,0,9.5,0.9950980392156863,46197.8,94380.0
1,302.6,312.1,1344,51.0,206,0,9.5,0.9951690821256038,68544.0,94441.46000000002
1,302.6,312.2,1520,43.0,208,0,9.599999999999966,0.9952153110047847,65360.0,94471.72
2,302.6,312.1,1611,39.9,210,0,9.5,0.995260663507109,64278.899999999994,94441.46000000002
1,302.7,312.2,1450,52.1,213,1,9.5,0.9953271028037384,75545.0,94502.93999999999
1,302.6,312.1,1499,35.0,215,0,9.5,0.9953703703703703,52465.0,94441.46000000002
1,302.6,312.1,1288,68.5,0,1,9.5,0.0,88228.0,94441.46000000002
2,302.7,312.2,1350,58.6,2,0,9.5,0.6666666666666666,79110.0,94502.93999999999
2,302.9,312.4,1334,50.9,5,0,9.5,0.8333333333333334,67900.59999999999,94625.95999999999
1,302.8,312.4,1376,57.1,8,0,9.599999999999966,0.8888888888888888,78569.6,94594.72
1,302.8,312.4,1368,49.5,10,0,9.599999999999966,0.9090909090909091,67716.0,94594.72
0,302.9,312.5,1357,55.0,12,0,9.600000000000023,0.9230769230769231,74635.0,94656.25
2,302.9,312.5,1924,24.0,17,0,9.600000000000023,0.9444444444444444,46176.0,94656.25
2,302.9,312.5,1551,40.0,20,0,9.600000000000023,0.9523809523809523,62040.0,94656.25
2,302.9,312.5,1903,21.2,23,0,9.600000000000023,0.9583333333333334,40343.6,94656.25
0,302.9,312.3,1417,48.7,26,0,9.400000000000034,0.9629629629629629,69007.90000000001,94595.67
1,302.7,312.1,1601,35.2,31,0,9.400000000000034,0.96875,56355.200000000004,94472.67
1,302.7,312.1,1543,37.5,33,0,9.400000000000034,0.9705882352941176,57862.5,94472.67
1,302.6,312.1,1439,52.3,35,0,9.5,0.9722222222222222,75259.7,94441.46000000002
0,302.6,312.0,1657,29.3,37,0,9.399999999999977,0.9736842105263158,48550.1,94411.20000000001
1,302.8,312.2,1458,51.0,42,0,9.399999999999977,0.9767441860465116,74358.0,94534.16
1,302.8,312.2,1746,27.4,44,0,9.399999999999977,0.9777777777777777,47840.399999999994,94534.16
1,302.9,312.2,1677,30.5,46,0,9.300000000000011,0.9787234042553191,51148.5,94565.37999999999
1,302.8,312.1,1520,39.9,48,0,9.300000000000011,0.9795918367346939,60648.0,94503.88
1,302.9,312.2,1367,55.1,50,0,9.300000000000011,0.9803921568627451,75321.7,94565.37999999999
1,302.8,312.2,1509,36.5,52,0,9.399999999999977,0.9811320754716981,55078.5,94534.16
1,302.8,312.1,1418,51.4,54,0,9.300000000000011,0.9818181818181818,72885.2,94503.88
1,302.8,312.1,1958,20.3,56,0,9.300000000000011,0.9824561403508771,39747.4,94503.88
1,302.8,312.2,1682,30.9,58,0,9.399999999999977,0.9830508474576272,51973.799999999996,94534.16
2,302.8,312.2,1452,50.3,60,0,9.399999999999977,0.9836065573770492,73035.59999999999,94534.16
1,302.7,312.0,1828,24.0,63,0,9.300000000000011,0.984375,43872.0,94442.4
0,302.7,312.0,1484,41.5,65,0,9.300000000000011,0.9848484848484849,61586.0,94442.4
1,302.6,312.0,1674,32.2,70,0,9.399999999999977,0.9859154929577465,53902.8,94411.20000000001
1,302.6,311.9,1448,49.5,72,0,9.299999999999955,0.9863013698630136,71676.0,94380.94
2,302.5,311.8,2023,19.1,74,0,9.300000000000011,0.9866666666666667,38639.3,94319.5
1,302.5,311.9,1452,47.4,77,0,9.399999999999977,0.9871794871794872,68824.8,94349.75
2,302.6,312.0,1496,45.0,79,0,9.399999999999977,0.9875,67320.0,94411.20000000001
1,302.6,311.9,1397,46.9,82,0,9.299999999999955,0.9879518072289156,65519.299999999996,94380.94
1,302.6,311.9,1453,39.1,84,0,9.299999999999955,0.9882352941176471,56812.3,94380.94
2,302.5,311.9,1524,34.8,86,0,9.399999999999977,0.9885057471264368,53035.2,94349.75
1,302.6,311.9,1633,30.9,89,0,9.299999999999955,0.9888888888888889,50459.7,94380.94
2,302.6,312.0,1363,45.7,91,0,9.399999999999977,0.9891304347826086,62289.100000000006,94411.20000000001
1,302.5,311.9,1520,44.9,94,0,9.399999999999977,0.9894736842105263,68248.0,94349.75
2,302.5,311.9,1532,38.8,96,0,9.399999999999977,0.9896907216494846,59441.6,94349.75
1,302.4,311.8,1384,50.9,99,0,9.400000000000034,0.99,70445.59999999999,94288.31999999999
2,302.4,311.8,1539,39.9,101,0,9.400000000000034,0.9901960784313726,61406.1,94288.31999999999
2,302.3,311.8,1355,50.1,104,0,9.5,0.9904761904761905,67885.5,94257.14000000001
2,302.3,311.7,1504,37.3,107,0,9.399999999999977,0.9907407407407407,56099.2,94226.91
1,302.4,311.8,1476,46.6,110,0,9.400000000000034,0.990990990990991,68781.6,94288.31999999999
1,302.4,311.7,1721,26.9,112,0,9.300000000000011,0.9911504424778761,46294.899999999994,94258.07999999999
2,302.3,311.7,1494,37.1,114,0,9.399999999999977,0.991304347826087,55427.4,94226.91
1,302.3,311.7,1465,43.5,117,0,9.399999999999977,0.9915254237288136,63727.5,94226.91
2,302.3,311.8,1363,54.0,119,1,9.5,0.9916666666666667,73602.0,94257.14000000001
1,302.4,311.8,1648,30.0,122,0,9.400000000000034,0.991869918699187,49440.0,94288.31999999999
2,302.3,311.8,1879,23.0,124,0,9.5,0.992,43217.0,94257.14000000001
0,302.3,311.7,1482,39.0,127,0,9.399999999999977,0.9921875,57798.0,94226.91
1,302.4,311.8,1493,38.4,132,0,9.400000000000034,0.9924812030075187,57331.2,94288.31999999999
1,302.4,311.8,1433,42.2,134,0,9.400000000000034,0.9925925925925926,60472.600000000006,94288.31999999999
1,302.3,311.7,1400,41.6,136,0,9.399999999999977,0.9927007299270073,58240.0,94226.91
1,302.4,311.8,1255,59.0,138,0,9.400000000000034,0.9928057553956835,74045.0,94288.31999999999
1,302.2,311.7,1471,45.6,140,0,9.5,0.9929078014184397,67077.6,94195.73999999999
0,302.2,311.6,1357,44.2,142,0,9.400000000000034,0.993006993006993,59979.4,94165.52
1,302.3,311.7,1453,41.2,147,0,9.399999999999977,0.9932432432432432,59863.600000000006,94226.91
2,302.3,311.7,1540,28.9,149,0,9.399999999999977,0.9933333333333333,44506.0,94226.91
1,302.3,311.8,1605,35.2,152,0,9.5,0.9934640522875817,56496.00000000001,94257.14000000001
0,302.3,311.9,1374,52.4,154,0,9.599999999999966,0.9935483870967742,71997.59999999999,94287.37
2,302.3,311.9,1508,42.3,159,0,9.599999999999966,0.99375,63788.399999999994,94287.37
0,302.4,311.9,1366,47.3,162,0,9.5,0.9938650306748467,64611.799999999996,94318.55999999998
0,302.5,312.0,1579,35.7,167,0,9.5,0.9940476190476191,56370.3,94380.0
1,302.5,311.9,1306,59.7,172,0,9.399999999999977,0.9942196531791907,77968.2,94349.75
2,302.5,312.0,1521,40.2,174,0,9.5,0.9942857142857143,61144.200000000004,94380.0
1,302.5,312.0,1411,44.2,177,0,9.5,0.9943820224719101,62366.200000000004,94380.0
0,302.5,312.0,1357,42.0,179,0,9.5,0.9944444444444445,56994.0,94380.0
2,302.5,312.0,1436,43.5,184,0,9.5,0.9945945945945946,62466.0,94380.0
1,302.5,311.9,1553,40.1,187,0,9.399999999999977,0.9946808510638298,62275.3,94349.75
2,302.5,312.0,1451,43.2,189,0,9.5,0.9947368421052631,62683.200000000004,94380.0
1,302.4,311.9,1541,37.9,192,0,9.5,0.9948186528497409,58403.899999999994,94318.55999999998
2,302.3,311.7,1341,46.3,194,0,9.399999999999977,0.9948717948717949,62088.299999999996,94226.91
1,302.3,311.7,1648,32.1,197,0,9.399999999999977,0.9949494949494949,52900.8,94226.91
2,302.3,311.7,1640,31.5,199,0,9.399999999999977,0.995,51660.0,94226.91
1,302.4,311.8,1416,46.1,202,0,9.400000000000034,0.9950738916256158,65277.6,94288.31999999999
1,302.4,311.9,1671,29.9,204,0,9.5,0.9951219512195122,49962.899999999994,94318.55999999998
1,302.4,312.0,1457,45.5,206,0,9.600000000000023,0.9951690821256038,66293.5,94348.79999999999
2,302.5,312.0,1445,54.8,0,0,9.5,0.0,79186.0,94380.0
1,302.5,312.1,1534,38.6,3,0,9.600000000000023,0.75,59212.4,94410.25
1,302.4,312.0,1508,36.9,5,0,9.600000000000023,0.8333333333333334,55645.2,94348.79999999999
2,302.4,312.1,1492,47.7,7,0,9.700000000000045,0.875,71168.40000000001,94379.04
1,302.4,312.0,1562,37.9,10,0,9.600000000000023,0.9090909090909091,59199.799999999996,94348.79999999999
1,302.4,312.0,1545,36.4,12,0,9.600000000000023,0.9230769230769231,56238.0,94348.79999999999
1,302.5,312.2,1738,25.3,14,0,9.699999999999989,0.9333333333333333,43971.4,94440.5
1,302.4,312.0,1305,49.1,16,0,9.600000000000023,0.9411764705882353,64075.5,94348.79999999999
0,302.4,312.0,1477,39.7,18,0,9.600000000000023,0.9473684210526315,58636.9,94348.79999999999
0,302.4,312.0,1457,43.4,23,0,9.600000000000023,0.9583333333333334,63233.799999999996,94348.79999999999
1,302.4,312.1,1455,40.4,28,0,9.700000000000045,0.9655172413793104,58782.0,94379.04
1,302.5,312.2,1574,38.7,30,0,9.699999999999989,0.967741935483871,60913.8,94440.5
1,302.6,312.2,1695,27.1,32,0,9.599999999999966,0.9696969696969697,45934.5,94471.72
2,302.6,312.2,1458,38.8,34,0,9.599999999999966,0.9714285714285714,56570.399999999994,94471.72
2,302.5,312.1,1454,47.6,37,0,9.600000000000023,0.9736842105263158,69210.40000000001,94410.25
1,302.5,312.0,2052,18.9,40,0,9.5,0.975609756097561,38782.799999999996,94380.0
1,302.5,312.0,1673,29.9,42,0,9.5,0.9767441860465116,50022.7,94380.0
1,302.4,311.9,1578,29.9,44,0,9.5,0.9777777777777777,47182.2,94318.55999999998
2,302.5,312.0,1642,29.1,46,0,9.5,0.9787234042553191,47782.200000000004,94380.0
2,302.4,311.8,1557,31.5,49,0,9.400000000000034,0.98,49045.5,94288.31999999999
1,302.5,311.9,1481,42.9,52,0,9.399999999999977,0.9811320754716981,63534.9,94349.75
2,302.5,311.8,1566,37.6,54,0,9.300000000000011,0.9818181818181818,58881.600000000006,94319.5
2,302.5,311.9,1298,57.5,57,0,9.399999999999977,0.9827586206896551,74635.0,94349.75
2,302.5,311.9,1340,59.4,60,0,9.399999999999977,0.9836065573770492,79596.0,94349.75
1,302.5,312.0,1574,33.8,63,0,9.5,0.984375,53201.2,94380.0
1,302.5,311.9,1437,46.7,65,0,9.399999999999977,0.9848484848484849,67107.90000000001,94349.75
1,302.6,311.9,1354,48.0,67,0,9.299999999999955,0.9852941176470589,64992.0,94380.94
1,302.6,311.9,1598,35.5,69,0,9.299999999999955,0.9857142857142858,56729.0,94380.94
2,302.7,312.0,1944,21.4,71,0,9.300000000000011,0.9861111111111112,41601.6,94442.4
2,302.7,312.0,1538,36.7,74,0,9.300000000000011,0.9866666666666667,56444.600000000006,94442.4
1,302.7,312.0,1501,37.0,77,0,9.300000000000011,0.9871794871794872,55537.0,94442.4
1,302.8,312.1,1441,52.1,79,0,9.300000000000011,0.9875,75076.1,94503.88
2,302.7,312.0,1652,31.0,81,0,9.300000000000011,0.9878048780487805,51212.0,94442.4
1,302.8,312.1,1487,36.6,84,0,9.300000000000011,0.9882352941176471,54424.200000000004,94503.88
1,302.9,312.2,1605,33.9,86,0,9.300000000000011,0.9885057471264368,54409.5,94565.37999999999
1,302.9,312.1,1334,54.7,88,0,9.200000000000045,0.9887640449438202,72969.8,94535.09
1,302.9,312.2,1340,57.8,90,0,9.300000000000011,0.989010989010989,77452.0,94565.37999999999
1,302.9,312.2,1513,37.8,92,0,9.300000000000011,0.989247311827957,57191.399999999994,94565.37999999999
1,302.9,312.2,1510,41.4,94,0,9.300000000000011,0.9894736842105263,62514.0,94565.37999999999
1,302.9,312.2,1729,23.6,96,0,9.300000000000011,0.9896907216494846,40804.4,94565.37999999999
2,302.9,312.2,1745,25.5,98,0,9.300000000000011,0.98989898989899,44497.5,94565.37999999999
2,303.1,312.3,1623,31.6,101,0,9.199999999999989,0.9901960784313726,51286.8,94658.13
2,303.1,312.4,1378,50.1,104,0,9.299999999999955,0.9904761904761905,69037.8,94688.44
1,303.1,312.4,1407,41.2,107,0,9.299999999999955,0.9907407407407407,57968.4,94688.44
2,303.0,312.3,1674,29.5,109,0,9.300000000000011,0.990909090909091,49383.0,94626.90000000001
1,303.0,312.3,1486,42.4,112,0,9.300000000000011,0.9911504424778761,63006.4,94626.90000000001
2,303.0,312.3,1483,38.8,114,0,9.300000000000011,0.991304347826087,57540.399999999994,94626.90000000001
0,303.0,312.2,1624,28.8,117,0,9.199999999999989,0.9915254237288136,46771.200000000004,94596.59999999999
2,303.0,312.2,1257,71.3,122,1,9.199999999999989,0.991869918699187,89624.09999999999,94596.59999999999
1,303.0,312.3,1480,41.4,125,0,9.300000000000011,0.9920634920634921,61272.0,94626.90000000001
1,303.1,312.4,1404,61.5,127,1,9.299999999999955,0.9921875,86346.0,94688.44
2,303.0,312.4,1645,29.6,129,0,9.399999999999977,0.9923076923076923,48692.0,94657.2
1,303.0,312.3,1932,21.9,132,0,9.300000000000011,0.9924812030075187,42310.799999999996,94626.90000000001
1,303.0,312.3,1533,38.5,134,0,9.300000000000011,0.9925925925925926,59020.5,94626.90000000001
2,302.9,312.2,1292,54.4,136,0,9.300000000000011,0.9927007299270073,70284.8,94565.37999999999
1,302.9,312.2,1571,40.6,139,0,9.300000000000011,0.9928571428571429,63782.600000000006,94565.37999999999
1,302.9,312.3,1578,36.3,141,0,9.400000000000034,0.9929577464788732,57281.399999999994,94595.67
2,302.8,312.2,1469,36.9,143,0,9.399999999999977,0.9930555555555556,54206.1,94534.16
1,302.7,312.1,1728,24.4,146,0,9.400000000000034,0.9931972789115646,42163.2,94472.67
0,302.7,312.1,1603,32.5,148,0,9.400000000000034,0.9932885906040269,52097.5,94472.67
1,302.7,312.1,1597,39.8,153,0,9.400000000000034,0.9935064935064936,63560.6,94472.67
1,302.7,312.1,1688,32.0,155,0,9.400000000000034,0.9935897435897436,54016.0,94472.67
1,302.7,312.2,1405,51.4,157,0,9.5,0.9936708860759493,72217.0,94502.93999999999
2,302.8,312.2,1615,32.9,159,0,9.399999999999977,0.99375,53133.5,94534.16
1,302.8,312.2,1515,36.8,162,0,9.399999999999977,0.9938650306748467,55751.99999999999,94534.16
1,302.7,312.2,1376,52.8,164,0,9.5,0.9939393939393939,72652.8,94502.93999999999
1,302.7,312.2,1447,47.5,166,0,9.5,0.9940119760479041,68732.5,94502.93999999999
2,302.6,312.2,1353,56.5,168,0,9.599999999999966,0.9940828402366864,76444.5,94471.72
1,302.6,312.1,1502,47.3,171,0,9.5,0.9941860465116279,71044.59999999999,94441.46000000002
1,302.6,312.0,1447,45.5,173,0,9.399999999999977,0.9942528735632183,65838.5,94411.20000000001
2,302.5,312.0,1487,46.1,175,0,9.5,0.9943181818181818,68550.7,94380.0
1,302.6,312.1,1519,38.1,178,0,9.5,0.994413407821229,57873.9,94441.46000000002
1,302.6,312.1,1668,28.7,180,0,9.5,0.994475138121547,47871.6,94441.46000000002
1,302.6,312.1,1420,51.6,182,0,9.5,0.994535519125683,73272.0,94441.46000000002
1,302.6,312.1,1473,37.3,184,0,9.5,0.9945945945945946,54942.899999999994,94441.46000000002
1,302.5,312.0,1495,38.8,186,0,9.5,0.9946524064171123,58005.99999999999,94380.0
1,302.5,312.0,1574,42.0,188,0,9.5,0.9947089947089947,66108.0,94380.0
1,302.5,312.0,1383,51.3,190,0,9.5,0.9947643979057592,70947.9,94380.0
2,302.5,312.0,1591,29.4,192,0,9.5,0.9948186528497409,46775.399999999994,94380.0
2,302.4,311.8,1644,37.2,195,0,9.400000000000034,0.9948979591836735,61156.8,94288.31999999999
0,302.5,311.8,2370,14.7,198,0,9.300000000000011,0.9949748743718593,34839.0,94319.5
1,302.5,311.9,1401,44.9,203,0,9.399999999999977,0.9950980392156863,62904.9,94349.75
2,302.5,311.9,1414,51.6,205,0,9.399999999999977,0.9951456310679612,72962.40000000001,94349.75
1,302.5,312.0,1456,46.3,208,0,9.5,0.9952153110047847,67412.8,94380.0
2,302.5,312.0,1447,45.7,210,0,9.5,0.995260663507109,66127.90000000001,94380.0
1,302.4,311.8,1727,26.5,213,0,9.400000000000034,0.9953271028037384,45765.5,94288.31999999999
1,302.4,311.7,1495,36.8,215,0,9.300000000000011,0.9953703703703703,55015.99999999999,94258.07999999999
1,302.3,311.6,1544,34.3,0,0,9.300000000000011,0.0,52959.2,94196.68000000001
1,302.3,311.5,1387,47.3,2,0,9.199999999999989,0.6666666666666666,65605.09999999999,94166.45
2,302.3,311.5,1316,47.2,4,0,9.199999999999989,0.8,62115.200000000004,94166.45
1,302.3,311.5,1794,26.1,7,0,9.199999999999989,0.875,46823.4,94166.45
2,302.2,311.4,1372,55.1,9,0,9.199999999999989,0.9,75597.2,94105.07999999999
2,302.3,311.5,1674,30.0,12,0,9.199999999999989,0.9230769230769231,50220.0,94166.45
1,302.2,311.4,1477,41.7,15,0,9.199999999999989,0.9375,61590.9,94105.07999999999
1,302.2,311.4,1397,53.0,17,0,9.199999999999989,0.9444444444444444,74041.0,94105.07999999999
1,302.2,311.5,1616,34.0,19,0,9.300000000000011,0.95,54944.0,94135.3
2,302.3,311.5,1530,42.3,21,0,9.199999999999989,0.9545454545454546,64718.99999999999,94166.45
2,302.2,311.4,1539,35.1,24,0,9.199999999999989,0.96,54018.9,94105.07999999999
1,302.3,311.4,1845,21.9,27,0,9.099999999999966,0.9642857142857143,40405.5,94136.22
1,302.2,311.4,1430,43.1,29,0,9.199999999999989,0.9666666666666667,61633.0,94105.07999999999
1,302.2,311.4,2080,19.2,31,0,9.199999999999989,0.96875,39936.0,94105.07999999999
2,302.2,311.4,1432,45.3,33,0,9.199999999999989,0.9705882352941176,64869.6,94105.07999999999
2,302.2,311.5,1479,39.5,36,0,9.300000000000011,0.972972972972973,58420.5,94135.3
1,302.2,311.5,1424,45.2,39,0,9.300000000000011,0.975,64364.8,94135.3
0,302.2,311.6,1534,37.2,41,0,9.400000000000034,0.9761904761904762,57064.8,94165.52
0,302.1,311.6,1701,26.2,46,0,9.5,0.9787234042553191,44566.2,94134.36000000002
1,302.2,311.6,1462,50.0,51,0,9.400000000000034,0.9807692307692307,73100.0,94165.52
2,302.2,311.7,1393,42.5,53,0,9.5,0.9814814814814815,59202.5,94195.73999999999
2,302.3,311.7,1453,42.5,56,0,9.399999999999977,0.9824561403508771,61752.5,94226.91
1,302.3,311.8,1565,37.8,59,0,9.5,0.9833333333333333,59156.99999999999,94257.14000000001
1,302.3,311.8,1281,51.7,61,0,9.5,0.9838709677419355,66227.7,94257.14000000001
2,302.2,311.7,1584,36.2,63,0,9.5,0.984375,57340.8,94195.73999999999
2,302.2,311.7,1466,49.0,66,0,9.5,0.9850746268656716,71834.0,94195.73999999999
2,302.2,311.6,1386,50.5,69,0,9.400000000000034,0.9857142857142858,69993.0,94165.52
1,302.2,311.6,1383,44.3,72,0,9.400000000000034,0.9863013698630136,61266.899999999994,94165.52
0,302.3,311.6,1441,53.9,74,0,9.300000000000011,0.9866666666666667,77669.9,94196.68000000001
2,302.2,311.6,1592,37.7,79,0,9.400000000000034,0.9875,60018.4,94165.52
0,302.2,311.6,1594,36.8,82,0,9.400000000000034,0.9879518072289156,58659.2,94165.52
1,302.2,311.5,1482,45.6,87,0,9.300000000000011,0.9886363636363636,67579.2,94135.3
1,302.2,311.6,1658,31.4,89,0,9.400000000000034,0.9888888888888889,52061.2,94165.52
1,302.3,311.7,2170,18.2,91,0,9.399999999999977,0.9891304347826086,39494.0,94226.91
2,302.3,311.7,1423,44.6,93,0,9.399999999999977,0.9893617021276596,63465.8,94226.91
1,302.4,311.8,1543,31.1,96,0,9.400000000000034,0.9896907216494846,47987.3,94288.31999999999
1,302.3,311.8,1435,44.8,98,0,9.5,0.98989898989899,64287.99999999999,94257.14000000001
1,302.4,311.8,1320,56.4,100,0,9.400000000000034,0.9900990099009901,74448.0,94288.31999999999
2,302.4,311.9,1313,55.7,102,0,9.5,0.9902912621359223,73134.1,94318.55999999998
2,302.4,311.8,1453,42.1,105,0,9.400000000000034,0.9905660377358491,61171.3,94288.31999999999
1,302.4,311.8,1508,45.7,108,0,9.400000000000034,0.9908256880733946,68915.6,94288.31999999999
1,302.4,311.8,1451,42.0,110,0,9.400000000000034,0.990990990990991,60942.0,94288.31999999999
0,302.5,311.9,1595,34.6,112,0,9.399999999999977,0.9911504424778761,55187.0,94349.75
1,302.5,311.9,1354,49.4,117,0,9.399999999999977,0.9915254237288136,66887.59999999999,94349.75
1,302.5,311.9,1265,59.8,119,0,9.399999999999977,0.9916666666666667,75647.0,94349.75
1,302.4,311.9,1867,25.9,121,0,9.5,0.9918032786885246,48355.299999999996,94318.55999999998
1,302.5,311.9,1497,41.6,123,0,9.399999999999977,0.9919354838709677,62275.200000000004,94349.75
2,302.5,311.9,1347,54.3,125,0,9.399999999999977,0.9920634920634921,73142.09999999999,94349.75
1,302.3,311.7,1544,43.2,128,0,9.399999999999977,0.9922480620155039,66700.8,94226.91
0,302.3,311.7,1456,45.4,130,0,9.399999999999977,0.9923664122137404,66102.4,94226.91
1,302.5,311.8,1335,52.7,135,0,9.300000000000011,0.9926470588235294,70354.5,94319.5
1,302.4,311.9,1452,43.1,137,0,9.5,0.9927536231884058,62581.200000000004,94318.55999999998
1,302.4,311.9,1290,70.0,139,1,9.5,0.9928571428571429,90300.0,94318.55999999998
1,302.4,311.8,1448,43.4,141,0,9.400000000000034,0.9929577464788732,62843.2,94288.31999999999
1,302.3,311.7,1611,38.6,143,0,9.399999999999977,0.9930555555555556,62184.600000000006,94226.91
1,302.2,311.7,1556,38.6,145,0,9.5,0.9931506849315068,60061.600000000006,94195.73999999999
0,302.2,311.7,1413,46.5,147,0,9.5,0.9932432432432432,65704.5,94195.73999999999
1,302.2,311.6,1545,35.9,152,0,9.400000000000034,0.9934640522875817,55465.5,94165.52
1,302.2,311.7,1330,54.6,154,0,9.5,0.9935483870967742,72618.0,94195.73999999999
1,302.2,311.9,1596,38.0,156,0,9.699999999999989,0.9936305732484076,60648.0,94256.18
1,302.2,311.8,1618,36.0,158,0,9.600000000000023,0.9937106918238994,58248.0,94225.96
0,302.2,311.9,1597,35.8,160,0,9.699999999999989,0.9937888198757764,57172.6,94256.18
1,302.3,312.0,1354,52.2,165,0,9.699999999999989,0.9939759036144579,70678.8,94317.6
1,302.3,312.0,1746,28.1,167,0,9.699999999999989,0.9940476190476191,49062.600000000006,94317.6
1,302.4,312.0,1621,32.5,169,0,9.600000000000023,0.9941176470588236,52682.5,94348.79999999999
1,302.3,312.0,1398,43.3,171,0,9.699999999999989,0.9941860465116279,60533.399999999994,94317.6
1,302.3,311.9,1434,51.9,173,0,9.599999999999966,0.9942528735632183,74424.59999999999,94287.37
2,302.3,311.8,1443,43.4,175,0,9.5,0.9943181818181818,62626.2,94257.14000000001
1,302.2,311.7,1488,44.6,178,0,9.5,0.994413407821229,66364.8,94195.73999999999
2,302.3,311.8,1475,48.0,180,0,9.5,0.994475138121547,70800.0,94257.14000000001
1,302.3,311.8,1433,50.3,183,0,9.5,0.9945652173913043,72079.9,94257.14000000001
2,302.3,311.8,1557,34.1,185,0,9.5,0.9946236559139785,53093.700000000004,94257.14000000001
2,302.4,311.9,1398,50.1,188,0,9.5,0.9947089947089947,70039.8,94318.55999999998
2,302.3,311.8,1559,34.4,191,0,9.5,0.9947916666666666,53629.6,94257.14000000001
2,302.4,311.9,1422,46.4,194,0,9.5,0.9948717948717949,65980.8,94318.55999999998
2,302.3,311.8,1463,35.7,197,0,9.5,0.9949494949494949,52229.100000000006,94257.14000000001
1,302.3,311.7,1793,25.3,200,0,9.399999999999977,0.9950248756218906,45362.9,94226.91
1,302.2,311.6,1872,20.4,202,0,9.400000000000034,0.9950738916256158,38188.799999999996,94165.52
1,302.2,311.7,1412,44.5,204,0,9.5,0.9951219512195122,62834.0,94195.73999999999
1,302.3,311.8,1487,43.2,206,0,9.5,0.9951690821256038,64238.4,94257.14000000001
1,302.3,311.8,1369,56.2,208,1,9.5,0.9952153110047847,76937.8,94257.14000000001
1,302.4,311.8,1673,30.1,210,0,9.400000000000034,0.995260663507109,50357.3,94288.31999999999
2,302.4,311.9,1439,36.6,212,0,9.5,0.9953051643192489,52667.4,94318.55999999998
1,302.3,311.8,1574,42.8,215,0,9.5,0.9953703703703703,67367.2,94257.14000000001
1,302.3,311.7,1281,48.8,0,0,9.399999999999977,0.0,62512.799999999996,94226.91
2,302.2,311.7,1653,31.4,2,0,9.5,0.6666666666666666,51904.2,94195.73999999999
2,302.3,311.7,1535,38.3,5,0,9.399999999999977,0.8333333333333334,58790.49999999999,94226.91
2,302.3,311.7,1483,40.5,8,0,9.399999999999977,0.8888888888888888,60061.5,94226.91
1,302.3,311.7,1414,47.0,11,0,9.399999999999977,0.9166666666666666,66458.0,94226.91
2,302.2,311.6,1379,42.9,13,0,9.400000000000034,0.9285714285714286,59159.1,94165.52
0,302.2,311.5,1482,42.6,16,0,9.300000000000011,0.9411764705882353,63133.200000000004,94135.3
1,302.1,311.5,1987,20.1,21,0,9.399999999999977,0.9545454545454546,39938.700000000004,94104.15000000001
2,302.1,311.5,1635,31.6,23,0,9.399999999999977,0.9583333333333334,51666.0,94104.15000000001
1,302.1,311.5,1533,39.4,26,0,9.399999999999977,0.9629629629629629,60400.2,94104.15000000001
2,302.2,311.7,1576,34.0,28,0,9.5,0.9655172413793104,53584.0,94195.73999999999
0,302.2,311.8,1330,62.4,31,0,9.600000000000023,0.96875,82992.0,94225.96
1,302.2,311.8,1981,21.8,36,0,9.600000000000023,0.972972972972973,43185.8,94225.96
0,302.3,311.8,1475,42.8,38,0,9.5,0.9743589743589743,63129.99999999999,94257.14000000001
0,302.3,311.8,1804,25.0,43,0,9.5,0.9772727272727273,45100.0,94257.14000000001
1,302.2,311.6,1416,54.1,48,0,9.400000000000034,0.9795918367346939,76605.6,94165.52
1,302.1,311.5,1727,27.7,50,0,9.399999999999977,0.9803921568627451,47837.9,94104.15000000001
1,302.1,311.4,1391,49.2,52,0,9.299999999999955,0.9811320754716981,68437.2,94073.94
2,302.0,311.5,1366,52.3,54,0,9.5,0.9818181818181818,71441.8,94073.0
1,301.9,311.3,1366,55.6,57,0,9.400000000000034,0.9827586206896551,75949.6,93981.47
1,301.9,311.3,1501,40.8,59,0,9.400000000000034,0.9833333333333333,61240.799999999996,93981.47
1,301.8,311.3,1551,35.8,61,0,9.5,0.9838709677419355,55525.799999999996,93950.34000000001
2,301.9,311.3,1522,35.6,63,0,9.400000000000034,0.984375,54183.200000000004,93981.47
1,301.9,311.2,1369,49.8,66,0,9.300000000000011,0.9850746268656716,68176.2,93951.27999999998
1,301.8,311.2,1334,52.3,68,0,9.399999999999977,0.9855072463768116,69768.2,93920.16
0,301.8,311.2,1451,39.4,70,0,9.399999999999977,0.9859154929577465,57169.4,93920.16
1,301.7,311.2,1589,37.9,75,0,9.5,0.9868421052631579,60223.1,93889.04
1,301.7,311.3,1708,30.5,77,0,9.600000000000023,0.9871794871794872,52094.0,93919.21
2,301.7,311.2,1413,42.6,79,0,9.5,0.9875,60193.8,93889.04
2,301.6,311.2,1415,46.5,82,0,9.599999999999966,0.9879518072289156,65797.5,93857.92
1,301.7,311.3,1421,45.9,85,0,9.600000000000023,0.9883720930232558,65223.9,93919.21
1,301.7,311.3,1348,51.0,87,0,9.600000000000023,0.9886363636363636,68748.0,93919.21
1,301.6,311.2,1408,42.9,89,0,9.599999999999966,0.9888888888888889,60403.2,93857.92
1,301.6,311.2,1525,43.7,91,0,9.599999999999966,0.9891304347826086,66642.5,93857.92
1,301.6,311.3,1706,29.9,93,0,9.699999999999989,0.9893617021276596,51009.399999999994,93888.08000000002
0,301.6,311.2,1395,46.8,95,0,9.599999999999966,0.9895833333333334,65285.99999999999,93857.92
1,301.5,311.1,1602,34.3,100,0,9.600000000000023,0.9900990099009901,54948.6,93796.65000000001
1,301.6,311.1,1907,21.5,102,0,9.5,0.9902912621359223,41000.5,93827.76000000001
1,301.6,311.1,1325,49.2,104,0,9.5,0.9904761904761905,65190.00000000001,93827.76000000001
1,301.6,311.1,1408,44.4,106,0,9.5,0.9906542056074766,62515.2,93827.76000000001
2,301.7,311.1,1489,41.4,108,0,9.400000000000034,0.9908256880733946,61644.6,93858.87000000001
1,301.6,311.1,1680,29.2,111,0,9.5,0.9910714285714286,49056.0,93827.76000000001
1,301.7,311.2,1517,42.4,113,0,9.5,0.9912280701754386,64320.799999999996,93889.04
2,301.7,311.1,1618,36.7,115,0,9.400000000000034,0.9913793103448276,59380.600000000006,93858.87000000001
1,301.7,311.1,1455,39.8,118,0,9.400000000000034,0.9915966386554622,57908.99999999999,93858.87000000001
0,301.8,311.1,1543,36.4,120,0,9.300000000000011,0.9917355371900827,56165.2,93889.98000000001
2,301.8,311.1,1399,41.8,125,0,9.300000000000011,0.9920634920634921,58478.2,93889.98000000001
1,301.7,311.1,1469,37.2,128,0,9.400000000000034,0.9922480620155039,54646.8,93858.87000000001
1,301.7,311.2,1521,36.7,130,0,9.5,0.9923664122137404,55820.700000000004,93889.04
1,301.7,311.3,1584,38.8,132,0,9.600000000000023,0.9924812030075187,61459.2,93919.21
1,301.8,311.5,1443,43.3,134,0,9.699999999999989,0.9925925925925926,62481.899999999994,94010.7
2,301.8,311.5,1416,49.0,136,0,9.699999999999989,0.9927007299270073,69384.0,94010.7
2,301.7,311.2,1563,34.5,139,0,9.5,0.9928571428571429,53923.5,93889.04
2,301.8,311.3,1542,40.1,142,0,9.5,0.993006993006993,61834.200000000004,93950.34000000001
2,301.8,311.3,1624,31.6,145,0,9.5,0.9931506849315068,51318.4,93950.34000000001
1,301.8,311.3,1471,44.2,148,0,9.5,0.9932885906040269,65018.200000000004,93950.34000000001
2,301.9,311.5,1492,40.8,150,0,9.600000000000023,0.9933774834437086,60873.6,94041.84999999999
2,301.9,311.4,1465,39.9,153,0,9.5,0.9935064935064936,58453.5,94011.65999999999
1,301.7,311.1,1399,55.1,156,0,9.400000000000034,0.9936305732484076,77084.90000000001,93858.87000000001
1,301.6,311.0,1431,42.6,158,0,9.399999999999977,0.9937106918238994,60960.6,93797.6
1,301.5,310.9,1600,39.0,160,0,9.399999999999977,0.9937888198757764,62400.0,93736.34999999999
1,301.5,310.8,1593,34.5,162,0,9.300000000000011,0.9938650306748467,54958.5,93706.2
1,301.5,310.9,1469,44.7,164,0,9.399999999999977,0.9939393939393939,65664.3,93736.34999999999
1,301.5,310.8,1413,44.6,166,0,9.300000000000011,0.9940119760479041,63019.8,93706.2
1,301.4,310.8,1490,38.0,168,0,9.400000000000034,0.9940828402366864,56620.0,93675.12
1,301.5,310.9,1671,31.1,170,0,9.399999999999977,0.9941520467836257,51968.100000000006,93736.34999999999
1,301.5,310.9,1365,46.5,172,0,9.399999999999977,0.9942196531791907,63472.5,93736.34999999999
2,301.4,310.9,1557,39.3,174,0,9.5,0.9942857142857143,61190.1,93705.25999999998
1,301.4,310.9,1440,45.4,177,0,9.5,0.9943820224719101,65376.0,93705.25999999998
2,301.4,310.9,1489,38.9,179,0,9.5,0.9944444444444445,57922.1,93705.25999999998
1,301.4,311.0,1733,25.7,182,0,9.600000000000023,0.994535519125683,44538.1,93735.4
0,301.3,311.0,1580,36.6,184,0,9.699999999999989,0.9945945945945946,57828.0,93704.3
1,301.3,311.0,1856,21.9,189,0,9.699999999999989,0.9947368421052631,40646.399999999994,93704.3
1,301.3,311.1,1454,40.3,191,0,9.800000000000011,0.9947916666666666,58596.2,93734.43000000001
1,301.4,311.1,1495,36.3,193,0,9.700000000000045,0.9948453608247423,54268.49999999999,93765.54
1,301.2,311.0,1761,29.1,195,0,9.800000000000011,0.9948979591836735,51245.100000000006,93673.2
2,301.3,311.0,1402,47.5,197,0,9.699999999999989,0.9949494949494949,66595.0,93704.3
1,301.2,311.0,1670,33.0,200,0,9.800000000000011,0.9950248756218906,55110.0,93673.2
1,301.3,311.0,1582,35.6,202,0,9.699999999999989,0.9950738916256158,56319.200000000004,93704.3
1,301.3,311.0,1542,35.1,204,0,9.699999999999989,0.9951219512195122,54124.200000000004,93704.3
1,301.3,311.0,1539,36.9,206,0,9.699999999999989,0.9951690821256038,56789.1,93704.3
1,301.3,311.0,1418,41.9,208,0,9.699999999999989,0.9952153110047847,59414.2,93704.3
1,301.3,311.1,1723,27.6,210,0,9.800000000000011,0.995260663507109,47554.8,93734.43000000001
1,301.3,311.1,1303,49.2,212,0,9.800000000000011,0.9953051643192489,64107.600000000006,93734.43000000001
2,301.3,311.0,1463,50.2,214,0,9.699999999999989,0.9953488372093023,73442.6,93704.3
1,301.2,311.0,1544,39.3,217,0,9.800000000000011,0.9954128440366973,60679.2,93673.2
1,301.2,311.0,1596,37.2,219,0,9.800000000000011,0.9954545454545455,59371.200000000004,93673.2
1,301.3,311.1,1413,42.0,221,0,9.800000000000011,0.9954954954954955,59346.0,93734.43000000001
2,301.3,311.1,1492,41.2,223,0,9.800000000000011,0.9955357142857143,61470.4,93734.43000000001
1,301.3,311.1,1624,40.9,0,0,9.800000000000011,0.0,66421.59999999999,93734.43000000001
1,301.3,311.1,1504,39.1,2,0,9.800000000000011,0.6666666666666666,58806.4,93734.43000000001
2,301.2,311.1,1574,34.3,4,0,9.900000000000034,0.8,53988.2,93703.32
2,301.3,311.2,1438,42.4,7,0,9.899999999999977,0.875,60971.2,93764.56
1,301.3,311.3,1474,50.7,10,0,10.0,0.9090909090909091,74731.8,93794.69
1,301.3,311.2,1675,32.1,12,0,9.899999999999977,0.9230769230769231,53767.5,93764.56
1,301.3,311.2,1457,44.5,14,0,9.899999999999977,0.9333333333333333,64836.5,93764.56
1,301.3,311.3,1434,49.8,16,0,10.0,0.9411764705882353,71413.2,93794.69
1,301.3,311.2,1668,30.1,18,0,9.899999999999977,0.9473684210526315,50206.8,93764.56
1,301.2,311.1,1550,39.7,20,0,9.900000000000034,0.9523809523809523,61535.00000000001,93703.32
2,301.3,311.1,1834,25.4,22,0,9.800000000000011,0.9565217391304348,46583.6,93734.43000000001
2,301.4,311.2,1476,36.5,25,0,9.800000000000011,0.9615384615384616,53874.0,93795.68
2,301.4,311.2,1541,36.3,28,0,9.800000000000011,0.9655172413793104,55938.299999999996,93795.68
2,301.3,311.1,1581,30.9,31,0,9.800000000000011,0.96875,48852.899999999994,93734.43000000001
2,301.3,311.1,1678,30.7,34,0,9.800000000000011,0.9714285714285714,51514.6,93734.43000000001
1,301.4,311.2,1355,50.6,37,0,9.800000000000011,0.9736842105263158,68563.0,93795.68
1,301.5,311.2,1700,28.8,39,0,9.699999999999989,0.975,48960.0,93826.8
1,301.4,311.1,1462,37.1,41,0,9.700000000000045,0.9761904761904762,54240.200000000004,93765.54
2,301.4,311.2,1727,26.5,43,0,9.800000000000011,0.9772727272727273,45765.5,93795.68
1,301.4,311.3,1674,33.3,46,0,9.900000000000034,0.9787234042553191,55744.2,93825.81999999999
1,301.4,311.3,1397,42.3,48,0,9.900000000000034,0.9795918367346939,59093.1,93825.81999999999
1,301.4,311.3,2323,15.9,50,0,9.900000000000034,0.9803921568627451,36935.700000000004,93825.81999999999
2,301.4,311.2,1434,47.6,52,0,9.800000000000011,0.9811320754716981,68258.40000000001,93795.68
1,301.3,311.1,1560,35.3,55,0,9.800000000000011,0.9821428571428571,55067.99999999999,93734.43000000001
1,301.2,311.0,1573,32.8,57,0,9.800000000000011,0.9827586206896551,51594.399999999994,93673.2
0,301.2,310.9,1798,22.3,59,0,9.699999999999989,0.9833333333333333,40095.4,93643.07999999999
1,301.2,311.0,1567,35.1,64,0,9.800000000000011,0.9846153846153847,55001.700000000004,93673.2
1,301.2,310.9,1416,53.3,66,0,9.699999999999989,0.9850746268656716,75472.8,93643.07999999999
2,301.2,310.9,1424,45.2,68,0,9.699999999999989,0.9855072463768116,64364.8,93643.07999999999
0,301.2,310.9,1598,35.9,71,0,9.699999999999989,0.9861111111111112,57368.2,93643.07999999999
1,301.3,310.9,1760,23.9,76,0,9.599999999999966,0.987012987012987,42064.0,93674.17
1,301.3,311.0,1348,44.5,78,0,9.699999999999989,0.9873417721518988,59986.0,93704.3
1,301.3,311.0,1542,33.6,80,0,9.699999999999989,0.9876543209876543,51811.200000000004,93704.3
1,301.3,310.9,1566,33.1,82,0,9.599999999999966,0.9879518072289156,51834.600000000006,93674.17
1,301.3,311.0,1554,47.7,84,0,9.699999999999989,0.9882352941176471,74125.8,93704.3
1,301.4,311.0,1470,40.6,86,0,9.600000000000023,0.9885057471264368,59682.0,93735.4
2,301.4,311.1,1758,25.4,88,0,9.700000000000045,0.9887640449438202,44653.2,93765.54
2,301.4,311.0,1486,36.5,91,0,9.600000000000023,0.9891304347826086,54239.0,93735.4
2,301.5,311.1,1402,40.0,94,0,9.600000000000023,0.9894736842105263,56080.0,93796.65000000001
1,301.5,311.1,1459,45.1,97,0,9.600000000000023,0.9897959183673469,65800.90000000001,93796.65000000001
1,301.5,311.0,1494,45.3,99,0,9.5,0.99,67678.2,93766.5
1,301.5,311.1,1731,27.9,101,0,9.600000000000023,0.9901960784313726,48294.899999999994,93796.65000000001
1,301.5,311.1,2076,18.7,103,0,9.600000000000023,0.9903846153846154,38821.2,93796.65000000001
1,301.5,311.1,2055,16.8,105,0,9.600000000000023,0.9905660377358491,34524.0,93796.65000000001
1,301.5,311.1,1469,49.5,107,0,9.600000000000023,0.9907407407407407,72715.5,93796.65000000001
2,301.5,311.0,1504,42.6,109,0,9.5,0.990909090909091,64070.4,93766.5
2,301.5,311.1,1396,43.5,112,0,9.600000000000023,0.9911504424778761,60726.0,93796.65000000001
2,301.5,311.1,1660,33.8,115,0,9.600000000000023,0.9913793103448276,56107.99999999999,93796.65000000001
2,301.5,311.0,1577,39.7,118,0,9.5,0.9915966386554622,62606.9,93766.5
1,301.5,311.1,1426,52.1,121,0,9.600000000000023,0.9918032786885246,74294.6,93796.65000000001
1,301.5,311.1,1458,41.4,123,0,9.600000000000023,0.9919354838709677,60361.2,93796.65000000001
1,301.4,311.0,1533,45.8,125,0,9.600000000000023,0.9920634920634921,70211.4,93735.4
1,301.4,311.0,1701,28.4,127,0,9.600000000000023,0.9921875,48308.399999999994,93735.4
1,301.5,311.1,1434,49.6,129,0,9.600000000000023,0.9923076923076923,71126.40000000001,93796.65000000001
1,301.4,311.1,1952,22.7,131,0,9.700000000000045,0.9924242424242424,44310.4,93765.54
1,301.4,311.1,1469,36.9,133,0,9.700000000000045,0.9925373134328358,54206.1,93765.54
1,301.4,311.1,1800,26.0,135,0,9.700000000000045,0.9926470588235294,46800.0,93765.54
2,301.3,311.1,1438,43.0,137,0,9.800000000000011,0.9927536231884058,61834.0,93734.43000000001
1,301.3,311.1,1647,28.2,140,0,9.800000000000011,0.9929078014184397,46445.4,93734.43000000001
1,301.4,311.1,1494,41.9,142,0,9.700000000000045,0.993006993006993,62598.6,93765.54
0,301.4,311.1,1445,41.4,144,0,9.700000000000045,0.993103448275862,59823.0,93765.54
2,301.5,311.1,1507,38.6,149,0,9.600000000000023,0.9933333333333333,58170.200000000004,93796.65000000001
2,301.4,311.0,1234,55.8,152,0,9.600000000000023,0.9934640522875817,68857.2,93735.4
1,301.4,311.0,1634,32.6,155,0,9.600000000000023,0.9935897435897436,53268.4,93735.4
1,301.4,311.0,1334,53.3,157,0,9.600000000000023,0.9936708860759493,71102.2,93735.4
1,301.4,311.1,1472,44.5,159,0,9.700000000000045,0.99375,65504.0,93765.54
2,301.3,311.0,1410,52.7,161,0,9.699999999999989,0.9938271604938271,74307.0,93704.3
1,301.2,310.9,1597,37.9,164,0,9.699999999999989,0.9939393939393939,60526.299999999996,93643.07999999999
2,301.2,310.9,1460,46.7,166,0,9.699999999999989,0.9940119760479041,68182.0,93643.07999999999
1,301.1,310.8,1274,55.7,169,0,9.699999999999989,0.9941176470588236,70961.8,93581.88
2,301.0,310.7,1517,40.2,171,0,9.699999999999989,0.9941860465116279,60983.4,93520.7
1,301.0,310.7,1300,57.2,174,0,9.699999999999989,0.9942857142857143,74360.0,93520.7
0,300.9,310.6,1686,27.7,176,0,9.700000000000045,0.9943502824858758,46702.2,93459.54
2,300.9,310.7,1485,41.0,181,0,9.800000000000011,0.9945054945054945,60885.0,93489.62999999999
1,301.0,310.7,1464,45.8,184,0,9.699999999999989,0.9945945945945946,67051.2,93520.7
1,300.9,310.6,1598,35.4,186,0,9.700000000000045,0.9946524064171123,56569.2,93459.54
1,300.9,310.5,1894,21.9,188,0,9.600000000000023,0.9947089947089947,41478.6,93429.45
2,300.8,310.5,1330,59.0,190,0,9.699999999999989,0.9947643979057592,78470.0,93398.40000000001
0,300.8,310.5,1582,31.1,193,0,9.699999999999989,0.9948453608247423,49200.200000000004,93398.40000000001
1,300.7,310.3,1533,35.6,198,0,9.600000000000023,0.9949748743718593,54574.8,93307.21
0,300.8,310.4,1419,46.4,200,0,9.599999999999966,0.9950248756218906,65841.59999999999,93368.31999999999
2,300.8,310.3,1526,36.3,205,0,9.5,0.9951456310679612,55393.799999999996,93338.24
0,300.7,310.2,1364,65.3,208,1,9.5,0.9952153110047847,89069.2,93277.14
2,300.8,310.3,1458,43.4,0,0,9.5,0.0,63277.2,93338.24
2,300.8,310.4,1288,64.0,3,0,9.599999999999966,0.75,82432.0,93368.31999999999
2,300.7,310.3,1659,29.8,6,0,9.600000000000023,0.8571428571428571,49438.200000000004,93307.21
0,300.7,310.2,1479,52.3,9,0,9.5,0.9,77351.7,93277.14
1,300.7,310.3,1592,36.0,14,0,9.600000000000023,0.9333333333333333,57312.0,93307.21
2,300.6,310.2,1532,38.7,16,0,9.599999999999966,0.9411764705882353,59288.4,93246.12000000001
1,300.6,310.2,1555,41.9,19,0,9.599999999999966,0.95,65154.5,93246.12000000001
1,300.6,310.2,1341,52.6,21,0,9.599999999999966,0.9545454545454546,70536.6,93246.12000000001
1,300.6,310.1,1541,42.0,23,0,9.5,0.9583333333333334,64722.0,93216.06000000001
1,300.6,310.3,1414,50.6,25,0,9.699999999999989,0.9615384615384616,71548.40000000001,93276.18000000001
1,300.5,310.2,1764,25.9,27,0,9.699999999999989,0.9642857142857143,45687.6,93215.09999999999
1,300.5,310.3,1336,57.1,29,0,9.800000000000011,0.9666666666666667,76285.6,93245.15000000001
1,300.5,310.3,1435,43.3,31,0,9.800000000000011,0.96875,62135.49999999999,93245.15000000001
2,300.4,310.3,1537,35.0,33,0,9.900000000000034,0.9705882352941176,53795.0,93214.12
1,300.3,310.2,1369,48.8,36,0,9.899999999999977,0.972972972972973,66807.2,93153.06
2,300.2,310.1,1619,31.3,38,0,9.900000000000034,0.9743589743589743,50674.700000000004,93092.02
1,300.2,310.1,1440,51.1,41,0,9.900000000000034,0.9761904761904762,73584.0,93092.02
1,300.2,310.1,1649,30.5,43,0,9.900000000000034,0.9772727272727273,50294.5,93092.02
2,300.2,310.1,1550,38.7,45,0,9.900000000000034,0.9782608695652174,59985.00000000001,93092.02
1,300.3,310.2,1471,45.2,48,0,9.899999999999977,0.9795918367346939,66489.2,93153.06
1,300.3,310.3,1483,51.6,50,0,10.0,0.9803921568627451,76522.8,93183.09000000001
1,300.3,310.4,1336,54.4,52,0,10.099999999999966,0.9811320754716981,72678.4,93213.12
1,300.5,310.5,1515,36.6,54,0,10.0,0.9818181818181818,55449.0,93305.25
1,300.5,310.5,1373,47.4,56,0,10.0,0.9824561403508771,65080.2,93305.25
0,300.6,310.5,1454,51.2,58,0,9.899999999999977,0.9830508474576272,74444.8,93336.3
1,300.5,310.5,1646,34.5,63,0,10.0,0.984375,56787.0,93305.25
2,300.5,310.4,1548,37.3,65,0,9.899999999999977,0.9848484848484849,57740.399999999994,93275.2
2,300.6,310.5,1462,41.3,68,0,9.899999999999977,0.9855072463768116,60380.6,93336.3
1,300.5,310.4,1702,33.1,71,0,9.899999999999977,0.9861111111111112,56336.200000000004,93275.2
1,300.5,310.5,1409,60.9,73,0,10.0,0.9864864864864865,85808.09999999999,93305.25
2,300.6,310.6,1427,52.8,75,0,10.0,0.9868421052631579,75345.59999999999,93366.36000000002
1,300.6,310.7,1438,48.5,78,1,10.099999999999966,0.9873417721518988,69743.0,93396.42
1,300.7,310.7,1450,43.4,80,0,10.0,0.9876543209876543,62930.0,93427.48999999999
1,300.7,310.7,1541,41.3,82,0,10.0,0.9879518072289156,63643.299999999996,93427.48999999999
2,300.7,310.6,1484,38.0,84,0,9.900000000000034,0.9882352941176471,56392.0,93397.42
2,300.8,310.8,1415,44.5,87,0,10.0,0.9886363636363636,62967.5,93488.64000000001
1,300.7,310.8,1496,46.4,90,0,10.100000000000023,0.989010989010989,69414.4,93457.56
2,300.7,310.8,1465,45.2,92,0,10.100000000000023,0.989247311827957,66218.0,93457.56
1,300.7,310.8,2113,18.5,95,0,10.100000000000023,0.9895833333333334,39090.5,93457.56
2,300.7,310.8,1506,44.0,97,0,10.100000000000023,0.9897959183673469,66264.0,93457.56
1,300.7,310.8,1689,28.9,100,0,10.100000000000023,0.9900990099009901,48812.1,93457.56
1,300.7,310.9,1650,29.4,102,0,10.199999999999989,0.9902912621359223,48510.0,93487.62999999999
1,300.7,310.8,1563,33.8,104,0,10.100000000000023,0.9904761904761905,52829.399999999994,93457.56
2,300.7,310.9,1486,38.9,106,0,10.199999999999989,0.9906542056074766,57805.4,93487.62999999999
1,300.8,310.9,1732,25.7,109,0,10.099999999999966,0.990909090909091,44512.4,93518.72
1,300.7,310.8,1653,31.6,111,0,10.100000000000023,0.9910714285714286,52234.8,93457.56
1,300.7,310.9,1535,37.1,113,0,10.199999999999989,0.9912280701754386,56948.5,93487.62999999999
1,300.7,310.9,1637,37.2,115,0,10.199999999999989,0.9913793103448276,60896.4,93487.62999999999
1,300.6,310.8,1533,38.5,117,0,10.199999999999989,0.9915254237288136,59020.5,93426.48000000001
1,300.6,310.8,1378,51.2,119,0,10.199999999999989,0.9916666666666667,70553.6,93426.48000000001
1,300.5,310.7,1606,33.5,121,0,10.199999999999989,0.9918032786885246,53801.0,93365.34999999999
1,300.3,310.7,1539,32.3,123,0,10.399999999999977,0.9919354838709677,49709.7,93303.21
1,300.5,310.8,1728,26.3,125,0,10.300000000000011,0.9920634920634921,45446.4,93395.40000000001
0,300.4,310.7,1656,36.3,127,0,10.300000000000011,0.9921875,60112.799999999996,93334.27999999998
0,300.5,310.8,1631,30.5,132,0,10.300000000000011,0.9924812030075187,49745.5,93395.40000000001
0,300.5,310.9,1447,46.5,137,0,10.399999999999977,0.9927536231884058,67285.5,93425.45
1,300.4,310.8,1396,49.3,142,0,10.400000000000034,0.993006993006993,68822.8,93364.31999999999
1,300.4,310.8,1390,52.5,144,0,10.400000000000034,0.993103448275862,72975.0,93364.31999999999
1,300.4,310.8,1348,56.0,146,0,10.400000000000034,0.9931972789115646,75488.0,93364.31999999999
2,300.4,310.8,1491,35.9,148,0,10.400000000000034,0.9932885906040269,53526.9,93364.31999999999
1,300.4,310.8,1520,37.6,151,0,10.400000000000034,0.993421052631579,57152.0,93364.31999999999
1,300.5,310.8,1509,33.0,153,0,10.300000000000011,0.9935064935064936,49797.0,93395.40000000001
1,300.5,310.8,1445,46.6,155,0,10.300000000000011,0.9935897435897436,67337.0,93395.40000000001
1,300.5,310.8,1354,51.8,157,0,10.300000000000011,0.9936708860759493,70137.2,93395.40000000001
1,300.5,310.7,1488,39.4,159,0,10.199999999999989,0.99375,58627.2,93365.34999999999
0,300.5,310.7,1654,28.6,161,0,10.199999999999989,0.9938271604938271,47304.4,93365.34999999999
0,300.5,310.6,1378,51.5,166,0,10.100000000000023,0.9940119760479041,70967.0,93335.3
1,300.6,310.7,1750,30.6,171,0,10.099999999999966,0.9941860465116279,53550.0,93396.42
1,300.5,310.6,1448,46.3,173,0,10.100000000000023,0.9942528735632183,67042.4,93335.3
0,300.6,310.7,1501,45.3,175,0,10.099999999999966,0.9943181818181818,67995.3,93396.42
2,300.6,310.7,1654,32.0,180,0,10.099999999999966,0.994475138121547,52928.0,93396.42
2,300.7,310.7,1347,46.5,183,0,10.0,0.9945652173913043,62635.5,93427.48999999999
1,300.7,310.8,1486,37.1,186,0,10.100000000000023,0.9946524064171123,55130.6,93457.56
0,300.8,310.8,1466,45.2,188,0,10.0,0.9947089947089947,66263.2,93488.64000000001
0,300.7,310.8,1346,52.0,193,0,10.100000000000023,0.9948453608247423,69992.0,93457.56
1,300.7,310.7,1314,42.4,198,0,10.0,0.9949748743718593,55713.6,93427.48999999999
1,300.6,310.7,1440,52.5,200,0,10.099999999999966,0.9950248756218906,75600.0,93396.42
1,300.7,310.8,1608,39.5,202,0,10.100000000000023,0.9950738916256158,63516.0,93457.56
0,300.7,310.8,1296,58.2,204,0,10.100000000000023,0.9951219512195122,75427.2,93457.56
1,300.7,310.7,1507,46.1,209,0,10.0,0.9952380952380953,69472.7,93427.48999999999
2,300.7,310.7,1343,51.6,211,0,10.0,0.9952830188679245,69298.8,93427.48999999999
1,300.7,310.7,1416,40.4,214,0,10.0,0.9953488372093023,57206.4,93427.48999999999
1,300.7,310.6,1288,47.2,216,0,9.900000000000034,0.9953917050691244,60793.600000000006,93397.42
2,300.7,310.6,1407,42.4,218,0,9.900000000000034,0.9954337899543378,59656.799999999996,93397.42
1,300.6,310.4,1608,39.2,221,0,9.799999999999955,0.9954954954954955,63033.600000000006,93306.24
1,300.6,310.3,1920,22.3,223,0,9.699999999999989,0.9955357142857143,42816.0,93276.18000000001
2,300.5,310.2,1386,48.2,225,0,9.699999999999989,0.995575221238938,66805.2,93215.09999999999
2,300.5,310.2,1571,34.6,228,0,9.699999999999989,0.9956331877729258,54356.600000000006,93215.09999999999
2,300.4,310.2,1613,36.9,231,0,9.800000000000011,0.9956896551724138,59519.7,93184.07999999999
2,300.4,310.2,1671,30.5,234,1,9.800000000000011,0.9957446808510638,50965.5,93184.07999999999
0,300.4,310.2,1431,43.2,0,0,9.800000000000011,0.0,61819.200000000004,93184.07999999999
2,300.4,310.2,1380,47.3,5,0,9.800000000000011,0.8333333333333334,65273.99999999999,93184.07999999999
1,300.5,310.3,1683,31.5,8,0,9.800000000000011,0.8888888888888888,53014.5,93245.15000000001
1,300.4,310.2,1529,36.2,10,0,9.800000000000011,0.9090909090909091,55349.8,93184.07999999999
1,300.5,310.4,1761,26.5,12,0,9.899999999999977,0.9230769230769231,46666.5,93275.2
1,300.6,310.5,1570,38.3,14,0,9.899999999999977,0.9333333333333333,60130.99999999999,93336.3
2,300.6,310.5,2156,18.0,16,0,9.899999999999977,0.9411764705882353,38808.0,93336.3
2,300.7,310.6,1349,54.5,19,0,9.900000000000034,0.95,73520.5,93397.42
1,300.7,310.7,1431,39.3,22,0,10.0,0.9565217391304348,56238.299999999996,93427.48999999999
1,300.6,310.6,1931,22.0,24,0,10.0,0.96,42482.0,93366.36000000002
0,300.7,310.7,1428,43.4,26,0,10.0,0.9629629629629629,61975.2,93427.48999999999
1,300.8,310.8,1564,36.2,31,0,10.0,0.96875,56616.8,93488.64000000001
0,300.8,310.9,1425,44.0,33,0,10.099999999999966,0.9705882352941176,62700.0,93518.72
1,300.7,310.8,1597,30.5,38,0,10.100000000000023,0.9743589743589743,48708.5,93457.56
0,300.8,310.8,1618,32.8,40,0,10.0,0.975609756097561,53070.399999999994,93488.64000000001
2,300.8,310.8,1520,38.0,45,0,10.0,0.9782608695652174,57760.0,93488.64000000001
1,300.7,310.7,1425,45.3,48,0,10.0,0.9795918367346939,64552.49999999999,93427.48999999999
1,300.8,310.9,1398,38.2,50,0,10.099999999999966,0.9803921568627451,53403.600000000006,93518.72
2,300.8,310.9,1557,31.6,52,0,10.099999999999966,0.9811320754716981,49201.200000000004,93518.72
1,300.7,310.8,1519,43.9,55,0,10.100000000000023,0.9821428571428571,66684.09999999999,93457.56
1,300.7,310.8,1619,34.9,57,0,10.100000000000023,0.9827586206896551,56503.1,93457.56
1,300.7,310.8,1814,21.4,59,0,10.100000000000023,0.9833333333333333,38819.6,93457.56
1,300.7,310.9,1521,39.4,61,0,10.199999999999989,0.9838709677419355,59927.4,93487.62999999999
2,300.7,310.9,1369,51.2,63,0,10.199999999999989,0.984375,70092.8,93487.62999999999
1,300.7,310.9,1356,65.3,66,1,10.199999999999989,0.9850746268656716,88546.8,93487.62999999999
1,300.7,311.0,1336,53.3,68,0,10.300000000000011,0.9855072463768116,71208.8,93517.7
1,300.7,311.0,1403,48.3,70,0,10.300000000000011,0.9859154929577465,67764.9,93517.7
2,300.7,311.0,1413,44.3,72,0,10.300000000000011,0.9863013698630136,62595.899999999994,93517.7
1,300.6,310.9,1472,47.6,75,0,10.299999999999955,0.9868421052631579,70067.2,93456.54
2,300.7,310.8,1452,47.9,77,0,10.100000000000023,0.9871794871794872,69550.8,93457.56
1,300.6,310.7,1397,53.7,80,0,10.099999999999966,0.9876543209876543,75018.90000000001,93396.42
1,300.6,310.7,1455,40.6,82,0,10.099999999999966,0.9879518072289156,59073.0,93396.42
1,300.7,310.8,1754,27.7,84,0,10.100000000000023,0.9882352941176471,48585.799999999996,93457.56
1,300.6,310.9,1471,37.9,86,0,10.299999999999955,0.9885057471264368,55750.9,93456.54
2,300.6,310.8,1389,48.1,88,0,10.199999999999989,0.9887640449438202,66810.90000000001,93426.48000000001
2,300.6,310.9,1702,30.3,91,0,10.299999999999955,0.9891304347826086,51570.6,93456.54
2,300.6,311.0,1401,54.6,94,0,10.399999999999977,0.9894736842105263,76494.6,93486.6
1,300.7,311.1,1426,46.2,97,0,10.400000000000034,0.9897959183673469,65881.2,93547.77
1,300.7,311.0,1496,38.3,99,0,10.300000000000011,0.99,57296.799999999996,93517.7
1,300.6,310.9,1433,42.6,101,0,10.299999999999955,0.9901960784313726,61045.8,93456.54
2,300.7,311.1,1438,46.6,103,0,10.400000000000034,0.9903846153846154,67010.8,93547.77
2,300.7,311.0,1418,49.3,106,0,10.300000000000011,0.9906542056074766,69907.4,93517.7
2,300.8,311.0,1580,36.6,109,0,10.199999999999989,0.990909090909091,57828.0,93548.8
2,300.7,310.9,1468,41.8,112,0,10.199999999999989,0.9911504424778761,61362.399999999994,93487.62999999999
2,300.8,310.9,1522,41.7,115,0,10.099999999999966,0.9913793103448276,63467.4,93518.72
1,300.8,310.9,1311,55.8,118,0,10.099999999999966,0.9915966386554622,73153.8,93518.72
1,300.9,311.0,1316,56.5,120,0,10.100000000000023,0.9917355371900827,74354.0,93579.9
0,300.9,311.0,1853,23.6,122,0,10.100000000000023,0.991869918699187,43730.8,93579.9
2,300.9,311.0,1556,38.8,127,0,10.100000000000023,0.9921875,60372.799999999996,93579.9
2,300.9,311.0,1567,34.3,130,0,10.100000000000023,0.9923664122137404,53748.1,93579.9
2,300.9,311.1,1546,37.7,133,0,10.200000000000045,0.9925373134328358,58284.200000000004,93609.99
1,300.9,311.0,1382,51.2,136,0,10.100000000000023,0.9927007299270073,70758.40000000001,93579.9
1,300.9,311.0,2003,20.2,138,0,10.100000000000023,0.9928057553956835,40460.6,93579.9
1,300.8,310.9,1748,29.9,140,0,10.099999999999966,0.9929078014184397,52265.2,93518.72
0,300.7,310.8,1518,40.1,142,0,10.100000000000023,0.993006993006993,60871.8,93457.56
1,300.7,310.8,1475,42.0,147,0,10.100000000000023,0.9932432432432432,61950.0,93457.56
1,300.8,310.8,1634,29.2,149,0,10.0,0.9933333333333333,47712.799999999996,93488.64000000001
1,300.8,310.8,1689,32.9,151,0,10.0,0.993421052631579,55568.1,93488.64000000001
2,300.9,310.9,1636,35.3,153,0,10.0,0.9935064935064936,57750.799999999996,93549.80999999998
1,300.9,311.0,2235,15.8,156,0,10.100000000000023,0.9936305732484076,35313.0,93579.9
1,301.0,311.1,1615,35.6,158,0,10.100000000000023,0.9937106918238994,57494.0,93641.1
0,301.1,311.1,1618,29.5,160,0,10.0,0.9937888198757764,47731.0,93672.21000000002
2,301.1,311.2,1407,53.0,165,0,10.099999999999966,0.9939759036144579,74571.0,93702.32
1,301.1,311.1,1450,43.3,168,0,10.0,0.9940828402366864,62784.99999999999,93672.21000000002
1,301.1,311.1,1889,23.8,170,0,10.0,0.9941520467836257,44958.200000000004,93672.21000000002
1,301.0,310.9,1568,38.2,172,0,9.899999999999977,0.9942196531791907,59897.600000000006,93580.9
1,301.0,311.0,1804,25.8,174,0,10.0,0.9942857142857143,46543.200000000004,93611.0
1,301.0,311.0,1582,37.5,176,0,10.0,0.9943502824858758,59325.0,93611.0
2,301.0,310.9,2047,17.9,178,0,9.899999999999977,0.994413407821229,36641.299999999996,93580.9
1,300.9,310.9,1601,34.0,181,0,10.0,0.9945054945054945,54434.0,93549.80999999998
1,300.9,310.9,1615,32.0,183,0,10.0,0.9945652173913043,51680.0,93549.80999999998
2,300.9,310.8,1452,43.6,185,0,9.900000000000034,0.9946236559139785,63307.200000000004,93519.72
2,300.9,310.8,1695,30.2,188,0,9.900000000000034,0.9947089947089947,51189.0,93519.72
2,300.9,310.8,1790,26.2,191,0,9.900000000000034,0.9947916666666666,46898.0,93519.72
2,301.0,310.8,1533,39.3,194,0,9.800000000000011,0.9948717948717949,60246.899999999994,93550.8
1,301.0,310.9,1813,28.5,197,0,9.899999999999977,0.9949494949494949,51670.5,93580.9
1,301.0,310.9,1492,36.7,199,0,9.899999999999977,0.995,54756.4,93580.9
1,300.9,310.7,1479,43.3,201,0,9.800000000000011,0.995049504950495,64040.7,93489.62999999999
1,300.8,310.7,1339,59.1,203,1,9.899999999999977,0.9950980392156863,79134.90000000001,93458.56
2,300.8,310.7,1371,44.7,205,0,9.899999999999977,0.9951456310679612,61283.700000000004,93458.56
1,300.9,310.7,1468,36.2,208,0,9.800000000000011,0.9952153110047847,53141.600000000006,93489.62999999999
1,300.9,310.7,1517,41.7,210,0,9.800000000000011,0.995260663507109,63258.9,93489.62999999999
1,300.9,310.7,1352,46.4,212,0,9.800000000000011,0.9953051643192489,62732.799999999996,93489.62999999999
1,300.9,310.7,1389,50.0,214,0,9.800000000000011,0.9953488372093023,69450.0,93489.62999999999
2,300.8,310.6,1505,36.2,0,0,9.800000000000011,0.0,54481.00000000001,93428.48000000001
1,300.9,310.6,1538,36.7,3,0,9.700000000000045,0.75,56444.600000000006,93459.54
1,300.9,310.8,1482,37.0,5,0,9.900000000000034,0.8333333333333334,54834.0,93519.72
2,300.9,310.8,1599,33.0,7,0,9.900000000000034,0.875,52767.0,93519.72
1,300.9,310.8,1476,39.0,10,0,9.900000000000034,0.9090909090909091,57564.0,93519.72
1,300.9,310.7,1509,37.5,12,0,9.800000000000011,0.9230769230769231,56587.5,93489.62999999999
1,300.9,310.8,1708,29.1,14,0,9.900000000000034,0.9333333333333333,49702.8,93519.72
1,300.9,310.7,1412,57.5,16,0,9.800000000000011,0.9411764705882353,81190.0,93489.62999999999
1,300.9,310.7,1658,28.5,18,0,9.800000000000011,0.9473684210526315,47253.0,93489.62999999999
1,301.0,310.8,1375,57.2,20,0,9.800000000000011,0.9523809523809523,78650.0,93550.8
2,300.9,310.8,1402,48.1,22,0,9.900000000000034,0.9565217391304348,67436.2,93519.72
2,300.9,310.7,1452,47.3,25,0,9.800000000000011,0.9615384615384616,68679.59999999999,93489.62999999999
2,300.8,310.7,1483,40.8,28,0,9.899999999999977,0.9655172413793104,60506.399999999994,93458.56
0,300.9,310.8,1477,38.4,31,0,9.900000000000034,0.96875,56716.799999999996,93519.72
2,300.8,310.7,1924,22.4,36,0,9.899999999999977,0.972972972972973,43097.6,93458.56
0,300.9,310.7,1609,28.7,39,0,9.800000000000011,0.975,46178.299999999996,93489.62999999999
2,300.8,310.7,1886,21.1,44,0,9.899999999999977,0.9777777777777777,39794.600000000006,93458.56
1,300.7,310.6,1616,29.6,47,0,9.900000000000034,0.9791666666666666,47833.600000000006,93397.42
1,300.7,310.7,1442,43.2,49,0,10.0,0.98,62294.4,93427.48999999999
1,300.8,310.8,1407,45.1,51,0,10.0,0.9807692307692307,63455.700000000004,93488.64000000001
2,300.8,310.8,1461,41.3,53,0,10.0,0.9814814814814815,60339.299999999996,93488.64000000001
2,300.8,310.9,1522,46.2,56,0,10.099999999999966,0.9824561403508771,70316.40000000001,93518.72
1,300.9,311.0,1432,48.1,59,0,10.100000000000023,0.9833333333333333,68879.2,93579.9
1,300.9,311.0,1438,49.0,61,0,10.100000000000023,0.9838709677419355,70462.0,93579.9
2,300.8,310.9,1678,28.1,63,0,10.099999999999966,0.984375,47151.8,93518.72
2,300.8,310.9,1514,38.7,66,0,10.099999999999966,0.9850746268656716,58591.8,93518.72
1,300.7,310.8,1534,41.3,69,0,10.100000000000023,0.9857142857142858,63354.2,93457.56
2,300.7,310.8,1486,41.2,71,0,10.100000000000023,0.9861111111111112,61223.200000000004,93457.56
1,300.7,310.8,1925,22.0,74,0,10.100000000000023,0.9866666666666667,42350.0,93457.56
2,300.7,310.8,1724,30.0,76,0,10.100000000000023,0.987012987012987,51720.0,93457.56
2,300.8,310.8,1549,35.5,79,0,10.0,0.9875,54989.5,93488.64000000001
1,300.8,310.9,1457,47.7,82,0,10.099999999999966,0.9879518072289156,69498.90000000001,93518.72
1,300.8,310.9,1453,43.9,84,0,10.099999999999966,0.9882352941176471,63786.7,93518.72
1,300.8,311.0,1578,44.4,86,0,10.199999999999989,0.9885057471264368,70063.2,93548.8
2,300.9,311.1,1325,61.4,88,0,10.200000000000045,0.9887640449438202,81355.0,93609.99
1,300.9,311.1,1471,39.3,91,0,10.200000000000045,0.9891304347826086,57810.299999999996,93609.99
2,300.9,311.2,1472,40.0,93,0,10.300000000000011,0.9893617021276596,58880.0,93640.07999999999
1,300.9,311.1,1457,37.4,96,0,10.200000000000045,0.9896907216494846,54491.799999999996,93609.99
1,301.0,311.0,1402,55.3,98,0,10.0,0.98989898989899,77530.59999999999,93611.0
1,300.9,310.9,1477,41.5,100,0,10.0,0.9900990099009901,61295.5,93549.80999999998
2,300.9,310.9,1727,30.1,102,0,10.0,0.9902912621359223,51982.700000000004,93549.80999999998
1,300.9,310.9,1995,20.2,105,0,10.0,0.9905660377358491,40299.0,93549.80999999998
1,300.9,310.9,1370,52.5,107,0,10.0,0.9907407407407407,71925.0,93549.80999999998
1,300.9,310.9,1228,66.4,109,0,10.0,0.990909090909091,81539.20000000001,93549.80999999998
1,300.9,311.0,1499,38.0,111,0,10.100000000000023,0.9910714285714286,56962.0,93579.9
2,301.0,311.0,1508,46.9,113,0,10.0,0.9912280701754386,70725.2,93611.0
1,301.0,310.9,1473,44.2,116,0,9.899999999999977,0.9914529914529915,65106.600000000006,93580.9
0,301.0,311.0,1640,37.6,118,0,10.0,0.9915966386554622,61664.0,93611.0
1,301.1,311.1,1429,42.5,123,0,10.0,0.9919354838709677,60732.5,93672.21000000002
1,301.1,311.1,1470,40.9,125,0,10.0,0.9920634920634921,60123.0,93672.21000000002
1,301.0,311.0,1581,37.0,127,0,10.0,0.9921875,58497.0,93611.0
1,301.0,310.9,1740,28.9,129,0,9.899999999999977,0.9923076923076923,50286.0,93580.9
0,300.9,310.8,1390,40.6,131,0,9.900000000000034,0.9924242424242424,56434.0,93519.72
2,300.9,310.8,1988,19.7,136,0,9.900000000000034,0.9927007299270073,39163.6,93519.72
2,300.8,310.7,1452,43.0,139,0,9.899999999999977,0.9928571428571429,62436.0,93458.56
1,300.8,310.7,1586,33.4,142,0,9.899999999999977,0.993006993006993,52972.399999999994,93458.56
1,300.8,310.7,1589,34.3,144,0,9.899999999999977,0.993103448275862,54502.7,93458.56
1,300.8,310.8,1486,45.7,146,0,10.0,0.9931972789115646,67910.2,93488.64000000001
1,300.9,310.9,1755,27.9,148,0,10.0,0.9932885906040269,48964.5,93549.80999999998
2,301.0,310.9,1575,34.6,150,0,9.899999999999977,0.9933774834437086,54495.0,93580.9
2,301.1,311.1,1615,37.7,153,0,10.0,0.9935064935064936,60885.50000000001,93672.21000000002
2,301.1,311.1,1436,41.8,156,0,10.0,0.9936305732484076,60024.799999999996,93672.21000000002
2,301.1,311.1,1470,40.6,159,0,10.0,0.99375,59682.0,93672.21000000002
2,301.1,311.1,2089,19.8,162,0,10.0,0.9938650306748467,41362.200000000004,93672.21000000002
1,301.1,311.2,1564,37.0,165,0,10.099999999999966,0.9939759036144579,57868.0,93702.32
2,301.0,311.1,1420,47.4,167,0,10.100000000000023,0.9940476190476191,67308.0,93641.1
1,301.1,311.1,1711,29.1,170,0,10.0,0.9941520467836257,49790.100000000006,93672.21000000002
1,301.1,311.2,1555,35.3,172,0,10.099999999999966,0.9942196531791907,54891.49999999999,93702.32
2,301.1,311.1,1592,35.7,174,0,10.0,0.9942857142857143,56834.4,93672.21000000002
1,301.0,311.1,1236,64.4,177,1,10.100000000000023,0.9943820224719101,79598.40000000001,93641.1
2,301.0,310.9,1765,24.2,179,0,9.899999999999977,0.9944444444444445,42713.0,93580.9
1,301.0,311.0,1634,31.2,182,0,10.0,0.994535519125683,50980.799999999996,93611.0
1,301.1,311.1,1508,41.5,184,0,10.0,0.9945945945945946,62582.0,93672.21000000002
1,301.1,311.2,1774,29.6,186,0,10.099999999999966,0.9946524064171123,52510.4,93702.32
1,301.1,311.0,1677,29.1,188,0,9.899999999999977,0.9947089947089947,48800.700000000004,93642.1
1,301.0,311.0,1399,58.0,190,1,10.0,0.9947643979057592,81142.0,93611.0
1,301.0,310.9,1570,34.0,192,0,9.899999999999977,0.9948186528497409,53380.0,93580.9
1,301.0,310.9,1479,44.3,194,0,9.899999999999977,0.9948717948717949,65519.7,93580.9
1,301.0,310.8,1558,34.9,196,0,9.800000000000011,0.9949238578680203,54374.2,93550.8
1,300.8,310.7,1358,48.1,198,0,9.899999999999977,0.9949748743718593,65319.8,93458.56
0,300.9,310.7,1656,30.7,200,0,9.800000000000011,0.9950248756218906,50839.2,93489.62999999999
1,300.9,310.7,1523,35.8,205,0,9.800000000000011,0.9951456310679612,54523.399999999994,93489.62999999999
0,300.9,310.7,1403,40.6,207,0,9.800000000000011,0.9951923076923077,56961.8,93489.62999999999
2,300.9,310.7,1362,51.6,212,0,9.800000000000011,0.9953051643192489,70279.2,93489.62999999999
2,300.7,310.6,1778,27.1,215,0,9.900000000000034,0.9953703703703703,48183.8,93397.42
1,300.7,310.5,1448,38.2,218,0,9.800000000000011,0.9954337899543378,55313.600000000006,93367.34999999999
0,300.8,310.5,1559,40.1,220,0,9.699999999999989,0.995475113122172,62515.9,93398.40000000001
1,300.8,310.6,1416,42.2,225,0,9.800000000000011,0.995575221238938,59755.200000000004,93428.48000000001
1,300.8,310.6,1577,37.9,227,1,9.800000000000011,0.9956140350877193,59768.299999999996,93428.48000000001
1,300.8,310.7,1633,27.8,0,0,9.899999999999977,0.0,45397.4,93458.56
1,300.9,310.7,1573,31.2,2,0,9.800000000000011,0.6666666666666666,49077.6,93489.62999999999
1,300.9,310.8,1517,44.3,4,0,9.900000000000034,0.8,67203.09999999999,93519.72
1,301.0,310.9,1515,37.3,6,0,9.899999999999977,0.8571428571428571,56509.49999999999,93580.9
1,301.0,310.8,1527,45.3,8,0,9.800000000000011,0.8888888888888888,69173.09999999999,93550.8
1,301.1,310.9,1282,67.9,10,1,9.799999999999955,0.9090909090909091,87047.8,93611.99
2,301.1,310.9,1396,45.1,12,0,9.799999999999955,0.9230769230769231,62959.6,93611.99
1,301.0,310.9,1492,44.6,15,0,9.899999999999977,0.9375,66543.2,93580.9
1,301.0,310.8,1975,19.7,17,0,9.800000000000011,0.9444444444444444,38907.5,93550.8
1,301.0,310.8,1475,35.3,19,0,9.800000000000011,0.95,52067.49999999999,93550.8
0,301.0,310.9,1495,37.3,21,0,9.899999999999977,0.9545454545454546,55763.49999999999,93580.9
1,301.0,311.0,1553,35.8,26,0,10.0,0.9629629629629629,55597.399999999994,93611.0
1,301.1,311.0,1918,21.7,28,0,9.899999999999977,0.9655172413793104,41620.6,93642.1
2,301.1,311.0,1413,46.6,30,0,9.899999999999977,0.967741935483871,65845.8,93642.1
1,301.0,311.0,1437,56.0,33,0,10.0,0.9705882352941176,80472.0,93611.0
1,301.0,310.9,1450,45.9,35,0,9.899999999999977,0.9722222222222222,66555.0,93580.9
2,301.0,310.9,1910,21.9,37,0,9.899999999999977,0.9736842105263158,41829.0,93580.9
1,300.9,310.9,1749,26.4,40,0,10.0,0.975609756097561,46173.6,93549.80999999998
0,301.0,310.9,1916,22.0,42,0,9.899999999999977,0.9767441860465116,42152.0,93580.9
1,301.0,310.9,1428,45.3,47,0,9.899999999999977,0.9791666666666666,64688.399999999994,93580.9
1,301.0,310.9,1578,38.4,49,0,9.899999999999977,0.98,60595.2,93580.9
1,300.9,310.8,1571,39.9,51,0,9.900000000000034,0.9807692307692307,62682.899999999994,93519.72
1,300.9,310.8,1729,30.2,53,0,9.900000000000034,0.9814814814814815,52215.799999999996,93519.72
1,300.9,310.8,1701,30.4,55,0,9.900000000000034,0.9821428571428571,51710.399999999994,93519.72
1,300.9,310.8,1493,45.8,57,0,9.900000000000034,0.9827586206896551,68379.4,93519.72
2,301.0,310.9,1554,32.7,59,0,9.899999999999977,0.9833333333333333,50815.8,93580.9
1,300.9,310.9,1497,43.2,62,0,10.0,0.9841269841269841,64670.4,93549.80999999998
1,301.0,310.9,1679,29.8,64,0,9.899999999999977,0.9846153846153847,50034.200000000004,93580.9
2,301.0,310.9,1510,44.5,66,0,9.899999999999977,0.9850746268656716,67195.0,93580.9
1,301.0,310.9,1296,54.9,69,0,9.899999999999977,0.9857142857142858,71150.4,93580.9
1,301.0,310.9,1404,41.8,71,0,9.899999999999977,0.9861111111111112,58687.2,93580.9
2,300.9,310.8,1519,34.9,73,0,9.900000000000034,0.9864864864864865,53013.1,93519.72
2,300.9,310.7,1696,27.3,76,0,9.800000000000011,0.987012987012987,46300.8,93489.62999999999
2,300.8,310.6,1669,28.4,79,0,9.800000000000011,0.9875,47399.6,93428.48000000001
1,300.7,310.6,1447,40.7,82,0,9.900000000000034,0.9879518072289156,58892.9,93397.42
2,300.7,310.6,1418,46.3,84,0,9.900000000000034,0.9882352941176471,65653.4,93397.42
1,300.7,310.6,1407,40.5,87,0,9.900000000000034,0.9886363636363636,56983.5,93397.42
1,300.8,310.5,1434,44.5,89,0,9.699999999999989,0.9888888888888889,63813.0,93398.40000000001
1,300.8,310.6,1360,48.8,91,0,9.800000000000011,0.9891304347826086,66368.0,93428.48000000001
1,300.8,310.6,1402,53.7,93,0,9.800000000000011,0.9893617021276596,75287.40000000001,93428.48000000001
1,300.9,310.6,1552,34.9,95,0,9.700000000000045,0.9895833333333334,54164.799999999996,93459.54
1,300.9,310.7,1392,44.2,97,0,9.800000000000011,0.9897959183673469,61526.4,93489.62999999999
1,301.1,310.8,1521,41.0,99,0,9.699999999999989,0.99,62361.0,93581.88
1,301.1,310.8,1724,27.5,101,0,9.699999999999989,0.9901960784313726,47410.0,93581.88
2,301.0,310.7,1455,46.1,103,0,9.699999999999989,0.9903846153846154,67075.5,93520.7
0,301.0,310.6,1366,50.6,106,0,9.600000000000023,0.9906542056074766,69119.6,93490.6
0,301.1,310.6,1407,43.9,111,0,9.5,0.9910714285714286,61767.299999999996,93521.66000000002
1,301.1,310.8,1470,49.3,116,0,9.699999999999989,0.9914529914529915,72471.0,93581.88
2,301.2,310.9,1359,50.8,118,0,9.699999999999989,0.9915966386554622,69037.2,93643.07999999999
0,301.1,310.8,1792,25.8,121,0,9.699999999999989,0.9918032786885246,46233.6,93581.88
2,301.1,310.9,1552,37.9,126,0,9.799999999999955,0.9921259842519685,58820.799999999996,93611.99
1,301.2,311.0,1612,32.9,129,0,9.800000000000011,0.9923076923076923,53034.799999999996,93673.2
2,301.2,311.0,1424,41.4,131,0,9.800000000000011,0.9924242424242424,58953.6,93673.2
0,301.3,311.0,1341,59.3,134,0,9.699999999999989,0.9925925925925926,79521.3,93704.3
1,301.2,310.8,1479,38.2,139,0,9.600000000000023,0.9928571428571429,56497.8,93612.96
1,301.2,310.9,1413,50.1,141,0,9.699999999999989,0.9929577464788732,70791.3,93643.07999999999
1,301.3,310.9,2165,17.4,143,0,9.599999999999966,0.9930555555555556,37671.0,93674.17
2,301.3,311.0,1641,33.0,145,0,9.699999999999989,0.9931506849315068,54153.0,93704.3
2,301.3,311.0,1495,40.8,148,0,9.699999999999989,0.9932885906040269,60995.99999999999,93704.3
1,301.3,311.0,1576,30.4,151,0,9.699999999999989,0.993421052631579,47910.399999999994,93704.3
1,301.2,310.9,1467,37.1,153,0,9.699999999999989,0.9935064935064936,54425.700000000004,93643.07999999999
1,301.2,310.8,1479,41.2,155,0,9.600000000000023,0.9935897435897436,60934.8,93612.96
1,301.3,310.9,1596,33.9,157,0,9.599999999999966,0.9936708860759493,54104.399999999994,93674.17
2,301.3,310.9,1512,36.9,159,0,9.599999999999966,0.99375,55792.799999999996,93674.17
1,301.4,310.9,1414,38.8,162,0,9.5,0.9938650306748467,54863.2,93705.25999999998
1,301.3,310.8,1390,57.4,164,0,9.5,0.9939393939393939,79786.0,93644.04000000001
1,301.2,310.7,1644,31.6,166,0,9.5,0.9940119760479041,51950.4,93582.84
2,301.2,310.7,1394,42.8,168,0,9.5,0.9940828402366864,59663.2,93582.84
1,301.1,310.5,1324,52.4,171,0,9.399999999999977,0.9941860465116279,69377.59999999999,93491.55
1,301.0,310.4,1476,43.6,173,0,9.399999999999977,0.9942528735632183,64353.6,93430.4
1,301.0,310.4,2204,16.6,175,0,9.399999999999977,0.9943181818181818,36586.4,93430.4
2,301.0,310.4,1665,30.9,177,0,9.399999999999977,0.9943820224719101,51448.5,93430.4
1,300.9,310.4,1445,41.7,180,0,9.5,0.994475138121547,60256.50000000001,93399.35999999999
0,300.8,310.3,1457,46.8,182,0,9.5,0.994535519125683,68187.59999999999,93338.24
1,300.8,310.2,1492,46.3,187,0,9.399999999999977,0.9946808510638298,69079.59999999999,93308.16
1,300.8,310.1,1405,61.2,189,1,9.300000000000011,0.9947368421052631,85986.0,93278.08000000002
1,300.7,310.1,1542,35.5,191,0,9.400000000000034,0.9947916666666666,54741.0,93247.07
1,300.8,310.2,1520,37.7,193,0,9.399999999999977,0.9948453608247423,57304.00000000001,93308.16
2,300.8,310.2,1598,36.5,195,0,9.399999999999977,0.9948979591836735,58327.0,93308.16
1,300.8,310.3,1538,36.1,198,0,9.5,0.9949748743718593,55521.8,93338.24
1,300.9,310.4,1615,30.9,200,0,9.5,0.9950248756218906,49903.5,93399.35999999999
1,301.0,310.5,1408,47.0,202,0,9.5,0.9950738916256158,66176.0,93460.5
1,301.0,310.5,1379,57.3,204,1,9.5,0.9951219512195122,79016.7,93460.5
1,301.0,310.6,1493,37.8,206,1,9.600000000000023,0.9951690821256038,56435.399999999994,93490.6
1,301.1,310.7,1376,49.1,0,0,9.599999999999966,0.0,67561.6,93551.77
2,301.1,310.7,1583,40.7,2,0,9.599999999999966,0.6666666666666666,64428.100000000006,93551.77
2,301.2,310.8,1396,47.4,5,0,9.600000000000023,0.8333333333333334,66170.4,93612.96
1,301.1,310.7,1436,45.3,8,0,9.599999999999966,0.8888888888888888,65050.799999999996,93551.77
1,301.1,310.6,1417,47.6,10,0,9.5,0.9090909090909091,67449.2,93521.66000000002
1,301.0,310.6,1641,33.4,12,0,9.600000000000023,0.9230769230769231,54809.399999999994,93490.6
2,301.0,310.6,1698,27.3,14,0,9.600000000000023,0.9333333333333333,46355.4,93490.6
1,300.9,310.4,1541,39.1,17,0,9.5,0.9444444444444444,60253.100000000006,93399.35999999999
1,300.8,310.3,1383,46.6,19,0,9.5,0.95,64447.8,93338.24
1,300.8,310.4,1368,46.8,21,0,9.599999999999966,0.9545454545454546,64022.399999999994,93368.31999999999
1,300.8,310.4,1570,35.2,23,0,9.599999999999966,0.9583333333333334,55264.00000000001,93368.31999999999
1,300.9,310.5,1616,33.5,25,0,9.600000000000023,0.9615384615384616,54136.0,93429.45
2,300.9,310.5,1444,43.2,27,0,9.600000000000023,0.9642857142857143,62380.8,93429.45
1,300.9,310.4,2021,18.8,30,0,9.5,0.967741935483871,37994.8,93399.35999999999
2,300.9,310.5,1702,29.3,32,0,9.600000000000023,0.9696969696969697,49868.6,93429.45
2,301.1,310.6,1429,52.7,35,0,9.5,0.9722222222222222,75308.3,93521.66000000002
1,301.2,310.8,1711,28.9,38,0,9.600000000000023,0.9743589743589743,49447.899999999994,93612.96
2,301.2,310.7,1543,32.9,40,0,9.5,0.975609756097561,50764.7,93582.84
1,301.3,310.8,1628,32.2,43,0,9.5,0.9772727272727273,52421.600000000006,93644.04000000001
1,301.2,310.8,1233,64.6,45,0,9.600000000000023,0.9782608695652174,79651.79999999999,93612.96
1,301.2,310.8,1461,40.6,47,0,9.600000000000023,0.9791666666666666,59316.6,93612.96
1,301.2,310.7,1568,38.3,49,0,9.5,0.98,60054.399999999994,93582.84
1,301.3,310.8,1432,54.4,51,0,9.5,0.9807692307692307,77900.8,93644.04000000001
2,301.2,310.7,1527,41.1,53,0,9.5,0.9814814814814815,62759.700000000004,93582.84
2,301.3,310.8,1455,41.2,56,0,9.5,0.9824561403508771,59946.00000000001,93644.04000000001
2,301.3,310.8,1418,45.4,59,0,9.5,0.9833333333333333,64377.2,93644.04000000001
1,301.3,310.8,1719,29.5,62,0,9.5,0.9841269841269841,50710.5,93644.04000000001
2,301.2,310.8,1734,31.3,64,0,9.600000000000023,0.9846153846153847,54274.200000000004,93612.96
2,301.2,310.7,1426,46.1,67,0,9.5,0.9852941176470589,65738.6,93582.84
1,301.1,310.6,1611,35.2,70,0,9.5,0.9859154929577465,56707.200000000004,93521.66000000002
2,301.1,310.6,1479,41.1,72,0,9.5,0.9863013698630136,60786.9,93521.66000000002
1,301.0,310.5,1317,50.9,75,0,9.5,0.9868421052631579,67035.3,93460.5
1,301.0,310.5,1248,61.4,77,0,9.5,0.9871794871794872,76627.2,93460.5
1,301.0,310.5,1932,21.7,79,0,9.5,0.9875,41924.4,93460.5
2,301.1,310.5,1547,35.8,81,0,9.399999999999977,0.9878048780487805,55382.6,93491.55
1,301.0,310.4,1614,31.6,84,0,9.399999999999977,0.9882352941176471,51002.4,93430.4
0,301.0,310.4,1512,44.9,86,0,9.399999999999977,0.9885057471264368,67888.8,93430.4
1,301.1,310.5,1529,38.7,91,0,9.399999999999977,0.9891304347826086,59172.3,93491.55
0,301.1,310.6,1782,24.9,93,0,9.5,0.9893617021276596,44371.799999999996,93521.66000000002
1,301.0,310.5,1429,39.4,98,0,9.5,0.98989898989899,56302.6,93460.5
2,301.1,310.5,1309,60.7,100,0,9.399999999999977,0.9900990099009901,79456.3,93491.55
1,301.1,310.5,1428,44.1,103,0,9.399999999999977,0.9903846153846154,62974.8,93491.55
1,301.2,310.6,1385,49.2,105,0,9.400000000000034,0.9905660377358491,68142.0,93552.72
1,301.2,310.7,1517,39.4,107,0,9.5,0.9907407407407407,59769.799999999996,93582.84
2,301.2,310.6,1576,39.6,109,0,9.400000000000034,0.990909090909091,62409.600000000006,93552.72
1,301.2,310.6,1437,51.2,112,0,9.400000000000034,0.9911504424778761,73574.40000000001,93552.72
0,301.2,310.6,1457,50.5,114,0,9.400000000000034,0.991304347826087,73578.5,93552.72
1,301.1,310.5,1532,37.5,119,0,9.399999999999977,0.9916666666666667,57450.0,93491.55
2,301.1,310.5,1603,32.6,121,0,9.399999999999977,0.9918032786885246,52257.8,93491.55
1,301.0,310.4,1563,34.4,124,0,9.399999999999977,0.992,53767.2,93430.4
1,301.0,310.3,1617,34.5,126,0,9.300000000000011,0.9921259842519685,55786.5,93400.3
2,300.8,310.1,1686,26.9,128,0,9.300000000000011,0.9922480620155039,45353.399999999994,93278.08000000002
1,300.9,310.2,1382,50.4,131,0,9.300000000000011,0.9924242424242424,69652.8,93339.18
1,300.9,310.1,2090,17.8,133,0,9.200000000000045,0.9925373134328358,37202.0,93309.09
1,300.9,310.3,1446,44.5,135,0,9.400000000000034,0.9926470588235294,64347.0,93369.26999999999
2,300.9,310.2,1533,38.1,137,0,9.300000000000011,0.9927536231884058,58407.3,93339.18
1,300.9,310.3,1440,47.6,140,0,9.400000000000034,0.9929078014184397,68544.0,93369.26999999999
2,301.0,310.4,1793,25.0,142,0,9.399999999999977,0.993006993006993,44825.0,93430.4
2,301.0,310.4,1517,46.1,145,0,9.399999999999977,0.9931506849315068,69933.7,93430.4
1,300.9,310.4,1544,36.0,148,0,9.5,0.9932885906040269,55584.0,93399.35999999999
1,300.9,310.3,1321,48.8,150,0,9.400000000000034,0.9933774834437086,64464.799999999996,93369.26999999999
2,300.9,310.3,1416,50.9,152,0,9.400000000000034,0.9934640522875817,72074.4,93369.26999999999
1,300.8,310.2,1514,40.0,155,0,9.399999999999977,0.9935897435897436,60560.0,93308.16
2,300.8,310.2,1304,52.5,157,0,9.399999999999977,0.9936708860759493,68460.0,93308.16
1,300.7,310.2,1286,64.9,160,0,9.5,0.9937888198757764,83461.40000000001,93277.14
2,300.7,310.1,1483,40.2,162,0,9.400000000000034,0.9938650306748467,59616.600000000006,93247.07
1,300.7,310.1,1351,46.9,165,0,9.400000000000034,0.9939759036144579,63361.9,93247.07
2,300.7,310.1,1367,52.6,167,0,9.400000000000034,0.9940476190476191,71904.2,93247.07
1,300.7,310.1,1721,32.3,170,0,9.400000000000034,0.9941520467836257,55588.299999999996,93247.07
1,300.6,310.0,1455,40.4,172,0,9.399999999999977,0.9942196531791907,58782.0,93186.0
1,300.6,310.0,1425,49.5,174,0,9.399999999999977,0.9942857142857143,70537.5,93186.0
1,300.7,310.0,1672,29.7,176,0,9.300000000000011,0.9943502824858758,49658.4,93217.0
2,300.7,310.0,1641,34.6,178,0,9.300000000000011,0.994413407821229,56778.600000000006,93217.0
2,300.5,310.0,1580,37.0,181,0,9.5,0.9945054945054945,58460.0,93155.0
0,300.5,310.0,1495,47.4,184,0,9.5,0.9945945945945946,70863.0,93155.0
2,300.5,309.9,1994,19.8,189,0,9.399999999999977,0.9947368421052631,39481.200000000004,93124.95
2,300.4,309.9,1415,31.8,192,0,9.5,0.9948186528497409,44997.0,93093.95999999999
2,300.4,309.8,1725,30.4,195,0,9.400000000000034,0.9948979591836735,52440.0,93063.92
2,300.4,309.8,1430,43.4,198,0,9.400000000000034,0.9949748743718593,62062.0,93063.92
1,300.4,309.8,1395,48.1,201,0,9.400000000000034,0.995049504950495,67099.5,93063.92
2,300.4,309.8,1435,43.6,203,0,9.400000000000034,0.9950980392156863,62566.0,93063.92
1,300.4,309.9,1681,28.6,206,0,9.5,0.9951690821256038,48076.600000000006,93093.95999999999
1,300.5,310.0,1451,48.6,208,0,9.5,0.9952153110047847,70518.6,93155.0
0,300.5,309.9,1397,45.9,210,1,9.399999999999977,0.995260663507109,64122.299999999996,93124.95
2,300.4,309.8,1421,47.2,0,0,9.400000000000034,0.0,67071.2,93063.92
2,300.3,309.8,1444,42.0,3,0,9.5,0.75,60648.0,93032.94
1,300.2,309.8,1827,23.0,6,0,9.600000000000023,0.8571428571428571,42021.0,93001.96
0,300.2,309.8,1374,47.7,8,0,9.600000000000023,0.8888888888888888,65539.8,93001.96
1,300.2,309.8,1650,29.6,13,0,9.600000000000023,0.9285714285714286,48840.0,93001.96
1,300.2,309.7,1275,60.7,15,0,9.5,0.9375,77392.5,92971.93999999999
1,300.2,309.7,1421,44.6,17,0,9.5,0.9444444444444444,63376.6,92971.93999999999
1,300.2,309.8,1557,33.8,19,0,9.600000000000023,0.95,52626.6,93001.96
1,300.1,309.8,1506,35.2,21,0,9.699999999999989,0.9545454545454546,53011.200000000004,92970.98000000001
1,300.1,309.7,1362,49.1,23,0,9.599999999999966,0.9583333333333334,66874.2,92940.97
1,300.0,309.7,1542,47.1,25,0,9.699999999999989,0.9615384615384616,72628.2,92910.0
1,300.0,309.6,1496,38.8,27,0,9.600000000000023,0.9642857142857143,58044.799999999996,92880.0
2,300.0,309.6,1491,42.0,29,0,9.600000000000023,0.9666666666666667,62622.0,92880.0
1,300.1,309.6,1565,34.8,32,0,9.5,0.9696969696969697,54461.99999999999,92910.96000000002
1,300.1,309.7,1481,37.9,34,0,9.599999999999966,0.9714285714285714,56129.9,92940.97
2,300.1,309.7,1420,48.4,36,0,9.599999999999966,0.972972972972973,68728.0,92940.97
1,300.2,309.8,1398,54.8,39,0,9.600000000000023,0.975,76610.4,93001.96
2,300.2,309.8,1466,45.7,41,0,9.600000000000023,0.9761904761904762,66996.2,93001.96
1,300.1,309.8,1430,56.7,44,0,9.699999999999989,0.9777777777777777,81081.0,92970.98000000001
1,300.1,309.7,1441,40.1,46,0,9.599999999999966,0.9787234042553191,57784.1,92940.97
2,300.1,309.7,1348,57.3,48,0,9.599999999999966,0.9795918367346939,77240.4,92940.97
1,300.0,309.6,1738,28.7,51,0,9.600000000000023,0.9807692307692307,49880.6,92880.0
2,300.0,309.6,1618,36.2,53,0,9.600000000000023,0.9814814814814815,58571.600000000006,92880.0
2,299.9,309.6,1489,41.7,56,0,9.700000000000045,0.9824561403508771,62091.3,92849.04
2,299.9,309.5,1412,57.9,59,0,9.600000000000023,0.9833333333333333,81754.8,92819.04999999999
2,299.9,309.5,2065,18.1,62,0,9.600000000000023,0.9841269841269841,37376.5,92819.04999999999
1,300.0,309.6,1571,33.1,65,0,9.600000000000023,0.9848484848484849,52000.100000000006,92880.0
2,300.0,309.6,1423,48.7,67,0,9.600000000000023,0.9852941176470589,69300.1,92880.0
0,300.0,309.5,1781,24.9,70,0,9.5,0.9859154929577465,44346.899999999994,92850.0
1,300.1,309.6,1321,46.9,75,0,9.5,0.9868421052631579,61954.9,92910.96000000002
1,300.1,309.6,1546,36.7,77,0,9.5,0.9871794871794872,56738.200000000004,92910.96000000002
2,300.0,309.5,1879,22.4,79,0,9.5,0.9875,42089.6,92850.0
0,300.0,309.5,1735,28.9,82,0,9.5,0.9879518072289156,50141.5,92850.0
1,300.0,309.5,1506,38.8,87,0,9.5,0.9886363636363636,58432.799999999996,92850.0
0,300.0,309.6,1629,32.3,89,0,9.600000000000023,0.9888888888888889,52616.7,92880.0
1,300.0,309.6,1694,28.7,94,0,9.600000000000023,0.9894736842105263,48617.799999999996,92880.0
1,300.1,309.6,1541,37.0,96,0,9.5,0.9896907216494846,57017.0,92910.96000000002
1,300.0,309.6,1514,44.6,98,0,9.600000000000023,0.98989898989899,67524.40000000001,92880.0
1,300.1,309.7,1485,45.9,100,0,9.599999999999966,0.9900990099009901,68161.5,92940.97
1,300.2,309.8,1430,55.0,102,0,9.600000000000023,0.9902912621359223,78650.0,93001.96
1,300.2,309.7,1771,27.1,104,0,9.5,0.9904761904761905,47994.100000000006,92971.93999999999
1,300.2,309.8,1481,41.9,106,0,9.600000000000023,0.9906542056074766,62053.9,93001.96
0,300.2,309.7,1483,43.8,108,0,9.5,0.9908256880733946,64955.399999999994,92971.93999999999
0,300.1,309.6,1463,45.1,113,0,9.5,0.9912280701754386,65981.3,92910.96000000002
1,300.1,309.7,1410,48.3,118,0,9.599999999999966,0.9915966386554622,68103.0,92940.97
1,300.2,309.7,1656,34.3,120,0,9.5,0.9917355371900827,56800.799999999996,92971.93999999999
2,300.2,309.8,1487,39.2,122,0,9.600000000000023,0.991869918699187,58290.4,93001.96
0,300.3,309.9,1509,46.6,125,0,9.599999999999966,0.9920634920634921,70319.40000000001,93062.97
0,300.3,309.9,1677,30.1,130,0,9.599999999999966,0.9923664122137404,50477.700000000004,93062.97
1,300.3,309.8,1450,55.0,135,0,9.5,0.9926470588235294,79750.0,93032.94
2,300.2,309.7,1413,43.0,137,0,9.5,0.9927536231884058,60759.0,92971.93999999999
1,300.1,309.7,1680,33.8,140,0,9.599999999999966,0.9929078014184397,56783.99999999999,92940.97
1,300.2,309.7,1678,30.5,142,0,9.5,0.993006993006993,51179.0,92971.93999999999
2,300.2,309.7,1408,44.0,144,0,9.5,0.993103448275862,61952.0,92971.93999999999
2,300.1,309.6,1376,52.1,147,0,9.5,0.9932432432432432,71689.6,92910.96000000002
1,300.0,309.6,1526,46.4,150,0,9.600000000000023,0.9933774834437086,70806.4,92880.0
2,300.0,309.6,1587,32.6,152,0,9.600000000000023,0.9934640522875817,51736.200000000004,92880.0
1,300.1,309.7,1351,58.2,155,0,9.599999999999966,0.9935897435897436,78628.2,92940.97
2,300.1,309.6,1501,38.0,157,0,9.5,0.9936708860759493,57038.0,92910.96000000002
1,300.1,309.7,1601,35.8,160,0,9.599999999999966,0.9937888198757764,57315.799999999996,92940.97
2,300.0,309.6,1573,39.7,162,0,9.600000000000023,0.9938650306748467,62448.100000000006,92880.0
2,300.1,309.6,1584,36.7,165,0,9.5,0.9939759036144579,58132.8,92910.96000000002
1,300.1,309.6,1649,33.6,168,0,9.5,0.9940828402366864,55406.4,92910.96000000002
2,300.2,309.7,1183,61.4,170,0,9.5,0.9941520467836257,72636.2,92971.93999999999
1,300.1,309.7,2151,17.5,173,0,9.599999999999966,0.9942528735632183,37642.5,92940.97
1,300.2,309.8,1526,45.6,175,0,9.600000000000023,0.9943181818181818,69585.6,93001.96
2,300.3,309.9,1611,29.0,177,0,9.599999999999966,0.9943820224719101,46719.0,93062.97
1,300.3,309.9,1601,31.7,180,0,9.599999999999966,0.994475138121547,50751.7,93062.97
1,300.3,310.0,1560,40.8,182,0,9.699999999999989,0.994535519125683,63647.99999999999,93093.0
1,300.4,310.1,1544,41.9,184,0,9.700000000000045,0.9945945945945946,64693.6,93154.04
2,300.4,310.0,1560,42.3,186,0,9.600000000000023,0.9946524064171123,65988.0,93124.0
1,300.4,310.0,1423,44.2,189,0,9.600000000000023,0.9947368421052631,62896.600000000006,93124.0
1,300.4,310.1,1614,33.5,191,0,9.700000000000045,0.9947916666666666,54069.0,93154.04
2,300.4,310.1,1457,35.1,193,0,9.700000000000045,0.9948453608247423,51140.700000000004,93154.04
1,300.4,310.1,1503,42.2,196,0,9.700000000000045,0.9949238578680203,63426.600000000006,93154.04
0,300.4,310.1,1484,38.0,198,0,9.700000000000045,0.9949748743718593,56392.0,93154.04
1,300.3,309.9,1540,39.9,203,0,9.599999999999966,0.9950980392156863,61446.0,93062.97
0,300.3,309.9,1405,52.1,205,0,9.599999999999966,0.9951456310679612,73200.5,93062.97
0,300.3,309.9,1394,46.7,210,1,9.599999999999966,0.995260663507109,65099.8,93062.97
1,300.3,309.9,1518,36.4,0,0,9.599999999999966,0.0,55255.2,93062.97
1,300.3,309.9,1527,41.4,2,0,9.599999999999966,0.6666666666666666,63217.799999999996,93062.97
1,300.3,309.9,1377,55.3,4,0,9.599999999999966,0.8,76148.09999999999,93062.97
2,300.3,310.0,1537,37.5,6,0,9.699999999999989,0.8571428571428571,57637.5,93093.0
2,300.3,310.0,1409,43.2,9,0,9.699999999999989,0.9,60868.8,93093.0
1,300.3,309.9,1393,56.1,12,0,9.599999999999966,0.9230769230769231,78147.3,93062.97
1,300.2,309.7,1448,36.8,14,0,9.5,0.9333333333333333,53286.399999999994,92971.93999999999
1,300.2,309.8,1418,49.3,16,0,9.600000000000023,0.9411764705882353,69907.4,93001.96
2,300.2,309.8,1743,24.1,18,0,9.600000000000023,0.9473684210526315,42006.3,93001.96
2,300.2,309.8,1394,47.4,21,0,9.600000000000023,0.9545454545454546,66075.59999999999,93001.96
1,300.3,309.8,1523,39.2,24,0,9.5,0.96,59701.600000000006,93032.94
1,300.2,309.8,1353,59.4,26,0,9.600000000000023,0.9629629629629629,80368.2,93001.96
2,300.3,309.9,1447,46.5,28,0,9.599999999999966,0.9655172413793104,67285.5,93062.97
1,300.3,309.9,1570,34.0,31,0,9.599999999999966,0.96875,53380.0,93062.97
2,300.3,309.9,1494,38.5,33,0,9.599999999999966,0.9705882352941176,57519.0,93062.97
1,300.3,309.9,1621,34.1,36,0,9.599999999999966,0.972972972972973,55276.100000000006,93062.97
1,300.4,310.0,1769,26.1,38,0,9.600000000000023,0.9743589743589743,46170.9,93124.0
1,300.4,310.0,1282,66.1,40,0,9.600000000000023,0.975609756097561,84740.2,93124.0
1,300.4,310.0,1581,30.3,42,0,9.600000000000023,0.9767441860465116,47904.3,93124.0
1,300.6,310.1,1656,32.7,44,0,9.5,0.9777777777777777,54151.200000000004,93216.06000000001
1,300.6,310.2,1648,31.7,46,0,9.599999999999966,0.9787234042553191,52241.6,93246.12000000001
1,300.7,310.2,1639,31.4,48,0,9.5,0.9795918367346939,51464.6,93277.14
1,300.7,310.2,1348,54.8,50,0,9.5,0.9803921568627451,73870.4,93277.14
1,300.8,310.3,1537,33.3,52,0,9.5,0.9811320754716981,51182.1,93338.24
2,300.8,310.3,1270,61.0,54,0,9.5,0.9818181818181818,77470.0,93338.24
1,300.7,310.3,1662,34.4,57,0,9.600000000000023,0.9827586206896551,57172.799999999996,93307.21
2,300.7,310.3,1471,40.2,59,0,9.600000000000023,0.9833333333333333,59134.200000000004,93307.21
1,300.6,310.1,1337,45.8,62,0,9.5,0.9841269841269841,61234.6,93216.06000000001
0,300.7,310.2,1877,24.8,64,0,9.5,0.9846153846153847,46549.6,93277.14
1,300.6,310.2,1519,44.6,69,0,9.599999999999966,0.9857142857142858,67747.40000000001,93246.12000000001
1,300.6,310.2,1378,47.3,71,0,9.599999999999966,0.9861111111111112,65179.399999999994,93246.12000000001
1,300.7,310.2,1696,27.5,73,0,9.5,0.9864864864864865,46640.0,93277.14
1,300.7,310.1,1376,50.8,75,0,9.400000000000034,0.9868421052631579,69900.8,93247.07
1,300.7,310.2,1807,24.2,77,0,9.5,0.9871794871794872,43729.4,93277.14
1,300.7,310.1,1598,32.8,79,0,9.400000000000034,0.9875,52414.399999999994,93247.07
1,300.7,310.1,1565,40.2,81,0,9.400000000000034,0.9878048780487805,62913.00000000001,93247.07
1,300.7,310.2,1387,50.6,83,0,9.5,0.9880952380952381,70182.2,93277.14
1,300.7,310.0,1395,48.0,85,0,9.300000000000011,0.9883720930232558,66960.0,93217.0
2,300.6,310.0,1302,62.9,87,0,9.399999999999977,0.9886363636363636,81895.8,93186.0
2,300.6,310.0,1397,55.2,90,0,9.399999999999977,0.989010989010989,77114.40000000001,93186.0
1,300.6,310.0,1313,52.9,93,0,9.399999999999977,0.9893617021276596,69457.7,93186.0
1,300.6,310.0,1505,35.9,95,0,9.399999999999977,0.9895833333333334,54029.5,93186.0
0,300.6,310.0,1483,44.0,97,0,9.399999999999977,0.9897959183673469,65252.0,93186.0
0,300.5,310.0,1358,60.4,102,0,9.5,0.9902912621359223,82023.2,93155.0
2,300.5,309.9,1735,27.0,107,0,9.399999999999977,0.9907407407407407,46845.0,93124.95
2,300.5,309.8,1416,48.5,110,0,9.300000000000011,0.990990990990991,68676.0,93094.90000000001
1,300.4,309.7,1740,31.1,113,0,9.300000000000011,0.9912280701754386,54114.0,93033.87999999999
1,300.4,309.7,1692,27.4,115,0,9.300000000000011,0.9913793103448276,46360.799999999996,93033.87999999999
1,300.5,309.8,1507,42.5,117,0,9.300000000000011,0.9915254237288136,64047.5,93094.90000000001
2,300.4,309.6,1521,35.0,119,0,9.200000000000045,0.9916666666666667,53235.0,93003.84
1,300.4,309.6,1379,54.5,122,0,9.200000000000045,0.991869918699187,75155.5,93003.84
1,300.4,309.6,1523,38.5,124,0,9.200000000000045,0.992,58635.5,93003.84
0,300.4,309.6,1571,33.6,126,0,9.200000000000045,0.9921259842519685,52785.600000000006,93003.84
0,300.4,309.5,1547,50.7,131,0,9.100000000000023,0.9924242424242424,78432.90000000001,92973.79999999999
2,300.5,309.7,1347,54.3,136,0,9.199999999999989,0.9927007299270073,73142.09999999999,93064.84999999999
1,300.5,309.7,1560,30.2,139,0,9.199999999999989,0.9928571428571429,47112.0,93064.84999999999
1,300.5,309.7,1384,48.6,141,0,9.199999999999989,0.9929577464788732,67262.40000000001,93064.84999999999
1,300.5,309.7,1841,24.6,143,0,9.199999999999989,0.9930555555555556,45288.600000000006,93064.84999999999
1,300.5,309.8,1663,29.1,145,1,9.300000000000011,0.9931506849315068,48393.3,93094.90000000001
1,300.6,309.8,1418,42.7,147,0,9.199999999999989,0.9932432432432432,60548.600000000006,93125.88
1,300.7,309.9,1775,26.6,149,0,9.199999999999989,0.9933333333333333,47215.0,93186.93
1,300.7,309.8,1406,48.4,151,0,9.100000000000023,0.993421052631579,68050.4,93156.86
1,300.6,309.9,1480,43.7,153,0,9.299999999999955,0.9935064935064936,64676.00000000001,93155.94
1,300.7,309.9,1412,45.3,155,0,9.199999999999989,0.9935897435897436,63963.6,93186.93
0,300.6,309.8,1913,22.5,157,0,9.199999999999989,0.9936708860759493,43042.5,93125.88
1,300.6,309.8,1629,37.6,162,0,9.199999999999989,0.9938650306748467,61250.4,93125.88
1,300.5,309.8,1939,21.4,164,0,9.300000000000011,0.9939393939393939,41494.6,93094.90000000001
0,300.6,309.8,1541,36.2,166,0,9.199999999999989,0.9940119760479041,55784.200000000004,93125.88
1,300.7,309.8,1330,54.4,171,0,9.100000000000023,0.9941860465116279,72352.0,93156.86
2,300.7,309.8,1490,38.8,173,0,9.100000000000023,0.9942528735632183,57811.99999999999,93156.86
1,300.7,309.9,1383,44.5,176,0,9.199999999999989,0.9943502824858758,61543.5,93186.93
1,300.8,310.0,1468,52.7,178,0,9.199999999999989,0.994413407821229,77363.6,93248.0
2,300.8,309.9,1444,46.0,180,0,9.099999999999966,0.994475138121547,66424.0,93217.92
1,300.7,309.8,1363,53.1,183,0,9.100000000000023,0.9945652173913043,72375.3,93156.86
1,300.6,309.7,1617,33.2,185,0,9.099999999999966,0.9946236559139785,53684.4,93095.82
2,300.6,309.8,1694,31.1,187,0,9.199999999999989,0.9946808510638298,52683.4,93125.88
1,300.7,309.9,1815,27.0,190,0,9.199999999999989,0.9947643979057592,49005.0,93186.93
1,300.8,309.9,1312,65.3,192,1,9.099999999999966,0.9948186528497409,85673.59999999999,93217.92
0,300.8,309.9,2041,19.2,194,0,9.099999999999966,0.9948717948717949,39187.2,93217.92
1,300.9,310.0,1671,26.8,199,0,9.100000000000023,0.995,44782.8,93279.0
2,300.9,310.0,1416,46.6,201,0,9.100000000000023,0.995049504950495,65985.6,93279.0
2,300.9,310.0,1600,36.0,204,0,9.100000000000023,0.9951219512195122,57600.0,93279.0
1,300.9,310.0,2595,13.7,207,0,9.100000000000023,0.9951923076923077,35551.5,93279.0
2,300.9,309.9,1465,42.9,209,0,9.0,0.9952380952380953,62848.5,93248.90999999999
2,301.0,310.1,1681,27.4,212,0,9.100000000000023,0.9953051643192489,46059.399999999994,93340.1
1,301.1,310.1,1457,39.6,215,0,9.0,0.9953703703703703,57697.200000000004,93371.11000000002
0,301.0,310.1,1454,44.1,217,0,9.100000000000023,0.9954128440366973,64121.4,93340.1
1,301.0,310.1,1558,32.6,0,0,9.100000000000023,0.0,50790.8,93340.1
0,301.0,310.1,1756,30.7,2,0,9.100000000000023,0.6666666666666666,53909.2,93340.1
1,301.1,310.1,1564,36.8,7,0,9.0,0.875,57555.2,93371.11000000002
1,301.1,310.2,1455,55.3,9,0,9.099999999999966,0.9,80461.5,93401.22
2,301.2,310.1,2280,15.7,11,0,8.900000000000034,0.9166666666666666,35796.0,93402.12000000001
2,301.1,310.0,1433,48.1,14,0,8.899999999999977,0.9333333333333333,68927.3,93341.0
1,301.1,310.0,1513,38.0,17,0,8.899999999999977,0.9444444444444444,57494.0,93341.0
1,301.0,309.9,1507,41.8,19,0,8.899999999999977,0.95,62992.6,93279.9
1,301.0,310.0,1480,43.5,21,0,9.0,0.9545454545454546,64380.0,93310.0
0,301.1,310.0,1470,40.1,23,0,8.899999999999977,0.9583333333333334,58947.0,93341.0
1,301.1,310.1,1540,36.6,28,0,9.0,0.9655172413793104,56364.0,93371.11000000002
0,301.0,310.0,1212,67.9,30,0,9.0,0.967741935483871,82294.8,93310.0
1,301.1,310.1,1417,46.9,35,0,9.0,0.9722222222222222,66457.3,93371.11000000002
2,301.2,310.1,1666,34.9,37,0,8.900000000000034,0.9736842105263158,58143.399999999994,93402.12000000001
1,301.1,310.1,1666,27.2,40,0,9.0,0.975609756097561,45315.2,93371.11000000002
1,301.1,310.1,1489,45.8,42,0,9.0,0.9767441860465116,68196.2,93371.11000000002
2,301.1,310.2,1850,27.7,44,0,9.099999999999966,0.9777777777777777,51245.0,93401.22
1,301.1,310.4,1874,24.8,47,0,9.299999999999955,0.9791666666666666,46475.200000000004,93461.44
1,301.1,310.4,1312,73.6,49,1,9.299999999999955,0.98,96563.2,93461.44
1,301.2,310.4,1515,38.4,51,0,9.199999999999989,0.9807692307692307,58176.0,93492.48
1,301.2,310.4,1516,44.4,53,0,9.199999999999989,0.9814814814814815,67310.4,93492.48
1,301.2,310.5,1546,40.0,55,0,9.300000000000011,0.9821428571428571,61840.0,93522.59999999999
1,301.3,310.6,1481,40.9,57,0,9.300000000000011,0.9827586206896551,60572.9,93583.78000000001
0,301.3,310.6,1605,32.5,59,0,9.300000000000011,0.9833333333333333,52162.5,93583.78000000001
0,301.2,310.7,1656,26.2,64,0,9.5,0.9846153846153847,43387.2,93582.84
0,301.2,310.6,1352,52.0,69,0,9.400000000000034,0.9857142857142858,70304.0,93552.72
1,301.3,310.7,1504,47.2,74,0,9.399999999999977,0.9866666666666667,70988.8,93613.91
1,301.3,310.6,1436,44.2,76,0,9.300000000000011,0.987012987012987,63471.200000000004,93583.78000000001
0,301.2,310.5,1505,43.6,78,0,9.300000000000011,0.9873417721518988,65618.0,93522.59999999999
1,301.3,310.5,1406,47.1,83,0,9.199999999999989,0.9880952380952381,66222.6,93553.65000000001
2,301.3,310.5,1481,39.7,85,0,9.199999999999989,0.9883720930232558,58795.700000000004,93553.65000000001
1,301.4,310.7,1487,44.6,88,0,9.300000000000011,0.9887640449438202,66320.2,93644.98
1,301.4,310.7,1436,54.1,90,0,9.300000000000011,0.989010989010989,77687.6,93644.98
2,301.4,310.7,1368,63.7,92,1,9.300000000000011,0.989247311827957,87141.6,93644.98
1,301.4,310.7,1509,38.3,95,0,9.300000000000011,0.9895833333333334,57794.7,93644.98
1,301.4,310.8,1543,36.9,97,0,9.400000000000034,0.9897959183673469,56936.7,93675.12
1,301.4,310.8,1698,29.6,99,0,9.400000000000034,0.99,50260.8,93675.12
2,301.4,310.7,1470,46.5,101,0,9.300000000000011,0.9901960784313726,68355.0,93644.98
2,301.4,310.8,1738,30.3,104,0,9.400000000000034,0.9904761904761905,52661.4,93675.12
2,301.4,310.8,1530,39.9,107,0,9.400000000000034,0.9907407407407407,61047.0,93675.12
1,301.4,310.8,1740,29.2,110,0,9.400000000000034,0.990990990990991,50808.0,93675.12
1,301.4,310.8,1770,24.1,112,0,9.400000000000034,0.9911504424778761,42657.0,93675.12
0,301.3,310.6,1527,44.0,114,0,9.300000000000011,0.991304347826087,67188.0,93583.78000000001
1,301.3,310.7,1516,46.0,119,0,9.399999999999977,0.9916666666666667,69736.0,93613.91
1,301.4,310.7,1616,36.5,121,0,9.300000000000011,0.9918032786885246,58984.0,93644.98
1,301.4,310.7,1786,26.1,123,0,9.300000000000011,0.9919354838709677,46614.600000000006,93644.98
1,301.4,310.8,1389,52.7,125,0,9.400000000000034,0.9920634920634921,73200.3,93675.12
2,301.4,310.7,1639,29.8,127,0,9.300000000000011,0.9921875,48842.200000000004,93644.98
0,301.5,310.7,1394,46.7,130,0,9.199999999999989,0.9923664122137404,65099.8,93676.05
1,301.5,310.7,1686,27.9,135,0,9.199999999999989,0.9926470588235294,47039.399999999994,93676.05
2,301.5,310.6,1638,31.9,137,0,9.100000000000023,0.9927536231884058,52252.2,93645.90000000001
2,301.5,310.6,1447,41.9,140,0,9.100000000000023,0.9929078014184397,60629.299999999996,93645.90000000001
0,301.5,310.6,1512,39.0,143,0,9.100000000000023,0.9930555555555556,58968.0,93645.90000000001
1,301.6,310.8,1961,21.8,148,0,9.199999999999989,0.9932885906040269,42749.8,93737.28000000001
1,301.5,310.7,1596,35.4,150,0,9.199999999999989,0.9933774834437086,56498.399999999994,93676.05
2,301.5,310.7,1871,21.3,152,0,9.199999999999989,0.9934640522875817,39852.3,93676.05
1,301.5,310.7,1942,20.5,155,0,9.199999999999989,0.9935897435897436,39811.0,93676.05
1,301.4,310.6,1557,38.2,157,0,9.200000000000045,0.9936708860759493,59477.4,93614.84
1,301.4,310.6,1550,36.8,159,0,9.200000000000045,0.99375,57039.99999999999,93614.84
1,301.3,310.6,1966,22.6,161,0,9.300000000000011,0.9938271604938271,44431.600000000006,93583.78000000001
2,301.3,310.6,1499,36.1,163,0,9.300000000000011,0.9939024390243902,54113.9,93583.78000000001
1,301.3,310.6,1521,36.3,166,0,9.300000000000011,0.9940119760479041,55212.299999999996,93583.78000000001
2,301.4,310.7,1375,42.0,168,0,9.300000000000011,0.9940828402366864,57750.0,93644.98
1,301.4,310.6,1634,31.1,171,0,9.200000000000045,0.9941860465116279,50817.4,93614.84
2,301.3,310.6,1378,49.4,173,0,9.300000000000011,0.9942528735632183,68073.2,93583.78000000001
1,301.4,310.7,1428,53.7,176,0,9.300000000000011,0.9943502824858758,76683.6,93644.98
2,301.4,310.6,1855,25.3,178,0,9.200000000000045,0.994413407821229,46931.5,93614.84
1,301.4,310.6,1578,33.0,181,0,9.200000000000045,0.9945054945054945,52074.0,93614.84
2,301.4,310.5,1451,45.3,183,0,9.100000000000023,0.9945652173913043,65730.3,93584.7
1,301.5,310.5,1644,34.9,186,0,9.0,0.9946524064171123,57375.6,93615.75
1,301.4,310.4,1388,45.3,188,0,9.0,0.9947089947089947,62876.399999999994,93554.55999999998
1,301.4,310.4,1543,40.9,190,0,9.0,0.9947643979057592,63108.7,93554.55999999998
1,301.3,310.4,1501,41.6,192,0,9.099999999999966,0.9948186528497409,62441.6,93523.51999999999
1,301.3,310.4,1507,39.1,194,0,9.099999999999966,0.9948717948717949,58923.700000000004,93523.51999999999
1,301.4,310.4,1559,36.0,196,0,9.0,0.9949238578680203,56124.0,93554.55999999998
1,301.5,310.5,1528,35.7,198,0,9.0,0.9949748743718593,54549.600000000006,93615.75
2,301.5,310.5,1503,38.2,200,0,9.0,0.9950248756218906,57414.600000000006,93615.75
1,301.5,310.5,1372,44.0,203,0,9.0,0.9950980392156863,60368.0,93615.75
2,301.5,310.5,1600,32.8,205,0,9.0,0.9951456310679612,52479.99999999999,93615.75
1,301.5,310.6,1453,44.0,208,0,9.100000000000023,0.9952153110047847,63932.0,93645.90000000001
2,301.6,310.7,1813,24.6,210,0,9.099999999999966,0.995260663507109,44599.8,93707.12000000001
1,301.6,310.7,1457,40.4,213,0,9.099999999999966,0.9953271028037384,58862.799999999996,93707.12000000001
2,301.6,310.6,1553,38.9,0,0,9.0,0.0,60411.7,93676.96000000002
1,301.7,310.7,1763,25.9,3,0,9.0,0.75,45661.7,93738.18999999999
1,301.7,310.7,2023,20.9,5,0,9.0,0.8333333333333334,42280.7,93738.18999999999
2,301.6,310.7,1457,47.8,7,0,9.099999999999966,0.875,69644.59999999999,93707.12000000001
1,301.6,310.7,1679,29.5,10,0,9.099999999999966,0.9090909090909091,49530.5,93707.12000000001
1,301.6,310.6,2103,19.7,12,0,9.0,0.9230769230769231,41429.1,93676.96000000002
2,301.5,310.7,1460,38.6,14,0,9.199999999999989,0.9333333333333333,56356.0,93676.05
2,301.5,310.7,1454,39.4,17,0,9.199999999999989,0.9444444444444444,57287.6,93676.05
1,301.5,310.6,1481,46.8,20,0,9.100000000000023,0.9523809523809523,69310.8,93645.90000000001
1,301.5,310.7,1424,51.1,22,0,9.199999999999989,0.9565217391304348,72766.40000000001,93676.05
1,301.6,310.7,1494,39.5,24,0,9.099999999999966,0.96,59013.0,93707.12000000001
2,301.5,310.6,1424,47.0,26,0,9.100000000000023,0.9629629629629629,66928.0,93645.90000000001
2,301.5,310.7,1347,47.9,29,0,9.199999999999989,0.9666666666666667,64521.299999999996,93676.05
1,301.5,310.6,1374,46.7,32,0,9.100000000000023,0.9696969696969697,64165.8,93645.90000000001
2,301.5,310.6,1403,47.4,34,0,9.100000000000023,0.9714285714285714,66502.2,93645.90000000001
2,301.5,310.6,1573,37.4,37,0,9.100000000000023,0.9736842105263158,58830.2,93645.90000000001
2,301.6,310.6,1691,30.1,40,0,9.0,0.975609756097561,50899.100000000006,93676.96000000002
0,301.5,310.5,1538,44.3,43,0,9.0,0.9772727272727273,68133.4,93615.75
1,301.5,310.5,1556,39.1,48,0,9.0,0.9795918367346939,60839.600000000006,93615.75
2,301.5,310.4,1593,36.8,50,0,8.899999999999977,0.9803921568627451,58622.399999999994,93585.59999999999
1,301.5,310.4,1474,39.9,53,0,8.899999999999977,0.9814814814814815,58812.6,93585.59999999999
1,301.5,310.4,1543,34.0,55,0,8.899999999999977,0.9821428571428571,52462.0,93585.59999999999
0,301.5,310.5,1587,33.8,57,0,9.0,0.9827586206896551,53640.6,93615.75
1,301.6,310.6,1222,70.0,62,0,9.0,0.9841269841269841,85540.0,93676.96000000002
1,301.7,310.6,1513,41.1,64,0,8.900000000000034,0.9846153846153847,62184.3,93708.02
1,301.7,310.6,1660,28.7,66,0,8.900000000000034,0.9850746268656716,47642.0,93708.02
1,301.7,310.6,1545,42.1,68,0,8.900000000000034,0.9855072463768116,65044.5,93708.02
2,301.7,310.6,1380,45.8,70,0,8.900000000000034,0.9859154929577465,63203.99999999999,93708.02
1,301.6,310.6,1321,60.8,73,0,9.0,0.9864864864864865,80316.8,93676.96000000002
2,301.6,310.6,1309,65.8,75,1,9.0,0.9868421052631579,86132.2,93676.96000000002
2,301.7,310.7,1627,31.3,78,0,9.0,0.9873417721518988,50925.1,93738.18999999999
2,301.6,310.7,1791,23.8,81,0,9.099999999999966,0.9878048780487805,42625.8,93707.12000000001
2,301.7,310.7,1861,21.8,84,0,9.0,0.9882352941176471,40569.8,93738.18999999999
1,301.7,310.7,1493,51.1,87,0,9.0,0.9886363636363636,76292.3,93738.18999999999
2,301.7,310.7,1442,41.1,89,0,9.0,0.9888888888888889,59266.200000000004,93738.18999999999
1,301.7,310.7,1532,39.8,92,0,9.0,0.989247311827957,60973.6,93738.18999999999
2,301.6,310.7,1421,44.4,94,0,9.099999999999966,0.9894736842105263,63092.4,93707.12000000001
1,301.6,310.6,1613,42.5,97,0,9.0,0.9897959183673469,68552.5,93676.96000000002
2,301.7,310.6,1876,22.1,99,0,8.900000000000034,0.99,41459.600000000006,93708.02
1,301.6,310.5,1593,34.5,102,0,8.899999999999977,0.9902912621359223,54958.5,93646.8
1,301.6,310.5,1397,49.4,104,0,8.899999999999977,0.9904761904761905,69011.8,93646.8
2,301.6,310.5,1414,49.3,106,0,8.899999999999977,0.9906542056074766,69710.2,93646.8
2,301.5,310.4,1378,55.3,109,0,8.899999999999977,0.990909090909091,76203.4,93585.59999999999
1,301.4,310.4,1301,51.2,112,0,9.0,0.9911504424778761,66611.2,93554.55999999998
2,301.5,310.5,1737,29.3,114,0,9.0,0.991304347826087,50894.1,93615.75
1,301.5,310.5,1396,44.5,117,0,9.0,0.9915254237288136,62122.0,93615.75
1,301.5,310.5,1534,39.3,119,0,9.0,0.9916666666666667,60286.2,93615.75
2,301.5,310.5,1774,25.5,121,0,9.0,0.9918032786885246,45237.0,93615.75
0,301.5,310.5,1453,48.0,124,0,9.0,0.992,69744.0,93615.75
1,301.5,310.5,1453,44.2,129,0,9.0,0.9923076923076923,64222.600000000006,93615.75
1,301.4,310.5,1380,48.4,131,0,9.100000000000023,0.9924242424242424,66792.0,93584.7
1,301.4,310.4,1334,43.2,133,0,9.0,0.9925373134328358,57628.8,93554.55999999998
1,301.5,310.5,1702,28.7,135,0,9.0,0.9926470588235294,48847.4,93615.75
1,301.6,310.6,1431,37.5,137,0,9.0,0.9927536231884058,53662.5,93676.96000000002
2,301.5,310.5,1308,60.5,139,0,9.0,0.9928571428571429,79134.0,93615.75
1,301.5,310.6,1565,43.9,142,0,9.100000000000023,0.993006993006993,68703.5,93645.90000000001
2,301.5,310.4,1486,39.6,144,0,8.899999999999977,0.993103448275862,58845.6,93585.59999999999
1,301.5,310.5,1479,34.2,147,0,9.0,0.9932432432432432,50581.8,93615.75
1,301.5,310.5,1927,22.4,149,0,9.0,0.9933333333333333,43164.799999999996,93615.75
1,301.5,310.4,1488,41.1,151,0,8.899999999999977,0.993421052631579,61156.8,93585.59999999999
2,301.5,310.4,1350,54.9,153,0,8.899999999999977,0.9935064935064936,74115.0,93585.59999999999
1,301.6,310.4,1561,35.3,156,0,8.799999999999955,0.9936305732484076,55103.299999999996,93616.64
2,301.5,310.4,1276,55.6,158,0,8.899999999999977,0.9937106918238994,70945.6,93585.59999999999
0,301.5,310.4,1580,35.7,161,0,8.899999999999977,0.9938271604938271,56406.00000000001,93585.59999999999
2,301.4,310.3,1610,29.1,166,0,8.900000000000034,0.9940119760479041,46851.0,93524.42
1,301.4,310.3,2203,16.6,169,0,8.900000000000034,0.9941176470588236,36569.8,93524.42
1,301.4,310.3,1639,32.7,171,0,8.900000000000034,0.9941860465116279,53595.3,93524.42
2,301.4,310.4,1553,44.7,173,0,9.0,0.9942528735632183,69419.1,93554.55999999998
1,301.4,310.3,1374,47.6,176,0,8.900000000000034,0.9943502824858758,65402.4,93524.42
1,301.4,310.4,1430,50.9,178,0,9.0,0.994413407821229,72787.0,93554.55999999998
1,301.3,310.3,1626,31.3,180,0,9.0,0.994475138121547,50893.8,93493.39000000001
0,301.4,310.5,1421,43.8,182,0,9.100000000000023,0.994535519125683,62239.799999999996,93584.7
2,301.3,310.4,1501,39.8,187,0,9.099999999999966,0.9946808510638298,59739.799999999996,93523.51999999999
2,301.3,310.4,2093,18.7,190,0,9.099999999999966,0.9947643979057592,39139.1,93523.51999999999
1,301.3,310.4,1504,47.2,193,0,9.099999999999966,0.9948453608247423,70988.8,93523.51999999999
1,301.3,310.4,1538,38.4,195,0,9.099999999999966,0.9948979591836735,59059.2,93523.51999999999
1,301.3,310.4,1440,41.5,197,0,9.099999999999966,0.9949494949494949,59760.0,93523.51999999999
1,301.3,310.4,1414,51.4,199,0,9.099999999999966,0.995,72679.59999999999,93523.51999999999
0,301.4,310.5,1536,39.9,201,0,9.100000000000023,0.995049504950495,61286.399999999994,93584.7
1,301.4,310.5,1476,39.2,206,0,9.100000000000023,0.9951690821256038,57859.200000000004,93584.7
1,301.4,310.5,1571,33.9,208,0,9.100000000000023,0.9952153110047847,53256.899999999994,93584.7
1,301.5,310.6,1998,20.2,210,0,9.100000000000023,0.995260663507109,40359.6,93645.90000000001
1,301.5,310.6,1357,42.1,212,0,9.100000000000023,0.9953051643192489,57129.700000000004,93645.90000000001
1,301.6,310.7,1424,50.5,214,0,9.099999999999966,0.9953488372093023,71912.0,93707.12000000001
1,301.6,310.7,1380,51.8,216,1,9.099999999999966,0.9953917050691244,71484.0,93707.12000000001
1,301.5,310.7,1618,35.5,218,0,9.199999999999989,0.9954337899543378,57439.0,93676.05
1,301.5,310.6,1579,28.0,220,0,9.100000000000023,0.995475113122172,44212.0,93645.90000000001
1,301.5,310.7,1423,44.0,222,0,9.199999999999989,0.9955156950672646,62612.0,93676.05
1,301.5,310.7,1435,38.5,224,0,9.199999999999989,0.9955555555555555,55247.5,93676.05
2,301.5,310.7,1336,65.6,0,1,9.199999999999989,0.0,87641.59999999999,93676.05
1,301.6,310.8,1392,42.4,3,0,9.199999999999989,0.75,59020.799999999996,93737.28000000001
1,301.5,310.8,1417,49.7,5,0,9.300000000000011,0.8333333333333334,70424.90000000001,93706.2
1,301.4,310.7,1425,45.1,7,0,9.300000000000011,0.875,64267.5,93644.98
1,301.5,310.8,1512,38.9,9,0,9.300000000000011,0.9,58816.799999999996,93706.2
1,301.5,310.9,1318,50.6,11,0,9.399999999999977,0.9166666666666666,66690.8,93736.34999999999
1,301.6,310.9,1538,40.4,13,0,9.299999999999955,0.9285714285714286,62135.2,93767.44
1,301.6,310.9,1532,43.6,15,0,9.299999999999955,0.9375,66795.2,93767.44
1,301.7,311.0,1715,24.8,17,0,9.300000000000011,0.9444444444444444,42532.0,93828.7
1,301.7,311.0,1700,28.7,19,0,9.300000000000011,0.95,48790.0,93828.7
1,301.7,311.0,1548,40.3,21,0,9.300000000000011,0.9545454545454546,62384.399999999994,93828.7
1,301.7,311.0,1546,43.0,23,0,9.300000000000011,0.9583333333333334,66478.0,93828.7
1,301.7,311.0,1343,49.2,25,0,9.300000000000011,0.9615384615384616,66075.6,93828.7
2,301.7,311.0,1510,47.8,27,0,9.300000000000011,0.9642857142857143,72178.0,93828.7
2,301.8,311.0,1839,23.6,30,0,9.199999999999989,0.967741935483871,43400.4,93859.8
2,301.8,311.0,1756,26.7,33,0,9.199999999999989,0.9705882352941176,46885.2,93859.8
2,301.7,310.9,1300,62.7,36,0,9.199999999999989,0.972972972972973,81510.0,93798.52999999998
2,301.7,311.0,1311,55.8,39,0,9.300000000000011,0.975,73153.8,93828.7
1,301.7,310.9,1636,31.3,42,0,9.199999999999989,0.9767441860465116,51206.8,93798.52999999998
1,301.6,310.9,1643,34.1,44,0,9.299999999999955,0.9777777777777777,56026.3,93767.44
1,301.6,310.8,1418,44.7,46,0,9.199999999999989,0.9787234042553191,63384.600000000006,93737.28000000001
2,301.7,310.8,1516,40.4,48,0,9.100000000000023,0.9795918367346939,61246.4,93768.36
0,301.6,310.9,1419,50.2,51,0,9.299999999999955,0.9807692307692307,71233.8,93767.44
1,301.6,310.9,1623,34.1,56,0,9.299999999999955,0.9824561403508771,55344.3,93767.44
2,301.6,310.8,1664,32.0,58,0,9.199999999999989,0.9830508474576272,53248.0,93737.28000000001
2,301.5,310.7,1744,28.2,61,0,9.199999999999989,0.9838709677419355,49180.799999999996,93676.05
2,301.5,310.7,1510,36.0,64,0,9.199999999999989,0.9846153846153847,54360.0,93676.05
2,301.5,310.6,1382,58.1,67,0,9.100000000000023,0.9852941176470589,80294.2,93645.90000000001
1,301.4,310.6,1381,46.1,70,0,9.200000000000045,0.9859154929577465,63664.1,93614.84
1,301.3,310.6,1556,39.0,72,0,9.300000000000011,0.9863013698630136,60684.0,93583.78000000001
2,301.4,310.6,1464,37.4,74,0,9.200000000000045,0.9866666666666667,54753.6,93614.84
1,301.4,310.6,1481,37.6,77,0,9.200000000000045,0.9871794871794872,55685.6,93614.84
1,301.5,310.7,1323,49.7,79,0,9.199999999999989,0.9875,65753.1,93676.05
1,301.5,310.7,1426,46.1,81,0,9.199999999999989,0.9878048780487805,65738.6,93676.05
0,301.4,310.7,1516,36.4,83,0,9.300000000000011,0.9880952380952381,55182.4,93644.98
1,301.3,310.6,1416,45.2,88,0,9.300000000000011,0.9887640449438202,64003.200000000004,93583.78000000001
1,301.3,310.6,1440,53.8,90,0,9.300000000000011,0.989010989010989,77472.0,93583.78000000001
1,301.3,310.6,1576,30.4,92,0,9.300000000000011,0.989247311827957,47910.399999999994,93583.78000000001
1,301.3,310.6,1387,53.6,94,0,9.300000000000011,0.9894736842105263,74343.2,93583.78000000001
2,301.4,310.6,1464,48.6,96,0,9.200000000000045,0.9896907216494846,71150.40000000001,93614.84
1,301.4,310.6,2137,18.0,99,0,9.200000000000045,0.99,38466.0,93614.84
2,301.4,310.6,1431,40.6,101,0,9.200000000000045,0.9901960784313726,58098.6,93614.84
1,301.3,310.6,1458,48.0,104,0,9.300000000000011,0.9904761904761905,69984.0,93583.78000000001
1,301.4,310.7,1280,61.0,106,0,9.300000000000011,0.9906542056074766,78080.0,93644.98
1,301.4,310.7,1657,28.7,108,0,9.300000000000011,0.9908256880733946,47555.9,93644.98
2,301.4,310.6,1565,36.1,110,0,9.200000000000045,0.990990990990991,56496.5,93614.84
1,301.3,310.6,1560,36.8,113,0,9.300000000000011,0.9912280701754386,57407.99999999999,93583.78000000001
2,301.5,310.7,1359,47.1,115,0,9.199999999999989,0.9913793103448276,64008.9,93676.05
1,301.5,310.8,1500,41.0,118,0,9.300000000000011,0.9915966386554622,61500.0,93706.2
1,301.5,310.8,1785,25.5,120,0,9.300000000000011,0.9917355371900827,45517.5,93706.2
1,301.5,310.9,1891,23.2,122,0,9.399999999999977,0.991869918699187,43871.2,93736.34999999999
0,301.5,310.9,1524,40.4,124,0,9.399999999999977,0.992,61569.6,93736.34999999999
2,301.6,311.0,1431,42.3,129,0,9.399999999999977,0.9923076923076923,60531.299999999996,93797.6
1,301.6,310.9,1385,51.2,132,0,9.299999999999955,0.9924812030075187,70912.0,93767.44
1,301.7,311.0,1503,44.8,134,0,9.300000000000011,0.9925925925925926,67334.4,93828.7
2,301.7,311.0,1311,46.8,136,0,9.300000000000011,0.9927007299270073,61354.799999999996,93828.7
2,301.6,310.9,1575,40.1,139,0,9.299999999999955,0.9928571428571429,63157.5,93767.44
1,301.6,311.0,1485,40.1,142,0,9.399999999999977,0.993006993006993,59548.5,93797.6
1,301.7,311.0,1527,42.2,144,0,9.300000000000011,0.993103448275862,64439.4,93828.7
2,301.7,311.0,1537,33.5,146,0,9.300000000000011,0.9931972789115646,51489.5,93828.7
0,301.8,311.1,1463,50.1,149,0,9.300000000000011,0.9933333333333333,73296.3,93889.98000000001
1,301.7,311.2,1482,43.6,154,0,9.5,0.9935483870967742,64615.200000000004,93889.04
1,301.8,311.2,1417,55.9,156,0,9.399999999999977,0.9936305732484076,79210.3,93920.16
2,301.7,311.1,1506,39.5,158,0,9.400000000000034,0.9937106918238994,59487.0,93858.87000000001
0,301.7,311.2,1639,30.0,161,0,9.5,0.9938271604938271,49170.0,93889.04
1,301.7,311.2,1418,38.0,166,0,9.5,0.9940119760479041,53884.0,93889.04
2,301.7,311.0,1298,58.1,168,0,9.300000000000011,0.9940828402366864,75413.8,93828.7
2,301.8,311.1,1395,44.6,171,0,9.300000000000011,0.9941860465116279,62217.0,93889.98000000001
2,301.7,311.1,1578,40.5,174,0,9.400000000000034,0.9942857142857143,63909.0,93858.87000000001
2,301.8,311.1,1597,29.8,177,0,9.300000000000011,0.9943820224719101,47590.6,93889.98000000001
0,301.7,311.0,2016,19.3,180,0,9.300000000000011,0.994475138121547,38908.8,93828.7
1,301.7,311.0,1585,35.9,185,0,9.300000000000011,0.9946236559139785,56901.5,93828.7
2,301.7,311.0,1505,44.0,187,0,9.300000000000011,0.9946808510638298,66220.0,93828.7
2,301.7,311.0,1505,37.1,190,0,9.300000000000011,0.9947643979057592,55835.5,93828.7
1,301.6,310.9,1706,29.5,193,0,9.299999999999955,0.9948453608247423,50327.0,93767.44
1,301.6,310.9,1385,50.7,195,0,9.299999999999955,0.9948979591836735,70219.5,93767.44
1,301.8,311.1,1495,36.9,197,0,9.300000000000011,0.9949494949494949,55165.5,93889.98000000001
2,301.8,311.1,1663,31.6,199,0,9.300000000000011,0.995,52550.8,93889.98000000001
1,301.8,311.2,1840,26.6,202,0,9.399999999999977,0.9950738916256158,48944.0,93920.16
1,301.8,311.2,1822,26.2,204,0,9.399999999999977,0.9951219512195122,47736.4,93920.16
1,301.7,311.1,1644,32.8,206,0,9.400000000000034,0.9951690821256038,53923.2,93858.87000000001
1,301.7,311.0,1441,44.3,208,1,9.300000000000011,0.9952153110047847,63836.299999999996,93828.7
1,301.5,310.9,1451,40.6,0,0,9.399999999999977,0.0,58910.6,93736.34999999999
1,301.5,310.9,1400,50.8,2,0,9.399999999999977,0.6666666666666666,71120.0,93736.34999999999
1,301.4,310.8,1362,53.2,4,0,9.400000000000034,0.8,72458.40000000001,93675.12
2,301.4,310.8,1782,26.5,6,0,9.400000000000034,0.8571428571428571,47223.0,93675.12
1,301.4,310.9,1536,38.3,9,0,9.5,0.9,58828.799999999996,93705.25999999998
1,301.5,310.9,1580,32.3,11,0,9.399999999999977,0.9166666666666666,51033.99999999999,93736.34999999999
2,301.4,311.0,1427,43.2,13,0,9.600000000000023,0.9285714285714286,61646.4,93735.4
1,301.3,310.9,1509,41.7,16,0,9.599999999999966,0.9411764705882353,62925.3,93674.17
0,301.3,310.8,1434,39.5,18,0,9.5,0.9473684210526315,56643.0,93644.04000000001
1,301.2,310.8,1392,52.6,23,0,9.600000000000023,0.9583333333333334,73219.2,93612.96
2,301.3,310.8,1509,40.1,25,0,9.5,0.9615384615384616,60510.9,93644.04000000001
2,301.2,310.7,1962,22.5,28,0,9.5,0.9655172413793104,44145.0,93582.84
1,301.3,310.7,1536,39.3,31,0,9.399999999999977,0.96875,60364.799999999996,93613.91
1,301.3,310.8,1381,47.9,33,0,9.5,0.9705882352941176,66149.9,93644.04000000001
0,301.2,310.7,1747,27.3,35,0,9.5,0.9722222222222222,47693.1,93582.84
1,301.2,310.6,1670,30.0,40,0,9.400000000000034,0.975609756097561,50100.0,93552.72
1,301.3,310.6,1451,47.5,42,0,9.300000000000011,0.9767441860465116,68922.5,93583.78000000001
1,301.2,310.7,1951,21.3,44,0,9.5,0.9777777777777777,41556.3,93582.84
2,301.3,310.7,1819,25.5,46,0,9.399999999999977,0.9787234042553191,46384.5,93613.91
2,301.3,310.8,1372,54.2,49,0,9.5,0.98,74362.40000000001,93644.04000000001
1,301.3,310.8,1560,38.5,52,0,9.5,0.9811320754716981,60060.0,93644.04000000001
2,301.3,310.8,1494,35.3,54,0,9.5,0.9818181818181818,52738.2,93644.04000000001
1,301.3,310.8,1531,53.4,57,0,9.5,0.9827586206896551,81755.4,93644.04000000001
1,301.3,310.8,1450,46.9,59,0,9.5,0.9833333333333333,68005.0,93644.04000000001
2,301.3,310.7,1391,52.5,61,0,9.399999999999977,0.9838709677419355,73027.5,93613.91
1,301.2,310.6,1389,45.3,64,0,9.400000000000034,0.9846153846153847,62921.7,93552.72
1,301.2,310.6,1409,50.9,66,0,9.400000000000034,0.9850746268656716,71718.09999999999,93552.72
0,301.1,310.6,1388,58.5,68,0,9.5,0.9855072463768116,81198.0,93521.66000000002
2,301.1,310.6,1410,43.9,73,0,9.5,0.9864864864864865,61899.0,93521.66000000002
2,301.1,310.5,1646,30.7,76,0,9.399999999999977,0.987012987012987,50532.2,93491.55
2,301.1,310.7,2219,16.7,79,0,9.599999999999966,0.9875,37057.299999999996,93551.77
1,301.2,310.7,1551,41.2,82,0,9.5,0.9879518072289156,63901.200000000004,93582.84
1,301.2,310.6,1811,24.0,84,0,9.400000000000034,0.9882352941176471,43464.0,93552.72
1,301.3,310.7,1608,31.4,86,0,9.399999999999977,0.9885057471264368,50491.2,93613.91
1,301.3,310.8,1428,55.2,88,0,9.5,0.9887640449438202,78825.6,93644.04000000001
1,301.4,310.8,1477,50.4,90,0,9.400000000000034,0.989010989010989,74440.8,93675.12
2,301.3,310.7,1300,58.3,92,0,9.399999999999977,0.989247311827957,75790.0,93613.91
2,301.2,310.7,1615,34.9,95,0,9.5,0.9895833333333334,56363.5,93582.84
1,301.2,310.7,1676,32.4,98,0,9.5,0.98989898989899,54302.399999999994,93582.84
2,301.1,310.7,2636,12.2,100,1,9.599999999999966,0.9900990099009901,32159.199999999997,93551.77
2,301.1,310.6,1310,48.8,103,0,9.5,0.9903846153846154,63927.99999999999,93521.66000000002
1,301.1,310.7,1334,48.2,106,0,9.599999999999966,0.9906542056074766,64298.8,93551.77
2,301.1,310.7,1621,31.0,108,0,9.599999999999966,0.9908256880733946,50251.0,93551.77
2,301.1,310.7,1367,43.4,111,0,9.599999999999966,0.9910714285714286,59327.799999999996,93551.77
1,301.0,310.6,1588,33.7,114,0,9.600000000000023,0.991304347826087,53515.600000000006,93490.6
2,301.0,310.7,1497,37.6,116,0,9.699999999999989,0.9914529914529915,56287.200000000004,93520.7
1,301.1,310.8,1608,32.9,119,0,9.699999999999989,0.9916666666666667,52903.2,93581.88
1,301.0,310.8,1549,41.4,121,0,9.800000000000011,0.9918032786885246,64128.6,93550.8
1,301.0,310.7,1391,45.0,123,0,9.699999999999989,0.9919354838709677,62595.0,93520.7
1,300.9,310.8,1490,38.1,125,0,9.900000000000034,0.9920634920634921,56769.0,93519.72
1,301.0,310.7,1727,34.5,127,0,9.699999999999989,0.9921875,59581.5,93520.7
1,300.9,310.6,1504,46.4,129,0,9.700000000000045,0.9923076923076923,69785.59999999999,93459.54
1,300.9,310.6,1350,53.8,131,0,9.700000000000045,0.9924242424242424,72630.0,93459.54
2,300.9,310.7,1420,43.0,133,0,9.800000000000011,0.9925373134328358,61060.0,93489.62999999999
0,300.8,310.6,1465,44.1,136,0,9.800000000000011,0.9927007299270073,64606.5,93428.48000000001
1,300.9,310.7,1427,44.1,141,0,9.800000000000011,0.9929577464788732,62930.700000000004,93489.62999999999
1,300.9,310.7,1477,43.2,143,0,9.800000000000011,0.9930555555555556,63806.4,93489.62999999999
2,301.0,310.7,1493,48.1,145,0,9.699999999999989,0.9931506849315068,71813.3,93520.7
2,301.0,310.7,1657,29.9,148,0,9.699999999999989,0.9932885906040269,49544.299999999996,93520.7
1,300.9,310.7,1359,46.0,151,0,9.800000000000011,0.993421052631579,62514.0,93489.62999999999
1,300.8,310.6,1551,34.5,153,0,9.800000000000011,0.9935064935064936,53509.5,93428.48000000001
2,300.8,310.6,1545,37.5,155,0,9.800000000000011,0.9935897435897436,57937.5,93428.48000000001
2,300.9,310.6,1709,29.2,158,0,9.700000000000045,0.9937106918238994,49902.799999999996,93459.54
2,300.9,310.7,1268,56.3,161,0,9.800000000000011,0.9938271604938271,71388.4,93489.62999999999
1,300.9,310.7,1740,25.3,164,0,9.800000000000011,0.9939393939393939,44022.0,93489.62999999999
1,301.0,310.9,1828,25.1,166,0,9.899999999999977,0.9940119760479041,45882.8,93580.9
1,301.0,310.9,1822,21.6,168,0,9.899999999999977,0.9940828402366864,39355.200000000004,93580.9
2,301.0,310.9,1515,41.8,170,0,9.899999999999977,0.9941520467836257,63326.99999999999,93580.9
1,301.0,310.9,1392,52.9,173,0,9.899999999999977,0.9942528735632183,73636.8,93580.9
0,300.9,310.9,1474,35.7,175,0,10.0,0.9943181818181818,52621.8,93549.80999999998
2,301.0,310.9,1359,53.4,180,0,9.899999999999977,0.994475138121547,72570.59999999999,93580.9
1,301.1,311.0,1565,52.3,183,0,9.899999999999977,0.9945652173913043,81849.5,93642.1
2,301.1,311.1,1384,42.5,185,0,10.0,0.9946236559139785,58820.0,93672.21000000002
1,301.1,311.1,1387,53.1,188,0,10.0,0.9947089947089947,73649.7,93672.21000000002
1,301.1,311.0,1378,51.1,190,0,9.899999999999977,0.9947643979057592,70415.8,93642.1
1,301.0,310.9,1809,25.7,192,0,9.899999999999977,0.9948186528497409,46491.299999999996,93580.9
0,301.1,311.0,1339,52.8,194,0,9.899999999999977,0.9948717948717949,70699.2,93642.1
2,301.0,311.0,1423,38.6,199,0,10.0,0.995,54927.8,93611.0
1,301.1,311.1,1570,41.6,202,0,10.0,0.9950738916256158,65312.0,93672.21000000002
1,301.2,311.2,1558,34.1,204,0,10.0,0.9951219512195122,53127.8,93733.43999999999
1,301.1,311.1,1799,21.7,206,0,10.0,0.9951690821256038,39038.299999999996,93672.21000000002
2,301.1,311.2,1591,35.0,208,0,10.099999999999966,0.9952153110047847,55685.0,93702.32
1,301.2,311.2,1635,29.6,211,0,10.0,0.9952830188679245,48396.0,93733.43999999999
1,301.3,311.3,1509,42.5,213,0,10.0,0.9953271028037384,64132.5,93794.69
2,301.3,311.4,1838,23.2,215,0,10.099999999999966,0.9953703703703703,42641.6,93824.81999999999
2,301.3,311.5,1648,32.4,0,0,10.199999999999989,0.0,53395.2,93854.95
2,301.2,311.5,1498,49.5,3,0,10.300000000000011,0.75,74151.0,93823.8
1,301.2,311.4,1757,28.0,6,0,10.199999999999989,0.8571428571428571,49196.0,93793.68
2,301.1,311.3,1389,53.3,8,0,10.199999999999989,0.8888888888888888,74033.7,93732.43000000001
1,301.1,311.3,1498,37.6,11,0,10.199999999999989,0.9166666666666666,56324.8,93732.43000000001
2,301.0,311.2,1521,35.8,13,0,10.199999999999989,0.9285714285714286,54451.799999999996,93671.2
2,301.0,311.2,1394,41.3,16,0,10.199999999999989,0.9411764705882353,57572.2,93671.2
0,301.0,311.2,1602,32.7,19,0,10.199999999999989,0.95,52385.4,93671.2
1,300.9,311.1,1417,40.7,24,0,10.200000000000045,0.96,57671.9,93609.99
1,301.0,311.2,1511,42.9,26,0,10.199999999999989,0.9629629629629629,64821.9,93671.2
2,301.1,311.3,1654,30.7,28,0,10.199999999999989,0.9655172413793104,50777.799999999996,93732.43000000001
2,301.1,311.3,1836,22.8,31,0,10.199999999999989,0.96875,41860.8,93732.43000000001
1,301.1,311.3,1622,35.6,34,0,10.199999999999989,0.9714285714285714,57743.200000000004,93732.43000000001
1,301.0,311.2,1467,45.4,36,0,10.199999999999989,0.972972972972973,66601.8,93671.2
2,301.1,311.3,1909,22.7,38,0,10.199999999999989,0.9743589743589743,43334.299999999996,93732.43000000001
1,301.1,311.2,1910,20.2,41,0,10.099999999999966,0.9761904761904762,38582.0,93702.32
0,301.1,311.3,2207,16.6,43,0,10.199999999999989,0.9772727272727273,36636.200000000004,93732.43000000001
2,301.1,311.2,1384,49.4,48,0,10.099999999999966,0.9795918367346939,68369.59999999999,93702.32
1,301.1,311.3,1630,29.5,51,0,10.199999999999989,0.9807692307692307,48085.0,93732.43000000001
1,301.1,311.3,1268,60.0,53,0,10.199999999999989,0.9814814814814815,76080.0,93732.43000000001
1,301.1,311.4,1531,38.7,55,0,10.299999999999955,0.9821428571428571,59249.700000000004,93762.54
2,301.0,311.3,1454,41.5,57,0,10.300000000000011,0.9827586206896551,60341.0,93701.3
1,301.0,311.3,1342,50.9,60,0,10.300000000000011,0.9836065573770492,68307.8,93701.3
1,301.0,311.2,1363,46.3,62,0,10.199999999999989,0.9841269841269841,63106.899999999994,93671.2
1,301.0,311.2,1412,42.1,64,0,10.199999999999989,0.9846153846153847,59445.200000000004,93671.2
0,301.0,311.3,1597,39.2,66,0,10.300000000000011,0.9850746268656716,62602.4,93701.3
1,301.0,311.3,1349,47.0,71,0,10.300000000000011,0.9861111111111112,63403.0,93701.3
1,301.0,311.3,1472,35.3,73,0,10.300000000000011,0.9864864864864865,51961.6,93701.3
1,301.0,311.4,1478,39.5,75,0,10.399999999999977,0.9868421052631579,58381.0,93731.4
0,300.9,311.3,1295,58.9,77,0,10.400000000000034,0.9871794871794872,76275.5,93670.17
2,300.8,311.2,1592,32.9,82,0,10.399999999999977,0.9879518072289156,52376.799999999996,93608.96
1,300.8,311.2,1430,54.4,85,0,10.399999999999977,0.9883720930232558,77792.0,93608.96
2,300.8,311.2,1488,40.1,87,0,10.399999999999977,0.9886363636363636,59668.8,93608.96
0,300.9,311.2,1518,35.0,90,0,10.300000000000011,0.989010989010989,53130.0,93640.07999999999
0,300.8,311.2,2237,17.0,95,0,10.399999999999977,0.9895833333333334,38029.0,93608.96
2,300.9,311.3,1801,24.6,100,0,10.400000000000034,0.9900990099009901,44304.600000000006,93670.17
1,301.0,311.4,1573,37.6,103,0,10.399999999999977,0.9903846153846154,59144.8,93731.4
1,300.9,311.4,2073,21.4,105,0,10.5,0.9905660377358491,44362.2,93700.25999999998
1,300.9,311.3,1953,19.4,107,0,10.400000000000034,0.9907407407407407,37888.2,93670.17
1,300.8,311.2,1492,39.0,109,0,10.399999999999977,0.990909090909091,58188.0,93608.96
1,300.8,311.2,1397,48.7,111,0,10.399999999999977,0.9910714285714286,68033.90000000001,93608.96
2,300.8,311.3,1465,43.2,113,0,10.5,0.9912280701754386,63288.00000000001,93639.04000000001
1,300.8,311.3,1782,26.9,116,0,10.5,0.9914529914529915,47935.799999999996,93639.04000000001
2,300.9,311.4,1434,45.4,118,0,10.5,0.9915966386554622,65103.6,93700.25999999998
0,300.9,311.4,1387,42.7,121,0,10.5,0.9918032786885246,59224.9,93700.25999999998
2,300.9,311.4,1532,41.5,126,0,10.5,0.9921259842519685,63578.0,93700.25999999998
1,300.9,311.5,1505,41.1,129,0,10.600000000000023,0.9923076923076923,61855.5,93730.34999999999
1,301.0,311.6,1440,43.3,131,0,10.600000000000023,0.9924242424242424,62351.99999999999,93791.6
1,301.0,311.6,1470,43.4,133,0,10.600000000000023,0.9925373134328358,63798.0,93791.6
1,301.1,311.7,1408,46.3,135,0,10.599999999999966,0.9926470588235294,65190.399999999994,93852.87000000001
2,301.0,311.6,1357,45.6,137,0,10.600000000000023,0.9927536231884058,61879.200000000004,93791.6
2,301.0,311.6,1454,40.0,140,0,10.600000000000023,0.9929078014184397,58160.0,93791.6
1,301.0,311.6,1352,63.5,143,0,10.600000000000023,0.9930555555555556,85852.0,93791.6
2,301.0,311.6,1448,43.9,145,0,10.600000000000023,0.9931506849315068,63567.2,93791.6
1,300.9,311.6,1671,33.5,148,0,10.700000000000045,0.9932885906040269,55978.5,93760.44
1,301.0,311.7,1670,31.3,150,0,10.699999999999989,0.9933774834437086,52271.0,93821.7
1,301.0,311.7,1547,34.5,152,0,10.699999999999989,0.9934640522875817,53371.5,93821.7
1,301.0,311.6,1461,40.6,154,0,10.600000000000023,0.9935483870967742,59316.6,93791.6
2,301.0,311.6,1609,35.8,156,0,10.600000000000023,0.9936305732484076,57602.2,93791.6
2,300.9,311.5,1704,31.3,159,0,10.600000000000023,0.99375,53335.200000000004,93730.34999999999
2,301.0,311.5,1550,34.9,162,0,10.5,0.9938650306748467,54095.0,93761.5
2,301.0,311.5,1530,43.9,165,0,10.5,0.9939759036144579,67167.0,93761.5
1,300.9,311.3,1449,40.2,168,0,10.400000000000034,0.9940828402366864,58249.8,93670.17
1,300.9,311.3,1613,32.7,170,0,10.400000000000034,0.9941520467836257,52745.100000000006,93670.17
1,300.8,311.2,1376,48.1,172,0,10.399999999999977,0.9942196531791907,66185.6,93608.96
1,300.8,311.2,1434,45.6,174,0,10.399999999999977,0.9942857142857143,65390.4,93608.96
1,300.8,311.1,1480,41.1,176,0,10.300000000000011,0.9943502824858758,60828.0,93578.88
2,300.8,311.2,1634,31.9,178,0,10.399999999999977,0.994413407821229,52124.6,93608.96
1,300.8,311.2,1481,38.5,181,0,10.399999999999977,0.9945054945054945,57018.5,93608.96
0,300.9,311.3,1668,28.9,183,0,10.400000000000034,0.9945652173913043,48205.2,93670.17
1,301.0,311.4,1484,36.2,188,0,10.399999999999977,0.9947089947089947,53720.8,93731.4
2,300.9,311.3,1603,31.8,190,0,10.400000000000034,0.9947643979057592,50975.4,93670.17
1,301.0,311.4,1481,37.5,193,0,10.399999999999977,0.9948453608247423,55537.5,93731.4
1,301.0,311.5,1559,31.8,195,0,10.5,0.9948979591836735,49576.200000000004,93761.5
1,301.0,311.5,1444,39.8,197,0,10.5,0.9949494949494949,57471.2,93761.5
2,301.2,311.6,1423,48.0,199,0,10.400000000000034,0.995,68304.0,93853.92
1,301.1,311.6,1432,48.1,202,0,10.5,0.9950738916256158,68879.2,93822.76000000001
1,301.2,311.7,1463,48.3,204,0,10.5,0.9951219512195122,70662.9,93884.04
1,301.2,311.7,1433,49.3,206,0,10.5,0.9951690821256038,70646.9,93884.04
1,301.2,311.6,1461,52.9,208,1,10.400000000000034,0.9952153110047847,77286.9,93853.92
2,301.1,311.6,1266,55.5,210,0,10.5,0.995260663507109,70263.0,93822.76000000001
0,301.1,311.6,1417,53.4,0,0,10.5,0.0,75667.8,93822.76000000001
1,301.1,311.6,1488,43.4,5,0,10.5,0.8333333333333334,64579.2,93822.76000000001
1,301.1,311.7,1816,24.5,7,0,10.599999999999966,0.875,44492.0,93852.87000000001
2,301.0,311.6,1301,55.0,9,0,10.600000000000023,0.9,71555.0,93791.6
2,300.9,311.5,1836,21.8,12,0,10.600000000000023,0.9230769230769231,40024.8,93730.34999999999
2,300.8,311.4,1521,39.9,15,0,10.599999999999966,0.9375,60687.9,93669.12
1,300.8,311.4,1322,67.2,18,1,10.599999999999966,0.9473684210526315,88838.40000000001,93669.12
1,300.8,311.4,1492,40.6,20,0,10.599999999999966,0.9523809523809523,60575.200000000004,93669.12
1,300.8,311.4,1536,40.9,22,0,10.599999999999966,0.9565217391304348,62822.399999999994,93669.12
1,300.7,311.2,1878,24.3,24,0,10.5,0.96,45635.4,93577.84
1,300.6,311.1,1471,40.7,26,0,10.5,0.9629629629629629,59869.700000000004,93516.66000000002
0,300.6,311.1,1452,40.2,28,0,10.5,0.9655172413793104,58370.4,93516.66000000002
1,300.7,311.2,1452,44.4,33,0,10.5,0.9705882352941176,64468.799999999996,93577.84
2,300.7,311.3,1348,53.0,35,0,10.600000000000023,0.9722222222222222,71444.0,93607.91
0,300.8,311.4,1453,44.6,38,0,10.599999999999966,0.9743589743589743,64803.8,93669.12
1,300.8,311.4,1316,57.6,43,0,10.599999999999966,0.9772727272727273,75801.6,93669.12
2,300.8,311.4,1732,26.9,45,0,10.599999999999966,0.9782608695652174,46590.799999999996,93669.12
1,300.7,311.3,1522,35.2,48,0,10.600000000000023,0.9795918367346939,53574.4,93607.91
2,300.7,311.3,1487,39.8,50,0,10.600000000000023,0.9803921568627451,59182.6,93607.91
2,300.8,311.4,1852,22.2,53,0,10.599999999999966,0.9814814814814815,41114.4,93669.12
1,300.7,311.2,1486,46.8,56,0,10.5,0.9824561403508771,69544.8,93577.84
2,300.7,311.3,1562,37.1,58,0,10.600000000000023,0.9830508474576272,57950.200000000004,93607.91
1,300.7,311.2,1457,51.4,61,0,10.5,0.9838709677419355,74889.8,93577.84
2,300.7,311.2,1769,26.5,63,0,10.5,0.984375,46878.5,93577.84
0,300.7,311.3,1374,53.1,66,0,10.600000000000023,0.9850746268656716,72959.40000000001,93607.91
1,300.8,311.3,1524,43.5,71,0,10.5,0.9861111111111112,66294.0,93639.04000000001
1,300.8,311.3,1498,40.2,73,0,10.5,0.9864864864864865,60219.600000000006,93639.04000000001
1,300.8,311.3,1462,41.4,75,0,10.5,0.9868421052631579,60526.799999999996,93639.04000000001
2,300.8,311.2,1429,52.3,77,0,10.399999999999977,0.9871794871794872,74736.7,93608.96
1,300.7,311.2,1399,47.9,80,0,10.5,0.9876543209876543,67012.09999999999,93577.84
2,300.8,311.2,1434,39.1,82,0,10.399999999999977,0.9879518072289156,56069.4,93608.96
1,300.7,311.1,1324,52.2,85,0,10.400000000000034,0.9883720930232558,69112.8,93547.77
1,300.6,311.0,1563,40.7,87,0,10.399999999999977,0.9886363636363636,63614.100000000006,93486.6
1,300.6,311.0,1543,34.7,89,0,10.399999999999977,0.9888888888888889,53542.100000000006,93486.6
1,300.7,311.0,1413,52.0,91,0,10.300000000000011,0.9891304347826086,73476.0,93517.7
2,300.7,311.0,1378,41.2,93,0,10.300000000000011,0.9893617021276596,56773.600000000006,93517.7
2,300.7,311.1,1373,49.9,96,0,10.400000000000034,0.9896907216494846,68512.7,93547.77
0,300.7,311.0,1981,19.9,99,0,10.300000000000011,0.99,39421.899999999994,93517.7
2,300.7,311.0,1263,52.3,104,0,10.300000000000011,0.9904761904761905,66054.9,93517.7
1,300.7,311.0,1312,52.1,107,0,10.300000000000011,0.9907407407407407,68355.2,93517.7
1,300.7,311.0,1969,20.7,109,0,10.300000000000011,0.990909090909091,40758.299999999996,93517.7
2,300.8,311.2,1365,51.7,111,0,10.399999999999977,0.9910714285714286,70570.5,93608.96
1,300.9,311.2,1789,25.5,114,0,10.300000000000011,0.991304347826087,45619.5,93640.07999999999
2,300.8,311.1,1583,32.1,116,0,10.300000000000011,0.9914529914529915,50814.3,93578.88
1,300.7,311.0,1436,44.9,119,0,10.300000000000011,0.9916666666666667,64476.4,93517.7
2,300.7,311.0,1559,42.8,121,0,10.300000000000011,0.9918032786885246,66725.2,93517.7
1,300.7,311.0,1377,49.9,124,0,10.300000000000011,0.992,68712.3,93517.7
1,300.7,311.0,1462,41.9,126,0,10.300000000000011,0.9921259842519685,61257.799999999996,93517.7
1,300.7,311.0,1318,48.2,128,0,10.300000000000011,0.9922480620155039,63527.600000000006,93517.7
2,300.7,311.0,1378,51.6,130,0,10.300000000000011,0.9923664122137404,71104.8,93517.7
1,300.6,310.9,1344,46.7,133,0,10.299999999999955,0.9925373134328358,62764.8,93456.54
1,300.7,311.1,2377,14.3,135,0,10.400000000000034,0.9926470588235294,33991.1,93547.77
1,300.7,311.1,1427,50.3,137,0,10.400000000000034,0.9927536231884058,71778.09999999999,93547.77
1,300.9,311.2,1353,60.4,139,0,10.300000000000011,0.9928571428571429,81721.2,93640.07999999999
1,300.8,311.3,1505,45.5,141,0,10.5,0.9929577464788732,68477.5,93639.04000000001
0,300.8,311.2,1612,32.5,143,0,10.399999999999977,0.9930555555555556,52390.0,93608.96
1,300.7,311.1,1440,43.0,148,0,10.400000000000034,0.9932885906040269,61920.0,93547.77
2,300.7,311.0,1334,53.9,150,0,10.300000000000011,0.9933774834437086,71902.59999999999,93517.7
2,300.7,311.0,1706,25.0,153,0,10.300000000000011,0.9935064935064936,42650.0,93517.7
0,300.8,311.1,1698,24.8,156,0,10.300000000000011,0.9936305732484076,42110.4,93578.88
1,300.7,311.1,1688,30.7,161,0,10.400000000000034,0.9938271604938271,51821.6,93547.77
1,300.7,311.1,2437,13.8,163,0,10.400000000000034,0.9939024390243902,33630.6,93547.77
1,300.7,311.1,1478,46.8,165,0,10.400000000000034,0.9939759036144579,69170.4,93547.77
2,300.7,311.1,1608,35.3,167,0,10.400000000000034,0.9940476190476191,56762.399999999994,93547.77
1,300.7,311.1,2478,13.4,170,1,10.400000000000034,0.9941520467836257,33205.200000000004,93547.77
1,300.8,311.1,1509,33.4,172,0,10.300000000000011,0.9942196531791907,50400.6,93578.88
1,300.7,311.0,1596,36.9,174,0,10.300000000000011,0.9942857142857143,58892.399999999994,93517.7
2,300.7,311.0,1740,25.6,176,0,10.300000000000011,0.9943502824858758,44544.0,93517.7
1,300.6,310.8,1375,53.2,179,0,10.199999999999989,0.9944444444444445,73150.0,93426.48000000001
2,300.6,310.7,1705,31.2,181,0,10.099999999999966,0.9945054945054945,53196.0,93396.42
2,300.5,310.6,1621,32.0,184,0,10.100000000000023,0.9945945945945946,51872.0,93335.3
2,300.6,310.7,1566,38.2,187,0,10.099999999999966,0.9946808510638298,59821.200000000004,93396.42
2,300.6,310.7,1388,42.9,190,0,10.099999999999966,0.9947643979057592,59545.2,93396.42
2,300.6,310.7,1457,36.7,193,0,10.099999999999966,0.9948453608247423,53471.9,93396.42
2,300.6,310.6,1463,45.5,196,0,10.0,0.9949238578680203,66566.5,93366.36000000002
1,300.5,310.5,1564,38.2,199,0,10.0,0.995,59744.8,93305.25
0,300.5,310.6,1411,47.2,201,0,10.100000000000023,0.995049504950495,66599.2,93335.3
1,300.5,310.6,1540,46.7,206,0,10.100000000000023,0.9951690821256038,71918.0,93335.3
1,300.5,310.6,1950,20.3,208,0,10.100000000000023,0.9952153110047847,39585.0,93335.3
2,300.6,310.7,1339,52.9,0,0,10.099999999999966,0.0,70833.09999999999,93396.42
0,300.6,310.6,1419,39.6,3,0,10.0,0.75,56192.4,93366.36000000002
1,300.5,310.6,1499,45.2,8,0,10.100000000000023,0.8888888888888888,67754.8,93335.3
1,300.5,310.6,1368,49.6,10,0,10.100000000000023,0.9090909090909091,67852.8,93335.3
1,300.5,310.5,1536,36.2,12,0,10.0,0.9230769230769231,55603.200000000004,93305.25
2,300.5,310.5,1469,42.9,14,0,10.0,0.9333333333333333,63020.1,93305.25
1,300.5,310.5,2633,12.2,17,1,10.0,0.9444444444444444,32122.6,93305.25
1,300.4,310.4,1298,61.4,19,0,10.0,0.95,79697.2,93244.15999999999
2,300.4,310.4,1544,36.3,21,0,10.0,0.9545454545454546,56047.2,93244.15999999999
0,300.5,310.5,1403,47.7,24,0,10.0,0.96,66923.1,93305.25
1,300.5,310.5,1452,42.9,29,0,10.0,0.9666666666666667,62290.799999999996,93305.25
1,300.6,310.5,1509,43.1,31,0,9.899999999999977,0.96875,65037.9,93336.3
2,300.7,310.6,1474,37.0,33,0,9.900000000000034,0.9705882352941176,54538.0,93397.42
2,300.7,310.7,1377,46.7,36,0,10.0,0.972972972972973,64305.9,93427.48999999999
1,300.8,310.8,1741,27.1,39,0,10.0,0.975,47181.100000000006,93488.64000000001
1,300.8,310.8,1460,53.8,41,0,10.0,0.9761904761904762,78548.0,93488.64000000001
0,300.7,310.6,1631,32.6,43,0,9.900000000000034,0.9772727272727273,53170.600000000006,93397.42
1,300.7,310.5,1561,33.2,48,0,9.800000000000011,0.9795918367346939,51825.200000000004,93367.34999999999
2,300.7,310.6,1572,38.5,50,0,9.900000000000034,0.9803921568627451,60522.0,93397.42
1,300.6,310.6,2127,18.7,53,0,10.0,0.9814814814814815,39774.9,93366.36000000002
0,300.6,310.6,1448,44.7,55,0,10.0,0.9821428571428571,64725.600000000006,93366.36000000002
1,300.6,310.7,1543,39.6,60,0,10.099999999999966,0.9836065573770492,61102.8,93396.42
1,300.6,310.6,1508,34.8,62,0,10.0,0.9841269841269841,52478.399999999994,93366.36000000002
2,300.6,310.6,1403,50.4,64,0,10.0,0.9846153846153847,70711.2,93366.36000000002
1,300.6,310.6,1454,39.7,67,0,10.0,0.9852941176470589,57723.8,93366.36000000002
1,300.7,310.8,1772,27.3,69,0,10.100000000000023,0.9857142857142858,48375.6,93457.56
1,300.7,310.8,1479,49.1,71,0,10.100000000000023,0.9861111111111112,72618.90000000001,93457.56
1,300.7,310.9,1723,31.0,73,0,10.199999999999989,0.9864864864864865,53413.0,93487.62999999999
2,300.7,310.8,1469,46.4,75,0,10.100000000000023,0.9868421052631579,68161.59999999999,93457.56
0,300.6,310.6,1830,26.2,78,0,10.0,0.9873417721518988,47946.0,93366.36000000002
1,300.6,310.6,1497,38.2,83,0,10.0,0.9880952380952381,57185.4,93366.36000000002
1,300.7,310.6,1540,52.7,85,0,9.900000000000034,0.9883720930232558,81158.0,93397.42
1,300.6,310.6,1514,39.5,87,0,10.0,0.9886363636363636,59803.0,93366.36000000002
1,300.7,310.6,1654,34.2,89,0,9.900000000000034,0.9888888888888889,56566.8,93397.42
0,300.6,310.5,1519,37.0,91,0,9.899999999999977,0.9891304347826086,56203.0,93336.3
1,300.7,310.6,1720,30.3,96,0,9.900000000000034,0.9896907216494846,52116.0,93397.42
1,300.6,310.5,1470,37.7,98,0,9.899999999999977,0.98989898989899,55419.00000000001,93336.3
1,300.6,310.5,1642,29.9,100,0,9.899999999999977,0.9900990099009901,49095.799999999996,93336.3
2,300.7,310.6,2006,19.1,102,0,9.900000000000034,0.9902912621359223,38314.600000000006,93397.42
2,300.7,310.6,1505,35.6,105,0,9.900000000000034,0.9905660377358491,53578.0,93397.42
2,300.7,310.6,1609,27.6,108,0,9.900000000000034,0.9908256880733946,44408.4,93397.42
2,300.7,310.5,1863,22.2,111,0,9.800000000000011,0.9910714285714286,41358.6,93367.34999999999
1,300.6,310.4,1401,42.6,114,0,9.799999999999955,0.991304347826087,59682.6,93306.24
1,300.6,310.4,2007,19.8,116,0,9.799999999999955,0.9914529914529915,39738.6,93306.24
1,300.6,310.4,1494,47.3,118,0,9.799999999999955,0.9915966386554622,70666.2,93306.24
1,300.6,310.4,1457,47.7,120,0,9.799999999999955,0.9917355371900827,69498.90000000001,93306.24
1,300.6,310.4,1556,37.7,122,0,9.799999999999955,0.991869918699187,58661.200000000004,93306.24
0,300.6,310.4,1510,42.8,124,0,9.799999999999955,0.992,64627.99999999999,93306.24
0,300.7,310.5,1567,38.7,129,0,9.800000000000011,0.9923076923076923,60642.9,93367.34999999999
0,300.7,310.5,1476,43.1,134,0,9.800000000000011,0.9925925925925926,63615.6,93367.34999999999
1,300.8,310.6,1663,30.6,139,0,9.800000000000011,0.9928571428571429,50887.8,93428.48000000001
2,300.8,310.5,1409,50.6,141,0,9.699999999999989,0.9929577464788732,71295.40000000001,93398.40000000001
1,300.8,310.6,1666,36.2,144,0,9.800000000000011,0.993103448275862,60309.200000000004,93428.48000000001
1,300.7,310.6,1520,45.9,146,0,9.900000000000034,0.9931972789115646,69768.0,93397.42
1,300.6,310.5,1644,33.8,148,0,9.899999999999977,0.9932885906040269,55567.2,93336.3
0,300.6,310.4,1479,35.6,150,0,9.799999999999955,0.9933774834437086,52652.4,93306.24
1,300.6,310.4,1446,49.7,155,0,9.799999999999955,0.9935897435897436,71866.2,93306.24
2,300.6,310.4,1407,51.1,157,0,9.799999999999955,0.9936708860759493,71897.7,93306.24
1,300.7,310.4,1234,51.7,160,0,9.699999999999989,0.9937888198757764,63797.8,93337.27999999998
2,300.8,310.5,1696,29.7,162,0,9.699999999999989,0.9938650306748467,50371.2,93398.40000000001
1,300.8,310.6,1384,52.9,165,0,9.800000000000011,0.9939759036144579,73213.59999999999,93428.48000000001
2,300.8,310.7,1572,36.2,167,0,9.899999999999977,0.9940476190476191,56906.4,93458.56
2,300.8,310.7,1386,42.1,170,0,9.899999999999977,0.9941520467836257,58350.6,93458.56
1,300.8,310.7,1461,42.8,173,0,9.899999999999977,0.9942528735632183,62530.799999999996,93458.56
1,300.8,310.7,1525,39.4,175,0,9.899999999999977,0.9943181818181818,60085.0,93458.56
1,300.7,310.7,1333,61.0,177,0,10.0,0.9943820224719101,81313.0,93427.48999999999
0,300.7,310.6,1505,40.6,179,0,9.900000000000034,0.9944444444444445,61103.0,93397.42
2,300.7,310.6,1439,41.7,184,0,9.900000000000034,0.9945945945945946,60006.3,93397.42
1,300.7,310.6,1491,43.2,187,0,9.900000000000034,0.9946808510638298,64411.200000000004,93397.42
2,300.7,310.6,1488,39.2,189,0,9.900000000000034,0.9947368421052631,58329.600000000006,93397.42
1,300.7,310.5,1536,47.4,192,0,9.800000000000011,0.9948186528497409,72806.4,93367.34999999999
1,300.7,310.5,1960,21.0,194,0,9.800000000000011,0.9948717948717949,41160.0,93367.34999999999
2,300.7,310.5,1594,31.0,196,0,9.800000000000011,0.9949238578680203,49414.0,93367.34999999999
1,300.7,310.5,1357,52.6,199,0,9.800000000000011,0.995,71378.2,93367.34999999999
1,300.7,310.5,1445,41.1,201,0,9.800000000000011,0.995049504950495,59389.5,93367.34999999999
1,300.7,310.4,1543,47.3,203,0,9.699999999999989,0.9950980392156863,72983.9,93337.27999999998
1,300.7,310.4,1366,52.6,205,0,9.699999999999989,0.9951456310679612,71851.6,93337.27999999998
1,300.7,310.3,1458,40.0,207,0,9.600000000000023,0.9951923076923077,58320.0,93307.21
1,300.7,310.4,1416,61.8,209,1,9.699999999999989,0.9952380952380953,87508.8,93337.27999999998
1,300.6,310.3,1794,24.4,211,0,9.699999999999989,0.9952830188679245,43773.6,93276.18000000001
1,300.6,310.3,1484,41.0,213,0,9.699999999999989,0.9953271028037384,60844.0,93276.18000000001
1,300.6,310.4,2514,13.4,215,0,9.799999999999955,0.9953703703703703,33687.6,93306.24
1,300.6,310.3,1648,30.5,217,1,9.699999999999989,0.9954128440366973,50264.0,93276.18000000001
2,300.6,310.3,1614,32.7,0,0,9.699999999999989,0.0,52777.8,93276.18000000001
1,300.6,310.2,1622,34.1,3,0,9.599999999999966,0.75,55310.200000000004,93246.12000000001
2,300.6,310.2,1478,40.1,5,0,9.599999999999966,0.8333333333333334,59267.8,93246.12000000001
1,300.6,310.2,1318,51.0,8,0,9.599999999999966,0.8888888888888888,67218.0,93246.12000000001
1,300.7,310.2,1493,35.9,10,0,9.5,0.9090909090909091,53598.7,93277.14
0,300.7,310.3,1369,50.7,12,0,9.600000000000023,0.9230769230769231,69408.3,93307.21
1,300.6,310.2,1447,45.9,17,0,9.599999999999966,0.9444444444444444,66417.3,93246.12000000001
1,300.6,310.1,1485,49.9,19,0,9.5,0.95,74101.5,93216.06000000001
1,300.6,310.2,1489,47.8,21,0,9.599999999999966,0.9545454545454546,71174.2,93246.12000000001
2,300.6,310.2,1233,52.3,23,0,9.599999999999966,0.9583333333333334,64485.899999999994,93246.12000000001
1,300.7,310.2,1642,32.6,26,0,9.5,0.9629629629629629,53529.200000000004,93277.14
2,300.7,310.2,1373,44.1,28,0,9.5,0.9655172413793104,60549.3,93277.14
1,300.7,310.2,1569,32.8,31,0,9.5,0.96875,51463.2,93277.14
1,300.8,310.2,1850,22.8,33,0,9.399999999999977,0.9705882352941176,42180.0,93308.16
2,300.8,310.3,1494,42.2,35,0,9.5,0.9722222222222222,63046.8,93338.24
0,300.8,310.3,1777,30.1,38,0,9.5,0.9743589743589743,53487.700000000004,93338.24
1,300.9,310.4,1454,43.1,43,0,9.5,0.9772727272727273,62667.4,93399.35999999999
1,300.9,310.4,1536,34.2,45,0,9.5,0.9782608695652174,52531.200000000004,93399.35999999999
1,300.8,310.5,1482,39.0,47,0,9.699999999999989,0.9791666666666666,57798.0,93398.40000000001
0,300.9,310.5,1512,41.2,49,0,9.600000000000023,0.98,62294.4,93429.45
2,300.8,310.5,1511,35.8,54,0,9.699999999999989,0.9818181818181818,54093.799999999996,93398.40000000001
1,300.9,310.5,1599,40.5,57,0,9.600000000000023,0.9827586206896551,64759.5,93429.45
2,300.8,310.4,1518,36.0,59,0,9.599999999999966,0.9833333333333333,54648.0,93368.31999999999
2,300.8,310.4,1450,39.4,62,0,9.599999999999966,0.9841269841269841,57130.0,93368.31999999999
1,300.9,310.4,1427,47.0,65,0,9.5,0.9848484848484849,67069.0,93399.35999999999
1,300.9,310.4,1561,32.7,67,0,9.5,0.9852941176470589,51044.700000000004,93399.35999999999
0,300.9,310.4,1457,43.8,69,0,9.5,0.9857142857142858,63816.6,93399.35999999999
2,301.0,310.6,1460,53.6,74,0,9.600000000000023,0.9866666666666667,78256.0,93490.6
1,301.0,310.5,1601,33.2,77,0,9.5,0.9871794871794872,53153.200000000004,93460.5
1,300.9,310.5,1570,40.1,79,0,9.600000000000023,0.9875,62957.0,93429.45
1,300.9,310.5,1565,35.9,81,0,9.600000000000023,0.9878048780487805,56183.5,93429.45
1,301.0,310.5,1378,44.4,83,0,9.5,0.9880952380952381,61183.2,93460.5
1,300.9,310.5,2288,16.1,85,0,9.600000000000023,0.9883720930232558,36836.8,93429.45
2,300.9,310.4,1375,44.7,87,0,9.5,0.9886363636363636,61462.50000000001,93399.35999999999
1,300.9,310.4,1788,27.8,90,0,9.5,0.989010989010989,49706.4,93399.35999999999
2,300.9,310.4,1576,40.4,92,0,9.5,0.989247311827957,63670.399999999994,93399.35999999999
2,300.8,310.3,1868,24.5,95,0,9.5,0.9895833333333334,45766.0,93338.24
1,300.7,310.1,1261,56.6,98,0,9.400000000000034,0.98989898989899,71372.6,93247.07
2,300.6,310.0,1542,33.9,100,0,9.399999999999977,0.9900990099009901,52273.799999999996,93186.0
1,300.6,310.0,1438,53.8,103,0,9.399999999999977,0.9903846153846154,77364.4,93186.0
1,300.6,310.0,1511,36.9,105,0,9.399999999999977,0.9905660377358491,55755.9,93186.0
1,300.6,310.0,1635,31.0,107,0,9.399999999999977,0.9907407407407407,50685.0,93186.0
1,300.6,309.9,1428,48.8,109,0,9.299999999999955,0.990909090909091,69686.4,93155.94
2,300.5,309.8,1410,44.4,111,0,9.300000000000011,0.9910714285714286,62604.0,93094.90000000001
1,300.5,309.9,1423,47.9,114,0,9.399999999999977,0.991304347826087,68161.7,93124.95
2,300.5,309.9,1552,41.3,116,0,9.399999999999977,0.9914529914529915,64097.6,93124.95
2,300.5,310.0,1406,50.2,119,0,9.5,0.9916666666666667,70581.2,93155.0
1,300.5,309.9,1443,48.3,122,0,9.399999999999977,0.991869918699187,69696.9,93124.95
2,300.5,309.9,1343,63.7,124,0,9.399999999999977,0.992,85549.1,93124.95
2,300.6,310.0,1486,41.2,127,0,9.399999999999977,0.9921875,61223.200000000004,93186.0
1,300.6,310.1,1297,50.0,130,0,9.5,0.9923664122137404,64850.0,93216.06000000001
1,300.6,310.1,1495,42.3,132,0,9.5,0.9924812030075187,63238.49999999999,93216.06000000001
1,300.5,309.9,1382,46.5,134,0,9.399999999999977,0.9925925925925926,64263.0,93124.95
2,300.4,309.8,1356,44.4,136,0,9.400000000000034,0.9927007299270073,60206.4,93063.92
0,300.3,309.7,1452,41.5,139,0,9.399999999999977,0.9928571428571429,60258.0,93002.91
0,300.3,309.7,1582,30.8,144,0,9.399999999999977,0.993103448275862,48725.6,93002.91
2,300.4,309.8,1517,40.3,149,0,9.400000000000034,0.9933333333333333,61135.1,93063.92
1,300.5,310.0,1413,44.5,152,0,9.5,0.9934640522875817,62878.5,93155.0
1,300.4,309.9,1496,31.8,154,0,9.5,0.9935483870967742,47572.8,93093.95999999999
1,300.3,309.8,1466,41.2,156,0,9.5,0.9936305732484076,60399.200000000004,93032.94
2,300.3,309.8,1617,40.8,158,0,9.5,0.9937106918238994,65973.59999999999,93032.94
1,300.2,309.8,1506,41.8,161,0,9.600000000000023,0.9938271604938271,62950.799999999996,93001.96
1,300.2,309.8,1401,49.3,163,0,9.600000000000023,0.9939024390243902,69069.3,93001.96
0,300.2,309.9,1906,22.9,165,0,9.699999999999989,0.9939759036144579,43647.399999999994,93031.98
1,300.2,309.9,1566,36.4,170,0,9.699999999999989,0.9941520467836257,57002.399999999994,93031.98
1,300.2,310.0,1493,47.3,172,0,9.800000000000011,0.9942196531791907,70618.9,93062.0
1,300.3,310.1,1483,39.9,174,0,9.800000000000011,0.9942857142857143,59171.7,93123.03000000001
2,300.2,309.9,1569,31.2,176,0,9.699999999999989,0.9943502824858758,48952.799999999996,93031.98
2,300.2,310.0,1664,30.7,179,0,9.800000000000011,0.9944444444444445,51084.799999999996,93062.0
1,300.2,310.0,1486,40.1,182,0,9.800000000000011,0.994535519125683,59588.6,93062.0
1,300.2,310.0,1389,53.6,184,0,9.800000000000011,0.9945945945945946,74450.40000000001,93062.0
1,300.1,310.0,1511,41.7,186,0,9.899999999999977,0.9946524064171123,63008.700000000004,93031.0
2,300.2,310.1,1485,40.5,188,0,9.900000000000034,0.9947089947089947,60142.5,93092.02
1,300.2,310.2,1440,42.9,191,0,10.0,0.9947916666666666,61776.0,93122.04
1,300.2,310.2,1378,43.9,193,0,10.0,0.9948453608247423,60494.2,93122.04
2,300.1,310.1,1501,39.3,195,0,10.0,0.9948979591836735,58989.299999999996,93061.01000000001
2,300.2,310.1,1474,44.0,198,0,9.900000000000034,0.9949748743718593,64856.0,93092.02
1,300.2,310.1,1392,47.9,201,0,9.900000000000034,0.995049504950495,66676.8,93092.02
2,300.3,310.2,1429,44.7,203,0,9.899999999999977,0.9950980392156863,63876.3,93153.06
1,300.3,310.3,1362,60.3,206,1,10.0,0.9951690821256038,82128.59999999999,93183.09000000001
1,300.3,310.3,1704,29.5,0,0,10.0,0.0,50268.0,93183.09000000001
1,300.3,310.2,1492,52.3,2,0,9.899999999999977,0.6666666666666666,78031.59999999999,93153.06
2,300.3,310.2,1442,39.5,4,0,9.899999999999977,0.8,56959.0,93153.06
2,300.2,310.2,1438,51.5,7,0,10.0,0.875,74057.0,93122.04
2,300.1,310.1,1402,46.6,10,0,10.0,0.9090909090909091,65333.200000000004,93061.01000000001
1,300.1,310.1,1684,30.8,13,0,10.0,0.9285714285714286,51867.200000000004,93061.01000000001
1,300.2,310.2,1530,48.5,15,0,10.0,0.9375,74205.0,93122.04
1,300.1,310.1,1569,43.5,17,0,10.0,0.9444444444444444,68251.5,93061.01000000001
1,300.1,310.1,1650,31.6,19,0,10.0,0.95,52140.0,93061.01000000001
1,300.2,310.2,1415,49.6,21,0,10.0,0.9545454545454546,70184.0,93122.04
1,300.2,310.2,1600,31.5,23,0,10.0,0.9583333333333334,50400.0,93122.04
1,300.2,310.1,1523,42.3,25,0,9.900000000000034,0.9615384615384616,64422.899999999994,93092.02
2,300.2,310.2,1628,30.3,27,0,10.0,0.9642857142857143,49328.4,93122.04
1,300.2,310.3,1331,52.1,30,0,10.100000000000023,0.967741935483871,69345.1,93152.06
1,300.3,310.3,2158,16.8,32,0,10.0,0.9696969696969697,36254.4,93183.09000000001
1,300.2,310.3,1445,50.9,34,0,10.100000000000023,0.9714285714285714,73550.5,93152.06
2,300.2,310.3,1593,36.1,36,0,10.100000000000023,0.972972972972973,57507.3,93152.06
1,300.3,310.4,1672,29.2,39,0,10.099999999999966,0.975,48822.4,93213.12
2,300.4,310.5,1644,31.4,41,0,10.100000000000023,0.9761904761904762,51621.6,93274.2
1,300.4,310.5,1402,54.3,44,0,10.100000000000023,0.9777777777777777,76128.59999999999,93274.2
1,300.4,310.4,1286,56.8,46,0,10.0,0.9787234042553191,73044.8,93244.15999999999
1,300.4,310.4,1486,46.3,48,0,10.0,0.9795918367346939,68801.8,93244.15999999999
1,300.3,310.3,1345,46.3,50,0,10.0,0.9803921568627451,62273.49999999999,93183.09000000001
1,300.3,310.3,1629,34.1,52,0,10.0,0.9811320754716981,55548.9,93183.09000000001
2,300.2,310.2,1429,43.8,54,0,10.0,0.9818181818181818,62590.2,93122.04
1,300.1,310.1,1306,64.7,57,0,10.0,0.9827586206896551,84498.2,93061.01000000001
1,300.1,310.1,1380,52.6,59,0,10.0,0.9833333333333333,72588.0,93061.01000000001
2,300.1,310.1,1443,49.3,61,0,10.0,0.9838709677419355,71139.9,93061.01000000001
0,300.1,310.1,1426,42.7,64,0,10.0,0.9846153846153847,60890.200000000004,93061.01000000001
1,300.0,310.0,1486,41.8,69,0,10.0,0.9857142857142858,62114.799999999996,93000.0
2,300.0,309.9,1530,34.5,71,0,9.899999999999977,0.9861111111111112,52785.0,92970.0
1,300.0,309.9,1507,41.4,74,0,9.899999999999977,0.9866666666666667,62389.799999999996,92970.0
1,300.0,309.9,1608,33.4,76,0,9.899999999999977,0.987012987012987,53707.2,92970.0
1,300.0,309.8,1474,40.6,78,0,9.800000000000011,0.9873417721518988,59844.4,92940.0
1,300.0,309.7,1326,61.9,80,0,9.699999999999989,0.9876543209876543,82079.4,92910.0
2,299.8,309.6,1434,48.0,82,0,9.800000000000011,0.9879518072289156,68832.0,92818.08000000002
1,299.8,309.6,1526,41.7,85,0,9.800000000000011,0.9883720930232558,63634.200000000004,92818.08000000002
1,299.8,309.7,1483,39.6,87,0,9.899999999999977,0.9886363636363636,58726.8,92848.06
1,299.8,309.7,1457,51.9,89,0,9.899999999999977,0.9888888888888889,75618.3,92848.06
2,299.7,309.6,1540,34.4,91,0,9.900000000000034,0.9891304347826086,52976.0,92787.12000000001
1,299.8,309.7,1707,29.1,94,0,9.899999999999977,0.9894736842105263,49673.700000000004,92848.06
1,299.8,309.7,1624,34.2,96,0,9.899999999999977,0.9896907216494846,55540.8,92848.06
2,299.8,309.6,1331,50.2,98,0,9.800000000000011,0.98989898989899,66816.2,92818.08000000002
1,299.8,309.7,1431,40.3,101,0,9.899999999999977,0.9901960784313726,57669.299999999996,92848.06
2,299.8,309.7,1705,28.5,103,0,9.899999999999977,0.9903846153846154,48592.5,92848.06
2,299.8,309.8,1427,45.2,106,0,10.0,0.9906542056074766,64500.4,92878.04000000001
2,299.9,309.8,1625,41.2,109,0,9.900000000000034,0.990909090909091,66950.0,92909.01999999999
1,299.9,309.8,1477,47.7,112,0,9.900000000000034,0.9911504424778761,70452.90000000001,92909.01999999999
2,300.0,309.9,1651,28.1,114,0,9.899999999999977,0.991304347826087,46393.100000000006,92970.0
1,299.9,309.8,1716,28.2,117,0,9.900000000000034,0.9915254237288136,48391.2,92909.01999999999
0,299.9,309.8,1400,48.7,119,0,9.900000000000034,0.9916666666666667,68180.0,92909.01999999999
2,299.8,309.7,1556,37.7,124,0,9.899999999999977,0.992,58661.200000000004,92848.06
1,299.8,309.7,1429,42.6,127,0,9.899999999999977,0.9921875,60875.4,92848.06
0,299.7,309.6,1433,49.6,129,0,9.900000000000034,0.9923076923076923,71076.8,92787.12000000001
2,299.8,309.7,1320,61.7,134,0,9.899999999999977,0.9925925925925926,81444.0,92848.06
1,299.8,309.6,1374,51.6,137,0,9.800000000000011,0.9927536231884058,70898.40000000001,92818.08000000002
1,299.8,309.6,1598,31.0,139,0,9.800000000000011,0.9928571428571429,49538.0,92818.08000000002
2,299.8,309.7,1910,21.8,141,0,9.899999999999977,0.9929577464788732,41638.0,92848.06
1,299.7,309.6,1399,51.3,144,0,9.900000000000034,0.993103448275862,71768.7,92787.12000000001
1,299.7,309.6,1720,27.1,146,0,9.900000000000034,0.9931972789115646,46612.0,92787.12000000001
0,299.8,309.7,1368,47.4,148,0,9.899999999999977,0.9932885906040269,64843.2,92848.06
1,299.8,309.8,1749,33.4,153,0,10.0,0.9935064935064936,58416.6,92878.04000000001
1,299.8,309.8,1542,39.4,155,0,10.0,0.9935897435897436,60754.799999999996,92878.04000000001
1,299.8,309.9,1553,36.6,157,0,10.099999999999966,0.9936708860759493,56839.8,92908.01999999999
2,299.9,309.9,1639,42.1,159,0,10.0,0.99375,69001.90000000001,92939.00999999998
1,299.9,310.0,1447,45.9,162,0,10.100000000000023,0.9938650306748467,66417.3,92969.0
2,299.8,310.0,1397,48.1,164,0,10.199999999999989,0.9939393939393939,67195.7,92938.0
1,299.8,310.0,1361,53.8,167,0,10.199999999999989,0.9940476190476191,73221.8,92938.0
2,299.8,310.0,1460,37.1,169,0,10.199999999999989,0.9941176470588236,54166.0,92938.0
2,299.8,310.0,1632,33.7,172,0,10.199999999999989,0.9942196531791907,54998.4,92938.0
1,299.8,310.0,1697,36.0,175,0,10.199999999999989,0.9943181818181818,61092.0,92938.0
1,299.8,310.1,1553,42.0,177,0,10.300000000000011,0.9943820224719101,65226.0,92967.98000000001
2,299.9,310.1,1362,56.3,179,0,10.200000000000045,0.9944444444444445,76680.59999999999,92998.99
2,299.9,310.0,1484,42.1,182,0,10.100000000000023,0.994535519125683,62476.4,92969.0
0,299.9,310.1,1447,51.4,185,0,10.200000000000045,0.9946236559139785,74375.8,92998.99
2,300.0,310.2,1393,51.2,190,0,10.199999999999989,0.9947643979057592,71321.6,93060.0
1,300.0,310.2,1760,26.9,193,0,10.199999999999989,0.9948453608247423,47344.0,93060.0
1,300.0,310.1,1477,34.6,195,0,10.100000000000023,0.9948979591836735,51104.200000000004,93030.0
1,299.9,310.1,1681,29.1,197,0,10.200000000000045,0.9949494949494949,48917.100000000006,92998.99
2,300.0,310.1,1314,53.5,199,0,10.100000000000023,0.995,70299.0,93030.0
1,300.0,310.1,1762,28.0,202,0,10.100000000000023,0.9950738916256158,49336.0,93030.0
1,299.9,310.0,1402,44.7,204,0,10.100000000000023,0.9951219512195122,62669.4,92969.0
2,300.1,310.2,1429,42.0,206,0,10.099999999999966,0.9951690821256038,60018.0,93091.02
2,300.2,310.3,1448,40.1,209,0,10.100000000000023,0.9952380952380953,58064.8,93152.06
0,300.2,310.4,1501,42.9,212,0,10.199999999999989,0.9953051643192489,64392.9,93182.07999999999
1,300.3,310.5,1522,39.1,217,0,10.199999999999989,0.9954128440366973,59510.200000000004,93243.15000000001
1,300.3,310.4,1493,37.5,219,0,10.099999999999966,0.9954545454545455,55987.5,93213.12
2,300.2,310.3,1704,29.4,221,0,10.100000000000023,0.9954954954954955,50097.6,93152.06
0,300.2,310.3,1408,42.5,0,0,10.100000000000023,0.0,59840.0,93152.06
1,300.2,310.4,1518,41.8,5,0,10.199999999999989,0.8333333333333334,63452.399999999994,93182.07999999999
1,300.3,310.4,1742,25.9,7,0,10.099999999999966,0.875,45117.799999999996,93213.12
2,300.4,310.5,1500,43.0,9,0,10.100000000000023,0.9,64500.0,93274.2
1,300.4,310.5,2424,14.5,12,0,10.100000000000023,0.9230769230769231,35148.0,93274.2
1,300.4,310.5,1818,25.1,14,0,10.100000000000023,0.9333333333333333,45631.8,93274.2
2,300.4,310.6,1545,35.6,16,0,10.200000000000045,0.9411764705882353,55002.0,93304.24
1,300.4,310.6,1429,46.9,19,0,10.200000000000045,0.95,67020.09999999999,93304.24
2,300.4,310.6,1448,44.9,21,0,10.200000000000045,0.9545454545454546,65015.2,93304.24
1,300.4,310.6,1384,48.7,24,0,10.200000000000045,0.96,67400.8,93304.24
1,300.4,310.5,1578,32.8,26,0,10.100000000000023,0.9629629629629629,51758.399999999994,93274.2
1,300.5,310.5,1695,26.7,28,0,10.0,0.9655172413793104,45256.5,93305.25
1,300.5,310.6,1543,36.2,30,0,10.100000000000023,0.967741935483871,55856.600000000006,93335.3
2,300.4,310.5,1540,33.4,32,0,10.100000000000023,0.9696969696969697,51436.0,93274.2
1,300.2,310.4,1808,25.8,35,0,10.199999999999989,0.9722222222222222,46646.4,93182.07999999999
2,300.3,310.4,1293,49.7,37,0,10.099999999999966,0.9736842105263158,64262.100000000006,93213.12
1,300.2,310.3,1202,59.5,40,0,10.100000000000023,0.975609756097561,71519.0,93152.06
2,300.2,310.3,1704,29.2,42,0,10.100000000000023,0.9767441860465116,49756.799999999996,93152.06
2,300.2,310.3,1478,38.1,45,0,10.100000000000023,0.9782608695652174,56311.8,93152.06
1,300.2,310.3,1514,38.7,48,0,10.100000000000023,0.9795918367346939,58591.8,93152.06
2,300.1,310.3,1350,48.8,50,0,10.199999999999989,0.9803921568627451,65880.0,93121.03000000001
1,300.1,310.2,1475,54.2,53,0,10.099999999999966,0.9814814814814815,79945.0,93091.02
0,300.0,310.1,1714,28.7,55,0,10.100000000000023,0.9821428571428571,49191.799999999996,93030.0
1,300.0,310.1,1465,40.9,60,0,10.100000000000023,0.9836065573770492,59918.5,93030.0
1,299.9,310.2,1288,69.6,62,1,10.300000000000011,0.9841269841269841,89644.79999999999,93028.98
1,300.0,310.2,1675,29.7,64,0,10.199999999999989,0.9846153846153847,49747.5,93060.0
1,300.0,310.2,1486,36.4,66,0,10.199999999999989,0.9850746268656716,54090.4,93060.0
2,300.0,310.2,1443,58.7,68,0,10.199999999999989,0.9855072463768116,84704.1,93060.0
2,300.1,310.3,1345,57.1,71,0,10.199999999999989,0.9861111111111112,76799.5,93121.03000000001
2,300.2,310.4,1202,61.7,74,0,10.199999999999989,0.9866666666666667,74163.40000000001,93182.07999999999
2,300.1,310.4,1480,37.1,77,0,10.299999999999955,0.9871794871794872,54908.0,93151.04
2,300.2,310.4,1530,35.7,80,0,10.199999999999989,0.9876543209876543,54621.00000000001,93182.07999999999
2,300.2,310.6,1983,20.8,83,0,10.400000000000034,0.9880952380952381,41246.4,93242.12000000001
1,300.3,310.6,1433,53.8,86,0,10.300000000000011,0.9885057471264368,77095.4,93273.18000000001
1,300.3,310.6,1806,24.4,88,0,10.300000000000011,0.9887640449438202,44066.399999999994,93273.18000000001
1,300.2,310.5,1416,46.7,90,0,10.300000000000011,0.989010989010989,66127.2,93212.09999999999
2,300.1,310.4,1556,38.1,92,0,10.299999999999955,0.989247311827957,59283.600000000006,93151.04
1,300.1,310.5,1627,29.2,95,0,10.399999999999977,0.9895833333333334,47508.4,93181.05
1,300.1,310.6,1809,24.3,97,0,10.5,0.9897959183673469,43958.700000000004,93211.06000000001
2,300.1,310.5,1329,57.4,99,0,10.399999999999977,0.99,76284.59999999999,93181.05
0,300.0,310.4,1881,21.9,102,0,10.399999999999977,0.9902912621359223,41193.899999999994,93120.0
1,300.1,310.5,1500,39.8,107,0,10.399999999999977,0.9907407407407407,59699.99999999999,93181.05
1,300.1,310.5,1532,36.0,109,0,10.399999999999977,0.990909090909091,55152.0,93181.05
1,300.1,310.5,1492,50.9,111,0,10.399999999999977,0.9910714285714286,75942.8,93181.05
1,300.2,310.6,1431,42.3,113,0,10.400000000000034,0.9912280701754386,60531.299999999996,93242.12000000001
1,300.1,310.4,1554,39.4,115,0,10.299999999999955,0.9913793103448276,61227.6,93151.04
1,300.1,310.5,1494,44.2,117,0,10.399999999999977,0.9915254237288136,66034.8,93181.05
1,300.1,310.6,1374,45.4,119,0,10.5,0.9916666666666667,62379.6,93211.06000000001
1,300.1,310.5,1394,44.3,121,0,10.399999999999977,0.9918032786885246,61754.2,93181.05
2,300.0,310.5,1790,25.7,123,0,10.5,0.9919354838709677,46003.0,93150.0
1,300.1,310.5,1356,45.8,126,0,10.399999999999977,0.9921259842519685,62104.799999999996,93181.05
2,300.0,310.4,1385,52.1,128,0,10.399999999999977,0.9922480620155039,72158.5,93120.0
1,300.0,310.4,1333,49.1,131,0,10.399999999999977,0.9924242424242424,65450.3,93120.0
1,300.0,310.4,1505,44.9,133,0,10.399999999999977,0.9925373134328358,67574.5,93120.0
1,300.0,310.5,1606,33.5,135,0,10.5,0.9926470588235294,53801.0,93150.0
0,300.0,310.5,1558,36.7,137,0,10.5,0.9927536231884058,57178.600000000006,93150.0
1,300.0,310.5,1412,52.4,142,0,10.5,0.993006993006993,73988.8,93150.0
1,299.9,310.4,1408,38.4,144,0,10.5,0.993103448275862,54067.2,93088.95999999999
1,299.9,310.3,1268,53.3,146,0,10.400000000000034,0.9931972789115646,67584.4,93058.97
1,299.9,310.4,1470,50.0,148,0,10.5,0.9932885906040269,73500.0,93088.95999999999
1,299.9,310.4,1497,47.0,150,0,10.5,0.9933774834437086,70359.0,93088.95999999999
1,299.9,310.3,1638,29.1,152,0,10.400000000000034,0.9934640522875817,47665.8,93058.97
0,299.9,310.3,1535,43.9,154,0,10.400000000000034,0.9935483870967742,67386.5,93058.97
1,299.8,310.2,1654,32.7,159,0,10.399999999999977,0.99375,54085.8,92997.96
0,299.8,310.2,1411,49.7,161,0,10.399999999999977,0.9938271604938271,70126.7,92997.96
1,299.8,310.2,1911,23.5,166,0,10.399999999999977,0.9940119760479041,44908.5,92997.96
0,299.8,310.2,1573,33.3,168,0,10.399999999999977,0.9940828402366864,52380.899999999994,92997.96
1,299.9,310.2,1479,46.3,173,0,10.300000000000011,0.9942528735632183,68477.7,93028.98
2,299.9,310.4,1820,26.6,175,0,10.5,0.9943181818181818,48412.0,93088.95999999999
1,299.9,310.4,1419,45.7,178,0,10.5,0.994413407821229,64848.3,93088.95999999999
2,299.9,310.5,1335,52.9,180,0,10.600000000000023,0.994475138121547,70621.5,93118.95
2,299.9,310.5,1576,39.4,183,0,10.600000000000023,0.9945652173913043,62094.399999999994,93118.95
1,300.0,310.5,1517,42.2,186,0,10.5,0.9946524064171123,64017.4,93150.0
2,299.9,310.4,1576,34.3,188,0,10.5,0.9947089947089947,54056.799999999996,93088.95999999999
0,299.8,310.2,1537,36.6,191,0,10.399999999999977,0.9947916666666666,56254.200000000004,92997.96
1,299.8,310.3,1524,34.2,196,0,10.5,0.9949238578680203,52120.8,93027.94
2,299.8,310.3,1805,23.7,198,0,10.5,0.9949748743718593,42778.5,93027.94
2,299.9,310.4,1367,53.3,201,0,10.5,0.995049504950495,72861.09999999999,93088.95999999999
1,299.8,310.4,1694,30.3,204,0,10.599999999999966,0.9951219512195122,51328.200000000004,93057.92
1,299.9,310.4,1328,49.9,206,0,10.5,0.9951690821256038,66267.2,93088.95999999999
0,299.9,310.5,1549,42.8,208,0,10.600000000000023,0.9952153110047847,66297.2,93118.95
1,299.9,310.5,1539,32.8,213,0,10.600000000000023,0.9953271028037384,50479.2,93118.95
1,299.8,310.5,1496,38.8,215,0,10.699999999999989,0.9953703703703703,58044.799999999996,93087.90000000001
1,299.8,310.4,1579,36.4,0,0,10.599999999999966,0.0,57475.6,93057.92
1,299.7,310.3,1386,46.6,2,0,10.600000000000023,0.6666666666666666,64587.6,92996.91
1,299.7,310.3,1505,37.7,4,0,10.600000000000023,0.8,56738.50000000001,92996.91
2,299.7,310.3,1661,34.5,6,0,10.600000000000023,0.8571428571428571,57304.5,92996.91
1,299.6,310.2,1468,48.0,9,0,10.599999999999966,0.9,70464.0,92935.92
1,299.6,310.1,1384,49.8,11,0,10.5,0.9166666666666666,68923.2,92905.96000000002
1,299.6,310.2,1381,60.5,13,0,10.599999999999966,0.9285714285714286,83550.5,92935.92
1,299.6,310.2,1469,47.0,15,0,10.599999999999966,0.9375,69043.0,92935.92
1,299.6,310.2,1627,36.6,17,0,10.599999999999966,0.9444444444444444,59548.200000000004,92935.92
0,299.7,310.3,1462,40.4,19,0,10.600000000000023,0.95,59064.799999999996,92996.91
1,299.7,310.2,1633,36.5,24,0,10.5,0.96,59604.5,92966.93999999999
1,299.7,310.2,1469,39.5,26,0,10.5,0.9629629629629629,58025.5,92966.93999999999
1,299.7,310.2,1458,43.4,28,0,10.5,0.9655172413793104,63277.2,92966.93999999999
2,299.7,310.2,1440,42.8,30,0,10.5,0.967741935483871,61631.99999999999,92966.93999999999
1,299.8,310.3,1687,30.4,33,0,10.5,0.9705882352941176,51284.799999999996,93027.94
2,299.7,310.3,1429,47.7,35,0,10.600000000000023,0.9722222222222222,68163.3,92996.91
1,299.6,310.2,1588,34.1,38,0,10.599999999999966,0.9743589743589743,54150.8,92935.92
1,299.6,310.2,1333,51.2,40,0,10.599999999999966,0.975609756097561,68249.6,92935.92
1,299.6,310.1,1487,42.9,42,0,10.5,0.9767441860465116,63792.299999999996,92905.96000000002
2,299.5,310.1,1659,31.5,44,0,10.600000000000023,0.9777777777777777,52258.5,92874.95000000001
2,299.4,310.0,1512,43.2,47,0,10.600000000000023,0.9791666666666666,65318.4,92814.0
1,299.5,310.1,1585,35.2,50,0,10.600000000000023,0.9803921568627451,55792.00000000001,92874.95000000001
1,299.5,310.0,1502,38.5,52,0,10.5,0.9811320754716981,57827.0,92845.0
1,299.5,310.0,1594,35.1,54,0,10.5,0.9818181818181818,55949.4,92845.0
1,299.5,310.0,1412,48.9,56,0,10.5,0.9824561403508771,69046.8,92845.0
1,299.5,309.9,1402,51.7,58,0,10.399999999999977,0.9830508474576272,72483.40000000001,92815.04999999999
1,299.6,310.1,2057,20.4,60,0,10.5,0.9836065573770492,41962.799999999996,92905.96000000002
0,299.6,310.1,1531,36.8,62,0,10.5,0.9841269841269841,56340.799999999996,92905.96000000002
2,299.5,310.1,1359,61.1,67,0,10.600000000000023,0.9852941176470589,83034.90000000001,92874.95000000001
2,299.6,310.2,1620,30.0,70,0,10.599999999999966,0.9859154929577465,48600.0,92935.92
2,299.6,310.1,1646,29.6,73,0,10.5,0.9864864864864865,48721.600000000006,92905.96000000002
2,299.6,310.1,1455,46.1,76,0,10.5,0.987012987012987,67075.5,92905.96000000002
1,299.6,310.2,1512,44.0,79,0,10.599999999999966,0.9875,66528.0,92935.92
1,299.6,310.2,1473,42.7,81,0,10.599999999999966,0.9878048780487805,62897.100000000006,92935.92
1,299.6,310.1,1553,38.0,83,0,10.5,0.9880952380952381,59014.0,92905.96000000002
1,299.5,310.0,1379,50.4,85,0,10.5,0.9883720930232558,69501.59999999999,92845.0
2,299.4,309.9,1567,40.6,87,0,10.5,0.9886363636363636,63620.200000000004,92784.05999999998
1,299.5,310.0,1481,43.1,90,0,10.5,0.989010989010989,63831.1,92845.0
1,299.5,310.0,1349,52.7,92,0,10.5,0.989247311827957,71092.3,92845.0
1,299.5,310.0,1388,52.4,94,0,10.5,0.9894736842105263,72731.2,92845.0
2,299.6,310.1,1357,48.7,96,0,10.5,0.9896907216494846,66085.90000000001,92905.96000000002
1,299.6,310.2,1743,24.8,99,0,10.599999999999966,0.99,43226.4,92935.92
1,299.7,310.3,1495,43.1,101,0,10.600000000000023,0.9901960784313726,64434.5,92996.91
1,299.8,310.4,1698,28.3,103,0,10.599999999999966,0.9903846153846154,48053.4,93057.92
2,299.7,310.4,1410,44.5,105,0,10.699999999999989,0.9905660377358491,62745.0,93026.87999999999
1,299.7,310.4,1614,36.2,108,0,10.699999999999989,0.9908256880733946,58426.8,93026.87999999999
2,299.8,310.5,1375,53.9,110,0,10.699999999999989,0.990990990990991,74112.5,93087.90000000001
2,299.8,310.6,1574,31.8,113,0,10.800000000000011,0.9912280701754386,50053.200000000004,93117.88
0,299.8,310.6,1423,44.6,116,0,10.800000000000011,0.9914529914529915,63465.8,93117.88
2,299.8,310.6,1694,31.3,121,0,10.800000000000011,0.9918032786885246,53022.200000000004,93117.88
1,299.8,310.6,1707,32.5,124,0,10.800000000000011,0.992,55477.5,93117.88
2,299.7,310.5,1490,41.2,126,0,10.800000000000011,0.9921259842519685,61388.00000000001,93056.84999999999
1,299.7,310.6,1675,31.3,129,0,10.900000000000034,0.9923076923076923,52427.5,93086.82
2,299.7,310.5,1492,39.3,131,0,10.800000000000011,0.9924242424242424,58635.6,93056.84999999999
2,299.7,310.5,1594,35.4,134,0,10.800000000000011,0.9925925925925926,56427.6,93056.84999999999
1,299.7,310.6,1479,38.0,137,0,10.900000000000034,0.9927536231884058,56202.0,93086.82
2,299.7,310.6,1572,38.0,139,0,10.900000000000034,0.9928571428571429,59736.0,93086.82
1,299.7,310.6,1616,35.1,142,0,10.900000000000034,0.993006993006993,56721.600000000006,93086.82
1,299.7,310.6,1737,26.1,144,0,10.900000000000034,0.993103448275862,45335.700000000004,93086.82
2,299.7,310.7,1498,37.8,146,0,11.0,0.9931972789115646,56624.399999999994,93116.79
1,299.6,310.6,1642,35.1,149,0,11.0,0.9933333333333333,57634.200000000004,93055.76000000001
2,299.6,310.6,1633,34.2,151,0,11.0,0.993421052631579,55848.600000000006,93055.76000000001
1,299.8,310.8,1409,51.9,154,0,11.0,0.9935483870967742,73127.09999999999,93177.84000000001
2,299.8,310.8,1463,43.5,156,0,11.0,0.9936305732484076,63640.5,93177.84000000001
1,299.8,310.8,1376,48.6,159,0,11.0,0.99375,66873.6,93177.84000000001
1,299.8,310.8,1553,32.2,161,0,11.0,0.9938271604938271,50006.600000000006,93177.84000000001
2,299.8,310.8,1530,35.2,163,0,11.0,0.9939024390243902,53856.00000000001,93177.84000000001
1,299.8,310.9,1545,40.7,166,0,11.099999999999966,0.9940119760479041,62881.50000000001,93207.81999999999
0,299.8,310.9,1427,47.2,168,0,11.099999999999966,0.9940828402366864,67354.40000000001,93207.81999999999
1,299.9,310.9,1292,51.1,173,0,11.0,0.9942528735632183,66021.2,93238.90999999999
1,299.8,310.9,2084,17.6,175,0,11.099999999999966,0.9943181818181818,36678.4,93207.81999999999
1,299.9,311.0,1747,27.6,177,0,11.100000000000023,0.9943820224719101,48217.200000000004,93268.9
1,300.0,311.1,1425,47.8,179,0,11.100000000000023,0.9944444444444445,68115.0,93330.0
1,300.0,311.0,1637,33.6,181,0,11.0,0.9945054945054945,55003.200000000004,93300.0
2,300.1,311.1,1616,35.2,183,0,11.0,0.9945652173913043,56883.200000000004,93361.11000000002
1,300.1,311.1,1619,33.4,186,0,11.0,0.9946524064171123,54074.6,93361.11000000002
1,300.1,311.2,1489,39.1,188,0,11.099999999999966,0.9947089947089947,58219.9,93391.12000000001
2,300.1,311.2,1452,42.4,190,0,11.099999999999966,0.9947643979057592,61564.799999999996,93391.12000000001
2,300.1,311.3,1495,41.0,193,0,11.199999999999989,0.9948453608247423,61295.0,93421.13
2,300.2,311.4,1427,39.7,196,0,11.199999999999989,0.9949238578680203,56651.9,93482.27999999998
1,300.1,311.4,1572,36.2,199,0,11.299999999999955,0.995,56906.4,93451.14
1,300.1,311.3,1547,40.0,201,0,11.199999999999989,0.995049504950495,61880.0,93421.13
2,300.1,311.4,1342,48.5,203,0,11.299999999999955,0.9950980392156863,65087.0,93451.14
1,300.0,311.2,1351,44.1,206,0,11.199999999999989,0.9951690821256038,59579.1,93360.0
1,300.0,311.3,1407,47.3,208,0,11.300000000000011,0.9952153110047847,66551.09999999999,93390.0
2,300.1,311.4,1575,29.8,210,0,11.299999999999955,0.995260663507109,46935.0,93451.14
2,300.0,311.4,1791,24.1,213,0,11.399999999999977,0.9953271028037384,43163.100000000006,93420.0
2,300.0,311.4,1692,29.0,216,1,11.399999999999977,0.9953917050691244,49068.0,93420.0
1,300.0,311.4,1634,31.9,0,0,11.399999999999977,0.0,52124.6,93420.0
2,300.0,311.4,1864,23.3,2,0,11.399999999999977,0.6666666666666666,43431.200000000004,93420.0
1,300.0,311.4,1590,33.6,5,0,11.399999999999977,0.8333333333333334,53424.0,93420.0
2,300.0,311.4,1384,46.1,7,0,11.399999999999977,0.875,63802.4,93420.0
2,300.0,311.4,1352,61.8,10,0,11.399999999999977,0.9090909090909091,83553.59999999999,93420.0
1,300.1,311.4,1484,43.1,13,0,11.299999999999955,0.9285714285714286,63960.4,93451.14
2,300.1,311.4,1913,21.9,15,0,11.299999999999955,0.9375,41894.7,93451.14
1,300.0,311.4,1508,38.2,18,0,11.399999999999977,0.9473684210526315,57605.600000000006,93420.0
1,299.9,311.3,1504,40.7,20,0,11.400000000000034,0.9523809523809523,61212.8,93358.87
1,300.0,311.4,1487,41.2,22,0,11.399999999999977,0.9565217391304348,61264.4,93420.0
1,299.8,311.3,1727,30.0,24,0,11.5,0.96,51810.0,93327.74
1,299.9,311.3,1647,27.5,26,0,11.400000000000034,0.9629629629629629,45292.5,93358.87
1,300.0,311.3,1493,41.4,28,0,11.300000000000011,0.9655172413793104,61810.2,93390.0
1,300.0,311.4,1655,29.6,30,0,11.399999999999977,0.967741935483871,48988.0,93420.0
2,299.9,311.4,1337,54.8,32,0,11.5,0.9696969696969697,73267.59999999999,93388.85999999999
1,300.0,311.5,1601,36.9,35,0,11.5,0.9722222222222222,59076.899999999994,93450.0
0,300.1,311.6,1589,37.9,37,0,11.5,0.9736842105263158,60223.1,93511.16000000002
1,300.2,311.7,1286,55.1,42,0,11.5,0.9767441860465116,70858.6,93572.34
1,300.2,311.7,1553,41.3,44,0,11.5,0.9777777777777777,64138.899999999994,93572.34
1,300.2,311.8,1379,51.0,46,0,11.600000000000023,0.9787234042553191,70329.0,93602.36
2,300.3,311.9,1677,30.8,48,0,11.599999999999966,0.9795918367346939,51651.6,93663.56999999999
1,300.3,311.8,1488,38.4,51,0,11.5,0.9807692307692307,57139.2,93633.54000000001
1,300.3,311.8,1418,45.9,53,0,11.5,0.9814814814814815,65086.2,93633.54000000001
1,300.3,311.8,1451,41.0,55,0,11.5,0.9821428571428571,59491.0,93633.54000000001
1,300.3,311.8,1508,43.1,57,0,11.5,0.9827586206896551,64994.8,93633.54000000001
1,300.3,311.7,1579,33.6,59,0,11.399999999999977,0.9833333333333333,53054.4,93603.51
0,300.3,311.7,1432,47.7,61,0,11.399999999999977,0.9838709677419355,68306.40000000001,93603.51
1,300.2,311.6,1446,47.3,66,0,11.400000000000034,0.9850746268656716,68395.8,93542.32
2,300.2,311.7,1597,39.5,68,0,11.5,0.9855072463768116,63081.5,93572.34
2,300.2,311.7,1397,50.2,71,0,11.5,0.9861111111111112,70129.40000000001,93572.34
1,300.1,311.6,1530,36.6,74,0,11.5,0.9866666666666667,55998.0,93511.16000000002
2,300.1,311.6,1433,51.4,76,0,11.5,0.987012987012987,73656.2,93511.16000000002
1,300.0,311.5,1591,32.0,79,0,11.5,0.9875,50912.0,93450.0
1,300.0,311.5,1445,41.6,81,0,11.5,0.9878048780487805,60112.0,93450.0
1,300.0,311.5,1749,28.3,83,0,11.5,0.9880952380952381,49496.700000000004,93450.0
1,300.0,311.3,1703,30.4,85,0,11.300000000000011,0.9883720930232558,51771.2,93390.0
0,300.1,311.4,1518,46.9,87,0,11.299999999999955,0.9886363636363636,71194.2,93451.14
1,300.1,311.3,1535,42.3,92,0,11.199999999999989,0.989247311827957,64930.49999999999,93421.13
2,300.1,311.4,1390,52.1,94,0,11.299999999999955,0.9894736842105263,72419.0,93451.14
0,300.3,311.6,1801,23.6,97,0,11.300000000000011,0.9897959183673469,42503.600000000006,93573.48000000001
0,300.3,311.6,1463,41.6,102,0,11.300000000000011,0.9902912621359223,60860.8,93573.48000000001
1,300.3,311.6,1560,37.7,107,0,11.300000000000011,0.9907407407407407,58812.00000000001,93573.48000000001
1,300.3,311.6,1607,33.5,109,0,11.300000000000011,0.990909090909091,53834.5,93573.48000000001
1,300.4,311.6,1332,54.6,111,0,11.200000000000045,0.9910714285714286,72727.2,93604.64
1,300.3,311.7,1365,53.3,113,0,11.399999999999977,0.9912280701754386,72754.5,93603.51
2,300.3,311.6,1617,32.5,115,0,11.300000000000011,0.9913793103448276,52552.5,93573.48000000001
2,300.3,311.6,1304,62.8,118,0,11.300000000000011,0.9915966386554622,81891.2,93573.48000000001
1,300.3,311.7,1989,22.3,121,0,11.399999999999977,0.9918032786885246,44354.700000000004,93603.51
0,300.3,311.6,1339,53.4,123,0,11.300000000000011,0.9919354838709677,71502.59999999999,93573.48000000001
1,300.2,311.5,1492,41.8,128,0,11.300000000000011,0.9922480620155039,62365.6,93512.3
2,300.1,311.3,1518,40.2,130,0,11.199999999999989,0.9923664122137404,61023.600000000006,93421.13
1,300.1,311.3,1479,39.5,133,0,11.199999999999989,0.9925373134328358,58420.5,93421.13
2,300.1,311.3,1523,34.1,135,0,11.199999999999989,0.9926470588235294,51934.3,93421.13
2,300.2,311.4,1570,35.3,138,0,11.199999999999989,0.9928057553956835,55420.99999999999,93482.27999999998
0,300.2,311.4,1506,36.1,141,0,11.199999999999989,0.9929577464788732,54366.6,93482.27999999998
2,300.2,311.6,1510,47.5,146,0,11.400000000000034,0.9931972789115646,71725.0,93542.32
1,300.2,311.6,1671,28.8,149,0,11.400000000000034,0.9933333333333333,48124.8,93542.32
2,300.3,311.6,1312,53.4,151,0,11.300000000000011,0.993421052631579,70060.8,93573.48000000001
1,300.3,311.6,1595,38.8,154,0,11.300000000000011,0.9935483870967742,61885.99999999999,93573.48000000001
1,300.3,311.7,1635,31.8,156,0,11.399999999999977,0.9936305732484076,51993.0,93603.51
1,300.3,311.7,1707,33.6,158,0,11.399999999999977,0.9937106918238994,57355.200000000004,93603.51
1,300.3,311.7,1545,43.5,160,0,11.399999999999977,0.9937888198757764,67207.5,93603.51
2,300.2,311.6,1751,28.0,162,0,11.400000000000034,0.9938650306748467,49028.0,93542.32
2,300.4,311.8,1707,30.0,165,0,11.400000000000034,0.9939759036144579,51210.0,93664.72
1,300.4,311.8,1320,57.9,168,0,11.400000000000034,0.9940828402366864,76428.0,93664.72
2,300.3,311.7,1319,51.4,170,0,11.399999999999977,0.9941520467836257,67796.59999999999,93603.51
1,300.2,311.7,1448,54.2,173,0,11.5,0.9942528735632183,78481.6,93572.34
1,300.2,311.8,1436,48.2,175,0,11.600000000000023,0.9943181818181818,69215.2,93602.36
1,300.3,311.9,1609,34.0,177,0,11.599999999999966,0.9943820224719101,54706.0,93663.56999999999
1,300.2,311.8,1464,44.5,179,0,11.600000000000023,0.9944444444444445,65148.0,93602.36
2,300.3,311.8,1483,45.1,181,0,11.5,0.9945054945054945,66883.3,93633.54000000001
2,300.2,311.8,1748,28.5,184,0,11.600000000000023,0.9945945945945946,49818.0,93602.36
1,300.3,311.8,1746,26.3,187,0,11.5,0.9946808510638298,45919.8,93633.54000000001
1,300.2,311.8,1410,51.4,189,0,11.600000000000023,0.9947368421052631,72474.0,93602.36
1,300.2,311.7,1640,30.8,191,0,11.5,0.9947916666666666,50512.0,93572.34
0,300.3,311.7,1655,29.9,193,0,11.399999999999977,0.9948453608247423,49484.5,93603.51
2,300.3,311.7,1646,28.9,198,0,11.399999999999977,0.9949748743718593,47569.399999999994,93603.51
1,300.4,311.8,1589,42.0,201,0,11.400000000000034,0.995049504950495,66738.0,93664.72
1,300.5,311.9,1546,39.4,203,0,11.399999999999977,0.9950980392156863,60912.399999999994,93725.95
1,300.5,311.9,1511,41.8,205,0,11.399999999999977,0.9951456310679612,63159.799999999996,93725.95
1,300.5,311.9,1750,28.3,207,0,11.399999999999977,0.9951923076923077,49525.0,93725.95
2,300.5,311.9,1730,27.5,209,0,11.399999999999977,0.9952380952380953,47575.0,93725.95
1,300.6,311.9,1372,60.1,212,1,11.299999999999955,0.9953051643192489,82457.2,93757.14
1,300.5,311.8,1524,38.9,214,1,11.300000000000011,0.9953488372093023,59283.6,93695.90000000001
1,300.4,311.8,1601,36.1,0,0,11.400000000000034,0.0,57796.100000000006,93664.72
2,300.5,311.8,1636,34.4,2,0,11.300000000000011,0.6666666666666666,56278.399999999994,93695.90000000001
1,300.4,311.8,2261,14.9,5,0,11.400000000000034,0.8333333333333334,33688.9,93664.72
1,300.4,311.8,1636,32.3,7,0,11.400000000000034,0.875,52842.799999999996,93664.72
2,300.4,311.9,1335,58.3,9,0,11.5,0.9,77830.5,93694.75999999998
2,300.3,311.7,1236,57.5,12,0,11.399999999999977,0.9230769230769231,71070.0,93603.51
1,300.3,311.7,1445,47.3,15,0,11.399999999999977,0.9375,68348.5,93603.51
1,300.2,311.5,1500,40.8,17,0,11.300000000000011,0.9444444444444444,61199.99999999999,93512.3
1,300.2,311.6,1999,21.0,19,0,11.400000000000034,0.95,41979.0,93542.32
1,300.2,311.6,1529,35.5,21,0,11.400000000000034,0.9545454545454546,54279.5,93542.32
2,300.2,311.6,1467,40.7,23,0,11.400000000000034,0.9583333333333334,59706.9,93542.32
1,300.1,311.5,1334,54.0,26,0,11.399999999999977,0.9629629629629629,72036.0,93481.15000000001
2,300.1,311.5,1343,46.2,28,0,11.399999999999977,0.9655172413793104,62046.600000000006,93481.15000000001
1,300.2,311.5,1639,31.1,31,0,11.300000000000011,0.96875,50972.9,93512.3
0,300.1,311.5,1383,49.1,33,0,11.399999999999977,0.9705882352941176,67905.3,93481.15000000001
1,300.1,311.4,1660,31.4,38,0,11.299999999999955,0.9743589743589743,52124.0,93451.14
1,300.1,311.3,1470,45.2,40,0,11.199999999999989,0.975609756097561,66444.0,93421.13
2,300.1,311.3,1748,26.6,42,0,11.199999999999989,0.9767441860465116,46496.8,93421.13
1,300.1,311.4,1467,35.7,45,0,11.299999999999955,0.9782608695652174,52371.9,93451.14
2,300.1,311.4,1617,39.3,47,0,11.299999999999955,0.9791666666666666,63548.1,93451.14
0,300.1,311.4,1377,56.7,50,0,11.299999999999955,0.9803921568627451,78075.90000000001,93451.14
2,300.0,311.3,1629,32.1,55,0,11.300000000000011,0.9821428571428571,52290.9,93390.0
1,300.0,311.2,1504,37.9,58,0,11.199999999999989,0.9830508474576272,57001.6,93360.0
1,300.0,311.2,1418,47.3,60,0,11.199999999999989,0.9836065573770492,67071.4,93360.0
1,300.0,311.2,1629,31.7,62,0,11.199999999999989,0.9841269841269841,51639.299999999996,93360.0
1,300.1,311.3,2579,12.5,64,1,11.199999999999989,0.9846153846153847,32237.5,93421.13
1,300.1,311.3,1305,64.7,66,0,11.199999999999989,0.9850746268656716,84433.5,93421.13
2,300.2,311.4,1450,38.5,68,0,11.199999999999989,0.9855072463768116,55825.0,93482.27999999998
1,300.2,311.3,1487,36.9,71,0,11.100000000000023,0.9861111111111112,54870.299999999996,93452.26
2,300.2,311.3,1587,31.2,73,0,11.100000000000023,0.9864864864864865,49514.4,93452.26
2,300.3,311.5,1528,40.9,76,0,11.199999999999989,0.987012987012987,62495.2,93543.45
2,300.4,311.6,1401,49.9,79,0,11.200000000000045,0.9875,69909.9,93604.64
1,300.3,311.5,1446,45.0,82,0,11.199999999999989,0.9879518072289156,65070.0,93543.45
1,300.2,311.4,1425,44.2,84,0,11.199999999999989,0.9882352941176471,62985.00000000001,93482.27999999998
1,300.2,311.4,1891,22.6,86,0,11.199999999999989,0.9885057471264368,42736.600000000006,93482.27999999998
0,300.2,311.5,1454,42.8,88,0,11.300000000000011,0.9887640449438202,62231.2,93512.3
1,300.1,311.4,1430,40.9,93,0,11.299999999999955,0.9893617021276596,58487.0,93451.14
1,300.2,311.4,1495,43.6,95,0,11.199999999999989,0.9895833333333334,65182.0,93482.27999999998
1,300.3,311.4,1544,41.6,97,0,11.099999999999966,0.9897959183673469,64230.4,93513.42
2,300.3,311.4,1554,34.3,99,0,11.099999999999966,0.99,53302.2,93513.42
2,300.2,311.3,1491,37.3,102,0,11.100000000000023,0.9902912621359223,55614.299999999996,93452.26
1,300.3,311.3,1525,40.7,105,0,11.0,0.9905660377358491,62067.50000000001,93483.39000000001
1,300.3,311.3,1505,39.6,107,0,11.0,0.9907407407407407,59598.0,93483.39000000001
2,300.3,311.4,1371,50.2,109,0,11.099999999999966,0.990909090909091,68824.2,93513.42
1,300.3,311.3,1332,60.5,112,0,11.0,0.9911504424778761,80586.0,93483.39000000001
1,300.3,311.4,1471,37.0,114,0,11.099999999999966,0.991304347826087,54427.0,93513.42
2,300.4,311.5,1750,27.3,116,0,11.100000000000023,0.9914529914529915,47775.0,93574.59999999999
2,300.3,311.4,1386,48.1,119,0,11.099999999999966,0.9916666666666667,66666.6,93513.42
2,300.4,311.4,1355,56.2,122,0,11.0,0.991869918699187,76151.0,93544.55999999998
2,300.3,311.3,1377,53.8,125,0,11.0,0.9920634920634921,74082.59999999999,93483.39000000001
1,300.3,311.1,1388,49.4,128,0,10.800000000000011,0.9922480620155039,68567.2,93423.33000000002
2,300.3,311.1,1350,58.7,130,0,10.800000000000011,0.9923664122137404,79245.0,93423.33000000002
2,300.4,311.2,1831,23.4,133,0,10.800000000000011,0.9925373134328358,42845.399999999994,93484.48
2,300.3,311.2,1381,65.2,136,1,10.899999999999977,0.9927007299270073,90041.2,93453.36
2,300.3,311.2,1783,25.6,139,0,10.899999999999977,0.9928571428571429,45644.8,93453.36
1,300.3,311.0,1613,34.7,142,0,10.699999999999989,0.993006993006993,55971.100000000006,93393.3
2,300.2,311.0,2370,14.7,144,0,10.800000000000011,0.993103448275862,34839.0,93362.2
1,300.2,311.0,1627,33.7,147,0,10.800000000000011,0.9932432432432432,54829.9,93362.2
1,300.2,311.0,1255,71.8,149,1,10.800000000000011,0.9933333333333333,90109.0,93362.2
0,300.2,311.0,1777,27.5,151,0,10.800000000000011,0.993421052631579,48867.5,93362.2
1,300.3,311.1,1606,30.9,156,0,10.800000000000011,0.9936305732484076,49625.399999999994,93423.33000000002
1,300.3,311.1,1676,28.6,158,0,10.800000000000011,0.9937106918238994,47933.600000000006,93423.33000000002
1,300.3,311.1,1605,37.1,160,0,10.800000000000011,0.9937888198757764,59545.5,93423.33000000002
1,300.4,311.1,1487,37.4,162,0,10.700000000000045,0.9938650306748467,55613.799999999996,93454.44
1,300.4,311.2,1471,46.5,164,0,10.800000000000011,0.9939393939393939,68401.5,93484.48
2,300.3,311.1,1477,44.2,166,0,10.800000000000011,0.9940119760479041,65283.4,93423.33000000002
1,300.4,311.2,1530,32.0,169,0,10.800000000000011,0.9941176470588236,48960.0,93484.48
1,300.4,311.2,1673,28.9,171,0,10.800000000000011,0.9941860465116279,48349.7,93484.48
1,300.4,311.2,1436,56.8,173,0,10.800000000000011,0.9942528735632183,81564.8,93484.48
1,300.4,311.3,1495,51.2,175,0,10.900000000000034,0.9943181818181818,76544.0,93514.51999999999
2,300.4,311.2,1366,56.1,177,0,10.800000000000011,0.9943820224719101,76632.6,93484.48
0,300.4,311.2,1489,45.3,180,0,10.800000000000011,0.994475138121547,67451.7,93484.48
1,300.3,311.1,1480,46.6,185,0,10.800000000000011,0.9946236559139785,68968.0,93423.33000000002
1,300.4,311.2,1472,37.3,187,0,10.800000000000011,0.9946808510638298,54905.6,93484.48
1,300.4,311.1,1397,50.8,189,0,10.700000000000045,0.9947368421052631,70967.59999999999,93454.44
1,300.4,311.1,1589,35.5,191,0,10.700000000000045,0.9947916666666666,56409.5,93454.44
1,300.4,311.1,1405,54.1,193,0,10.700000000000045,0.9948453608247423,76010.5,93454.44
1,300.4,311.1,2013,20.1,195,0,10.700000000000045,0.9948979591836735,40461.3,93454.44
1,300.4,311.0,1802,26.0,197,0,10.600000000000023,0.9949494949494949,46852.0,93424.4
2,300.4,311.0,1433,46.1,199,0,10.600000000000023,0.995,66061.3,93424.4
2,300.5,311.1,1296,61.3,202,1,10.600000000000023,0.9950738916256158,79444.8,93485.55
2,300.5,311.2,1551,36.6,205,0,10.699999999999989,0.9951456310679612,56766.600000000006,93515.59999999999
1,300.5,311.2,1270,67.5,208,1,10.699999999999989,0.9952153110047847,85725.0,93515.59999999999
1,300.6,311.3,1531,38.5,0,0,10.699999999999989,0.0,58943.5,93576.78000000001
0,300.5,311.2,1397,45.2,2,0,10.699999999999989,0.6666666666666666,63144.4,93515.59999999999
1,300.5,311.1,1547,37.2,7,0,10.600000000000023,0.875,57548.4,93485.55
1,300.5,311.0,2074,18.9,9,0,10.5,0.9,39198.6,93455.5
1,300.5,311.1,1491,42.6,11,0,10.600000000000023,0.9166666666666666,63516.6,93485.55
1,300.5,311.0,1759,28.3,13,0,10.5,0.9285714285714286,49779.700000000004,93455.5
2,300.4,311.0,1595,35.4,15,0,10.600000000000023,0.9375,56463.0,93424.4
1,300.4,311.2,1351,62.0,18,0,10.800000000000011,0.9473684210526315,83762.0,93484.48
1,300.4,311.2,1705,28.7,20,0,10.800000000000011,0.9523809523809523,48933.5,93484.48
1,300.4,311.2,1406,43.6,22,0,10.800000000000011,0.9565217391304348,61301.6,93484.48
1,300.4,311.3,1639,34.6,24,0,10.900000000000034,0.96,56709.4,93514.51999999999
0,300.4,311.3,2026,20.3,26,0,10.900000000000034,0.9629629629629629,41127.8,93514.51999999999
2,300.4,311.3,1350,56.5,31,0,10.900000000000034,0.96875,76275.0,93514.51999999999
2,300.5,311.3,1468,41.1,34,0,10.800000000000011,0.9714285714285714,60334.8,93545.65000000001
1,300.5,311.4,1642,27.1,37,0,10.899999999999977,0.9736842105263158,44498.200000000004,93575.7
1,300.5,311.3,1490,41.8,39,0,10.800000000000011,0.975,62281.99999999999,93545.65000000001
2,300.5,311.3,1507,43.4,41,0,10.800000000000011,0.9761904761904762,65403.799999999996,93545.65000000001
1,300.5,311.4,1611,32.7,44,0,10.899999999999977,0.9777777777777777,52679.700000000004,93575.7
2,300.5,311.4,1743,27.6,46,0,10.899999999999977,0.9787234042553191,48106.8,93575.7
1,300.5,311.3,1475,46.3,49,0,10.800000000000011,0.98,68292.5,93545.65000000001
1,300.5,311.4,1432,47.5,51,0,10.899999999999977,0.9807692307692307,68020.0,93575.7
1,300.5,311.4,1442,47.0,53,0,10.899999999999977,0.9814814814814815,67774.0,93575.7
2,300.6,311.4,1468,40.4,55,0,10.799999999999955,0.9821428571428571,59307.2,93606.84
1,300.5,311.4,1556,45.3,58,0,10.899999999999977,0.9830508474576272,70486.79999999999,93575.7
2,300.5,311.4,1312,51.4,60,0,10.899999999999977,0.9836065573770492,67436.8,93575.7
1,300.6,311.5,1459,47.0,63,0,10.899999999999977,0.984375,68573.0,93636.90000000001
1,300.5,311.5,1651,36.9,65,0,11.0,0.9848484848484849,60921.899999999994,93605.75
1,300.5,311.5,1490,38.4,67,0,11.0,0.9852941176470589,57216.0,93605.75
2,300.6,311.6,1473,31.5,69,0,11.0,0.9857142857142858,46399.5,93666.96000000002
1,300.6,311.7,1734,29.9,72,0,11.099999999999966,0.9863013698630136,51846.6,93697.02
1,300.6,311.7,1507,45.5,74,0,11.099999999999966,0.9866666666666667,68568.5,93697.02
1,300.6,311.7,1556,34.9,76,0,11.099999999999966,0.987012987012987,54304.399999999994,93697.02
0,300.5,311.6,1351,53.5,78,0,11.100000000000023,0.9873417721518988,72278.5,93635.8
1,300.5,311.7,1445,44.8,83,0,11.199999999999989,0.9880952380952381,64735.99999999999,93665.84999999999
1,300.5,311.7,1619,32.7,85,0,11.199999999999989,0.9883720930232558,52941.3,93665.84999999999
2,300.5,311.7,1269,64.0,87,0,11.199999999999989,0.9886363636363636,81216.0,93665.84999999999
1,300.5,311.6,1534,37.7,90,0,11.100000000000023,0.989010989010989,57831.8,93635.8
1,300.5,311.6,1444,49.3,92,0,11.100000000000023,0.989247311827957,71189.2,93635.8
1,300.5,311.6,1744,26.8,94,0,11.100000000000023,0.9894736842105263,46739.200000000004,93635.8
1,300.4,311.5,1441,44.6,96,0,11.100000000000023,0.9896907216494846,64268.6,93574.59999999999
2,300.3,311.3,1506,40.7,98,0,11.0,0.98989898989899,61294.200000000004,93483.39000000001
1,300.3,311.4,1526,38.5,101,0,11.099999999999966,0.9901960784313726,58751.0,93513.42
1,300.4,311.5,1704,29.7,103,0,11.100000000000023,0.9903846153846154,50608.799999999996,93574.59999999999
0,300.4,311.4,1445,52.4,105,0,11.0,0.9905660377358491,75718.0,93544.55999999998
1,300.5,311.5,1661,35.9,110,0,11.0,0.990990990990991,59629.899999999994,93605.75
1,300.5,311.4,1466,41.8,112,0,10.899999999999977,0.9911504424778761,61278.799999999996,93575.7
1,300.4,311.3,1608,35.1,114,0,10.900000000000034,0.991304347826087,56440.8,93514.51999999999
2,300.4,311.4,1352,57.3,116,0,11.0,0.9914529914529915,77469.59999999999,93544.55999999998
2,300.4,311.4,1604,31.7,119,0,11.0,0.9916666666666667,50846.799999999996,93544.55999999998
0,300.4,311.4,1427,50.7,122,0,11.0,0.991869918699187,72348.90000000001,93544.55999999998
1,300.4,311.4,1424,44.6,127,0,11.0,0.9921875,63510.4,93544.55999999998
1,300.4,311.4,1662,29.3,129,0,11.0,0.9923076923076923,48696.6,93544.55999999998
1,300.4,311.4,1936,23.9,131,0,11.0,0.9924242424242424,46270.399999999994,93544.55999999998
1,300.4,311.4,1728,31.7,133,0,11.0,0.9925373134328358,54777.6,93544.55999999998
1,300.4,311.4,1552,28.8,135,0,11.0,0.9926470588235294,44697.6,93544.55999999998
0,300.4,311.5,1662,29.0,137,0,11.100000000000023,0.9927536231884058,48198.0,93574.59999999999
1,300.3,311.4,1343,57.7,142,0,11.099999999999966,0.993006993006993,77491.1,93513.42
2,300.4,311.5,1476,32.6,144,0,11.100000000000023,0.993103448275862,48117.6,93574.59999999999
1,300.3,311.4,1346,51.1,147,0,11.099999999999966,0.9932432432432432,68780.6,93513.42
1,300.4,311.5,1492,44.6,149,0,11.100000000000023,0.9933333333333333,66543.2,93574.59999999999
2,300.3,311.5,1540,41.5,151,0,11.199999999999989,0.993421052631579,63910.0,93543.45
1,300.4,311.5,1596,32.5,154,0,11.100000000000023,0.9935483870967742,51870.0,93574.59999999999
1,300.5,311.6,1541,47.8,156,0,11.100000000000023,0.9936305732484076,73659.79999999999,93635.8
1,300.5,311.6,1661,30.0,158,0,11.100000000000023,0.9937106918238994,49830.0,93635.8
2,300.4,311.6,1359,55.4,160,0,11.200000000000045,0.9937888198757764,75288.59999999999,93604.64
1,300.5,311.6,1528,42.4,163,0,11.100000000000023,0.9939024390243902,64787.2,93635.8
2,300.5,311.6,1246,52.9,165,0,11.100000000000023,0.9939759036144579,65913.4,93635.8
1,300.5,311.6,1575,32.5,168,0,11.100000000000023,0.9940828402366864,51187.5,93635.8
2,300.5,311.6,1658,30.4,170,0,11.100000000000023,0.9941520467836257,50403.2,93635.8
1,300.5,311.6,1385,54.8,173,0,11.100000000000023,0.9942528735632183,75898.0,93635.8
0,300.5,311.7,1454,50.3,175,0,11.199999999999989,0.9943181818181818,73136.2,93665.84999999999
1,300.5,311.6,1497,40.5,180,0,11.100000000000023,0.994475138121547,60628.5,93635.8
2,300.6,311.7,1424,50.8,182,0,11.099999999999966,0.994535519125683,72339.2,93697.02
1,300.6,311.7,1528,43.9,185,0,11.099999999999966,0.9946236559139785,67079.2,93697.02
1,300.6,311.8,1539,37.0,187,0,11.199999999999989,0.9946808510638298,56943.0,93727.08000000002
1,300.7,311.8,1336,58.4,189,1,11.100000000000023,0.9947368421052631,78022.4,93758.26
1,300.5,311.6,1525,37.6,191,0,11.100000000000023,0.9947916666666666,57340.0,93635.8
2,300.5,311.6,1456,51.1,193,0,11.100000000000023,0.9948453608247423,74401.6,93635.8
2,300.5,311.7,2141,17.2,196,0,11.199999999999989,0.9949238578680203,36825.2,93665.84999999999
2,300.5,311.6,1476,39.1,199,0,11.100000000000023,0.995,57711.6,93635.8
1,300.5,311.6,1509,47.2,202,0,11.100000000000023,0.9950738916256158,71224.8,93635.8
1,300.5,311.6,1447,45.4,204,0,11.100000000000023,0.9951219512195122,65693.8,93635.8
1,300.6,311.7,1448,49.1,206,0,11.099999999999966,0.9951690821256038,71096.8,93697.02
1,300.6,311.7,1428,52.6,208,0,11.099999999999966,0.9952153110047847,75112.8,93697.02
2,300.6,311.7,1389,52.1,210,0,11.099999999999966,0.995260663507109,72366.90000000001,93697.02
1,300.7,311.7,1635,32.4,213,0,11.0,0.9953271028037384,52974.0,93728.18999999999
1,300.7,311.7,1395,43.7,215,0,11.0,0.9953703703703703,60961.50000000001,93728.18999999999
1,300.7,311.8,1443,43.7,217,0,11.100000000000023,0.9954128440366973,63059.100000000006,93758.26
2,300.7,311.7,1412,49.1,219,0,11.0,0.9954545454545455,69329.2,93728.18999999999
1,300.7,311.7,1524,43.5,222,0,11.0,0.9955156950672646,66294.0,93728.18999999999
2,300.7,311.8,1407,42.4,224,0,11.100000000000023,0.9955555555555555,59656.799999999996,93758.26
1,300.8,311.7,1397,43.5,227,0,10.899999999999977,0.9956140350877193,60769.5,93759.36
2,300.7,311.7,1504,36.9,229,0,11.0,0.9956521739130435,55497.6,93728.18999999999
2,300.7,311.7,2097,18.9,232,1,11.0,0.9957081545064378,39633.299999999996,93728.18999999999
1,300.6,311.7,1553,39.8,0,0,11.099999999999966,0.0,61809.399999999994,93697.02
1,300.6,311.7,1432,39.2,2,0,11.099999999999966,0.6666666666666666,56134.4,93697.02
2,300.5,311.6,1577,36.5,4,0,11.100000000000023,0.8,57560.5,93635.8
2,300.5,311.5,1370,56.1,7,0,11.0,0.875,76857.0,93605.75
0,300.5,311.6,1506,36.2,10,0,11.100000000000023,0.9090909090909091,54517.200000000004,93635.8
1,300.6,311.6,1964,21.4,15,0,11.0,0.9375,42029.6,93666.96000000002
0,300.6,311.7,1500,36.7,17,0,11.099999999999966,0.9444444444444444,55050.00000000001,93697.02
1,300.6,311.7,1488,47.7,22,0,11.099999999999966,0.9565217391304348,70977.6,93697.02
0,300.6,311.5,1282,60.2,24,0,10.899999999999977,0.96,77176.40000000001,93636.90000000001
1,300.5,311.4,1400,45.1,29,0,10.899999999999977,0.9666666666666667,63140.0,93575.7
1,300.6,311.5,1419,38.6,31,0,10.899999999999977,0.96875,54773.4,93636.90000000001
2,300.7,311.5,1441,40.6,33,0,10.800000000000011,0.9705882352941176,58504.6,93668.05
2,300.7,311.6,1348,62.5,36,0,10.900000000000034,0.972972972972973,84250.0,93698.12000000001
0,300.8,311.7,1468,38.7,39,0,10.899999999999977,0.975,56811.600000000006,93759.36
2,300.7,311.7,1701,30.8,44,0,11.0,0.9777777777777777,52390.8,93728.18999999999
0,300.7,311.7,1864,23.6,47,0,11.0,0.9791666666666666,43990.4,93728.18999999999
2,300.6,311.6,1630,31.8,52,0,11.0,0.9811320754716981,51834.0,93666.96000000002
1,300.5,311.5,1316,49.7,55,0,11.0,0.9821428571428571,65405.200000000004,93605.75
1,300.5,311.5,1708,31.2,57,0,11.0,0.9827586206896551,53289.6,93605.75
0,300.5,311.4,1679,27.5,59,0,10.899999999999977,0.9833333333333333,46172.5,93575.7
1,300.5,311.4,1709,32.3,64,0,10.899999999999977,0.9846153846153847,55200.7,93575.7
1,300.5,311.4,1445,41.5,66,0,10.899999999999977,0.9850746268656716,59967.5,93575.7
2,300.5,311.4,1390,51.9,68,0,10.899999999999977,0.9855072463768116,72141.0,93575.7
1,300.4,311.4,1309,55.5,71,0,11.0,0.9861111111111112,72649.5,93544.55999999998
1,300.5,311.5,1499,37.6,73,0,11.0,0.9864864864864865,56362.4,93605.75
2,300.5,311.4,2072,18.8,75,0,10.899999999999977,0.9868421052631579,38953.6,93575.7
1,300.5,311.5,1487,43.0,78,0,11.0,0.9873417721518988,63941.0,93605.75
1,300.5,311.5,1302,49.6,80,0,11.0,0.9876543209876543,64579.200000000004,93605.75
2,300.5,311.5,1378,48.2,82,0,11.0,0.9879518072289156,66419.6,93605.75
1,300.5,311.6,1365,53.0,85,0,11.100000000000023,0.9883720930232558,72345.0,93635.8
0,300.6,311.7,1427,44.6,87,0,11.099999999999966,0.9886363636363636,63644.200000000004,93697.02
0,300.6,311.7,1535,33.3,92,0,11.099999999999966,0.989247311827957,51115.49999999999,93697.02
0,300.5,311.6,1476,41.7,97,0,11.100000000000023,0.9897959183673469,61549.200000000004,93635.8
1,300.5,311.6,1425,42.4,102,0,11.100000000000023,0.9902912621359223,60420.0,93635.8
1,300.5,311.7,1409,54.7,104,0,11.199999999999989,0.9904761904761905,77072.3,93665.84999999999
1,300.5,311.6,1730,30.2,106,0,11.100000000000023,0.9906542056074766,52246.0,93635.8
2,300.5,311.6,1454,41.4,108,0,11.100000000000023,0.9908256880733946,60195.6,93635.8
1,300.6,311.7,1744,26.9,111,0,11.099999999999966,0.9910714285714286,46913.6,93697.02
2,300.8,311.9,1761,29.0,113,0,11.099999999999966,0.9912280701754386,51069.0,93819.51999999999
2,300.7,311.9,1657,30.9,116,0,11.199999999999989,0.9914529914529915,51201.299999999996,93788.32999999999
1,300.7,311.8,1420,47.0,119,0,11.100000000000023,0.9916666666666667,66740.0,93758.26
0,300.7,311.9,1329,59.2,121,0,11.199999999999989,0.9918032786885246,78676.8,93788.32999999999
1,300.6,311.9,1472,44.2,126,0,11.299999999999955,0.9921259842519685,65062.4,93757.14
1,300.6,312.0,1566,30.1,128,0,11.399999999999977,0.9922480620155039,47136.600000000006,93787.20000000001
1,300.6,312.0,1430,42.7,130,0,11.399999999999977,0.9923664122137404,61061.00000000001,93787.20000000001
1,300.6,312.0,1481,40.9,132,0,11.399999999999977,0.9924812030075187,60572.9,93787.20000000001
1,300.6,312.0,1670,29.4,134,0,11.399999999999977,0.9925925925925926,49098.0,93787.20000000001
1,300.6,312.0,1406,55.1,136,0,11.399999999999977,0.9927007299270073,77470.6,93787.20000000001
0,300.6,312.1,1354,46.9,138,0,11.5,0.9928057553956835,63502.6,93817.26000000001
2,300.5,312.0,1985,19.3,143,0,11.5,0.9930555555555556,38310.5,93756.0
2,300.5,312.0,1263,60.8,146,0,11.5,0.9931972789115646,76790.4,93756.0
1,300.5,311.9,1576,31.1,149,0,11.399999999999977,0.9933333333333333,49013.600000000006,93725.95
1,300.5,312.0,1453,45.1,151,0,11.5,0.993421052631579,65530.3,93756.0
1,300.5,312.0,1478,39.0,153,0,11.5,0.9935064935064936,57642.0,93756.0
2,300.5,311.9,1323,57.9,155,0,11.399999999999977,0.9935897435897436,76601.7,93725.95
1,300.5,311.9,1710,28.4,158,0,11.399999999999977,0.9937106918238994,48564.0,93725.95
1,300.4,311.7,1314,59.5,160,0,11.300000000000011,0.9937888198757764,78183.0,93634.68
1,300.4,311.7,1460,39.6,162,0,11.300000000000011,0.9938650306748467,57816.0,93634.68
2,300.4,311.7,1508,45.4,164,0,11.300000000000011,0.9939393939393939,68463.2,93634.68
2,300.5,311.8,1331,55.3,167,0,11.300000000000011,0.9940476190476191,73604.3,93695.90000000001
1,300.4,311.7,1515,47.4,170,0,11.300000000000011,0.9941520467836257,71811.0,93634.68
1,300.4,311.6,1674,33.0,172,0,11.200000000000045,0.9942196531791907,55242.0,93604.64
1,300.4,311.7,1444,51.2,174,0,11.300000000000011,0.9942857142857143,73932.8,93634.68
2,300.4,311.7,1398,42.6,176,0,11.300000000000011,0.9943502824858758,59554.8,93634.68
2,300.4,311.7,1832,24.2,179,0,11.300000000000011,0.9944444444444445,44334.4,93634.68
2,300.5,311.8,1591,42.0,182,0,11.300000000000011,0.994535519125683,66822.0,93695.90000000001
2,300.4,311.7,1478,39.9,185,0,11.300000000000011,0.9946236559139785,58972.2,93634.68
2,300.4,311.8,1362,47.6,188,0,11.400000000000034,0.9947089947089947,64831.200000000004,93664.72
1,300.5,311.8,1368,57.9,191,1,11.300000000000011,0.9947916666666666,79207.2,93695.90000000001
2,300.3,311.7,1723,28.3,193,0,11.399999999999977,0.9948453608247423,48760.9,93603.51
1,300.4,311.8,1689,30.8,196,0,11.400000000000034,0.9949238578680203,52021.200000000004,93664.72
1,300.4,311.8,1272,59.2,198,1,11.400000000000034,0.9949748743718593,75302.40000000001,93664.72
2,300.4,311.7,1511,33.0,200,0,11.300000000000011,0.9950248756218906,49863.0,93634.68
0,300.4,311.6,1715,30.8,203,0,11.200000000000045,0.9950980392156863,52822.0,93604.64
2,300.3,311.5,1400,43.8,0,0,11.199999999999989,0.0,61319.99999999999,93543.45
1,300.4,311.6,1200,76.6,3,1,11.200000000000045,0.75,91920.0,93604.64
2,300.4,311.7,1555,38.7,5,0,11.300000000000011,0.8333333333333334,60178.50000000001,93634.68
0,300.3,311.6,1427,56.2,8,0,11.300000000000011,0.8888888888888888,80197.40000000001,93573.48000000001
1,300.3,311.4,1318,52.7,13,0,11.099999999999966,0.9285714285714286,69458.6,93513.42
0,300.2,311.4,1319,54.6,15,0,11.199999999999989,0.9375,72017.40000000001,93482.27999999998
2,300.2,311.4,1960,20.9,20,0,11.199999999999989,0.9523809523809523,40964.0,93482.27999999998
1,300.3,311.5,1552,38.9,23,0,11.199999999999989,0.9583333333333334,60372.799999999996,93543.45
1,300.3,311.5,1548,32.2,25,0,11.199999999999989,0.9615384615384616,49845.600000000006,93543.45
1,300.3,311.6,1709,29.5,27,0,11.300000000000011,0.9642857142857143,50415.5,93573.48000000001
0,300.3,311.5,1464,41.0,29,0,11.199999999999989,0.9666666666666667,60024.0,93543.45
1,300.3,311.4,1759,24.8,34,0,11.099999999999966,0.9714285714285714,43623.200000000004,93513.42
1,300.3,311.5,1634,31.9,36,0,11.199999999999989,0.972972972972973,52124.6,93543.45
1,300.3,311.5,1663,33.6,38,0,11.199999999999989,0.9743589743589743,55876.8,93543.45
2,300.3,311.5,1445,47.3,40,0,11.199999999999989,0.975609756097561,68348.5,93543.45
1,300.3,311.5,1695,25.6,43,0,11.199999999999989,0.9772727272727273,43392.0,93543.45
1,300.4,311.6,1517,39.0,45,0,11.200000000000045,0.9782608695652174,59163.0,93604.64
1,300.5,311.7,1811,26.8,47,0,11.199999999999989,0.9791666666666666,48534.8,93665.84999999999
1,300.4,311.6,1815,23.5,49,0,11.200000000000045,0.98,42652.5,93604.64
1,300.4,311.7,1513,40.0,51,0,11.300000000000011,0.9807692307692307,60520.0,93634.68
2,300.4,311.6,1518,36.4,53,0,11.200000000000045,0.9814814814814815,55255.2,93604.64
1,300.3,311.5,1667,28.8,56,0,11.199999999999989,0.9824561403508771,48009.6,93543.45
1,300.3,311.5,1403,60.1,58,0,11.199999999999989,0.9830508474576272,84320.3,93543.45
1,300.2,311.5,1383,42.1,60,0,11.300000000000011,0.9836065573770492,58224.3,93512.3
1,300.3,311.5,1466,46.2,62,0,11.199999999999989,0.9841269841269841,67729.2,93543.45
1,300.3,311.5,1378,47.5,64,0,11.199999999999989,0.9846153846153847,65455.0,93543.45
2,300.2,311.5,1547,40.9,66,0,11.300000000000011,0.9850746268656716,63272.299999999996,93512.3
1,300.2,311.5,1495,38.5,69,0,11.300000000000011,0.9857142857142858,57557.5,93512.3
1,300.1,311.4,1729,29.3,71,0,11.299999999999955,0.9861111111111112,50659.700000000004,93451.14
1,300.1,311.4,1418,47.7,73,0,11.299999999999955,0.9864864864864865,67638.6,93451.14
0,300.1,311.4,1485,40.4,75,0,11.299999999999955,0.9868421052631579,59994.0,93451.14
1,300.1,311.5,1434,40.8,80,0,11.399999999999977,0.9876543209876543,58507.2,93481.15000000001
2,300.2,311.6,1415,55.8,82,0,11.400000000000034,0.9879518072289156,78957.0,93542.32
0,300.1,311.6,1674,29.6,85,0,11.5,0.9883720930232558,49550.4,93511.16000000002
1,300.1,311.5,1454,52.4,90,0,11.399999999999977,0.989010989010989,76189.59999999999,93481.15000000001
1,300.0,311.4,1476,39.0,92,0,11.399999999999977,0.989247311827957,57564.0,93420.0
1,300.0,311.5,1812,28.3,94,0,11.5,0.9894736842105263,51279.6,93450.0
1,300.0,311.4,1374,41.9,96,0,11.399999999999977,0.9896907216494846,57570.6,93420.0
2,300.1,311.4,1524,40.6,98,0,11.299999999999955,0.98989898989899,61874.4,93451.14
1,300.0,311.4,1383,49.6,101,0,11.399999999999977,0.9901960784313726,68596.8,93420.0
1,299.9,311.3,1429,58.2,103,0,11.400000000000034,0.9903846153846154,83167.8,93358.87
2,299.8,311.3,1517,41.2,105,0,11.5,0.9905660377358491,62500.4,93327.74
2,299.9,311.4,1480,44.9,108,0,11.5,0.9908256880733946,66452.0,93388.85999999999
1,299.9,311.4,1706,28.8,111,0,11.5,0.9910714285714286,49132.8,93388.85999999999
1,300.0,311.5,1349,48.6,113,0,11.5,0.9912280701754386,65561.40000000001,93450.0
2,300.0,311.5,1451,49.0,115,0,11.5,0.9913793103448276,71099.0,93450.0
1,299.9,311.4,1627,36.7,118,0,11.5,0.9915966386554622,59710.9,93388.85999999999
2,300.0,311.4,1537,35.4,120,0,11.399999999999977,0.9917355371900827,54409.799999999996,93420.0
1,300.1,311.5,2218,17.0,123,0,11.399999999999977,0.9919354838709677,37706.0,93481.15000000001
2,300.0,311.4,1466,39.0,125,0,11.399999999999977,0.9920634920634921,57174.0,93420.0
1,300.0,311.5,1666,32.0,128,0,11.5,0.9922480620155039,53312.0,93450.0
1,300.0,311.5,1455,41.7,130,0,11.5,0.9923664122137404,60673.50000000001,93450.0
1,300.0,311.4,1927,24.6,132,0,11.399999999999977,0.9924812030075187,47404.200000000004,93420.0
2,299.9,311.3,1703,28.4,134,0,11.400000000000034,0.9925925925925926,48365.2,93358.87
1,299.8,311.2,1533,35.9,137,0,11.399999999999977,0.9927536231884058,55034.7,93297.76
0,299.8,311.3,1785,25.4,139,0,11.5,0.9928571428571429,45339.0,93327.74
1,299.8,311.2,2142,16.6,144,0,11.399999999999977,0.993103448275862,35557.200000000004,93297.76
1,299.8,311.2,1369,46.2,146,0,11.399999999999977,0.9931972789115646,63247.8,93297.76
2,299.8,311.2,1706,29.2,148,0,11.399999999999977,0.9932885906040269,49815.2,93297.76
1,299.9,311.3,1802,24.4,151,0,11.400000000000034,0.993421052631579,43968.799999999996,93358.87
0,299.9,311.3,1413,41.8,153,0,11.400000000000034,0.9935064935064936,59063.399999999994,93358.87
1,300.0,311.3,1484,53.2,158,0,11.300000000000011,0.9937106918238994,78948.8,93390.0
1,299.9,311.3,1535,38.1,160,0,11.400000000000034,0.9937888198757764,58483.5,93358.87
2,299.9,311.2,1579,35.5,162,0,11.300000000000011,0.9938650306748467,56054.5,93328.87999999999
1,299.8,311.1,1300,64.2,165,0,11.300000000000011,0.9939759036144579,83460.0,93267.78000000001
2,299.8,311.1,1452,44.3,167,0,11.300000000000011,0.9940476190476191,64323.6,93267.78000000001
2,299.8,311.1,1562,35.7,170,0,11.300000000000011,0.9941520467836257,55763.4,93267.78000000001
1,299.8,311.2,1664,28.3,173,0,11.399999999999977,0.9942528735632183,47091.200000000004,93297.76
0,299.9,311.2,1495,35.8,175,0,11.300000000000011,0.9943181818181818,53520.99999999999,93328.87999999999
2,300.0,311.4,1533,42.6,180,0,11.399999999999977,0.994475138121547,65305.8,93420.0
1,300.0,311.4,1484,37.0,183,0,11.399999999999977,0.9945652173913043,54908.0,93420.0
1,300.0,311.4,1604,38.7,185,0,11.399999999999977,0.9946236559139785,62074.8,93420.0
1,300.0,311.4,1483,45.6,187,0,11.399999999999977,0.9946808510638298,67624.8,93420.0
1,300.1,311.5,1549,34.7,189,0,11.399999999999977,0.9947368421052631,53750.3,93481.15000000001
1,300.1,311.4,1604,35.0,191,0,11.299999999999955,0.9947916666666666,56140.0,93451.14
1,300.2,311.5,1685,31.0,193,0,11.300000000000011,0.9948453608247423,52235.0,93512.3
1,300.2,311.6,1372,49.2,195,0,11.400000000000034,0.9948979591836735,67502.40000000001,93542.32
1,300.3,311.6,1374,47.4,197,0,11.300000000000011,0.9949494949494949,65127.6,93573.48000000001
1,300.2,311.6,1606,31.0,199,0,11.400000000000034,0.995,49786.0,93542.32
1,300.1,311.5,1471,47.2,201,0,11.399999999999977,0.995049504950495,69431.2,93481.15000000001
1,300.1,311.5,1659,31.1,203,0,11.399999999999977,0.9950980392156863,51594.9,93481.15000000001
2,300.1,311.7,1400,48.5,205,0,11.599999999999966,0.9951456310679612,67900.0,93541.17
1,300.1,311.7,1503,42.6,208,0,11.599999999999966,0.9952153110047847,64027.8,93541.17
1,300.2,311.8,1798,23.2,210,0,11.600000000000023,0.995260663507109,41713.6,93602.36
2,300.2,311.6,1608,35.0,212,0,11.400000000000034,0.9953051643192489,56280.0,93542.32
1,300.2,311.6,1322,50.9,215,0,11.400000000000034,0.9953703703703703,67289.8,93542.32
0,300.2,311.6,1547,37.7,217,0,11.400000000000034,0.9954128440366973,58321.9,93542.32
2,300.3,311.7,1374,47.9,222,1,11.399999999999977,0.9955156950672646,65814.59999999999,93603.51
2,300.3,311.7,1447,36.8,0,0,11.399999999999977,0.0,53249.6,93603.51
1,300.4,311.7,1373,47.2,3,0,11.300000000000011,0.75,64805.600000000006,93634.68
1,300.3,311.7,1515,37.5,5,0,11.399999999999977,0.8333333333333334,56812.5,93603.51
1,300.3,311.7,1317,56.5,7,0,11.399999999999977,0.875,74410.5,93603.51
1,300.3,311.8,1551,37.2,9,0,11.5,0.9,57697.200000000004,93633.54000000001
2,300.3,311.8,1592,32.1,11,0,11.5,0.9166666666666666,51103.200000000004,93633.54000000001
1,300.4,311.8,1433,42.2,14,0,11.400000000000034,0.9333333333333333,60472.600000000006,93664.72
1,300.5,311.9,1432,43.1,16,0,11.399999999999977,0.9411764705882353,61719.200000000004,93725.95
1,300.5,311.9,1350,51.7,18,0,11.399999999999977,0.9473684210526315,69795.0,93725.95
2,300.5,311.9,1370,44.8,20,0,11.399999999999977,0.9523809523809523,61375.99999999999,93725.95
1,300.5,312.0,1415,44.6,23,0,11.5,0.9583333333333334,63109.0,93756.0
1,300.5,312.0,1498,42.9,25,0,11.5,0.9615384615384616,64264.2,93756.0
2,300.5,312.0,1382,54.1,27,0,11.5,0.9642857142857143,74766.2,93756.0
2,300.5,311.9,1511,44.5,30,0,11.399999999999977,0.967741935483871,67239.5,93725.95
1,300.5,311.9,1330,59.5,33,0,11.399999999999977,0.9705882352941176,79135.0,93725.95
1,300.5,311.9,1383,50.5,35,0,11.399999999999977,0.9722222222222222,69841.5,93725.95
1,300.5,311.9,1431,49.4,37,0,11.399999999999977,0.9736842105263158,70691.4,93725.95
1,300.5,312.0,1461,38.1,39,0,11.5,0.975,55664.1,93756.0
0,300.4,311.9,1438,46.7,41,0,11.5,0.9761904761904762,67154.6,93694.75999999998
2,300.5,312.0,1779,27.7,46,0,11.5,0.9787234042553191,49278.299999999996,93756.0
2,300.6,312.1,1293,52.3,49,0,11.5,0.98,67623.9,93817.26000000001
1,300.6,312.2,1308,54.7,52,0,11.599999999999966,0.9811320754716981,71547.6,93847.32
1,300.6,312.3,1532,37.2,54,0,11.699999999999989,0.9818181818181818,56990.4,93877.38
1,300.7,312.4,1470,38.6,56,0,11.699999999999989,0.9824561403508771,56742.0,93938.68
1,300.7,312.3,1548,37.9,58,0,11.600000000000023,0.9830508474576272,58669.2,93908.61
1,300.7,312.3,1898,24.0,60,0,11.600000000000023,0.9836065573770492,45552.0,93908.61
0,300.7,312.2,1335,49.0,62,0,11.5,0.9841269841269841,65415.0,93878.54
1,300.7,312.3,1420,53.8,67,0,11.600000000000023,0.9852941176470589,76396.0,93908.61
1,300.7,312.3,1418,49.0,69,0,11.600000000000023,0.9857142857142858,69482.0,93908.61
2,300.8,312.3,1535,40.3,71,0,11.5,0.9861111111111112,61860.49999999999,93939.84000000001
0,300.7,312.4,1457,47.2,74,0,11.699999999999989,0.9866666666666667,68770.40000000001,93938.68
1,300.8,312.4,1493,39.1,79,0,11.599999999999966,0.9875,58376.3,93969.92
0,300.7,312.3,1670,27.3,81,0,11.600000000000023,0.9878048780487805,45591.0,93908.61
0,300.7,312.3,1446,45.4,86,0,11.600000000000023,0.9885057471264368,65648.4,93908.61
1,300.8,312.4,1465,59.1,91,1,11.599999999999966,0.9891304347826086,86581.5,93969.92
1,300.7,312.3,1590,36.3,93,0,11.600000000000023,0.9893617021276596,57716.99999999999,93908.61
2,300.6,312.2,2174,18.5,95,0,11.599999999999966,0.9895833333333334,40219.0,93847.32
1,300.7,312.4,1590,37.9,98,0,11.699999999999989,0.98989898989899,60261.0,93938.68
1,300.7,312.3,1577,33.2,100,0,11.600000000000023,0.9900990099009901,52356.4,93908.61
2,300.7,312.4,1371,61.7,102,0,11.699999999999989,0.9902912621359223,84590.7,93938.68
1,300.8,312.4,1767,25.6,105,0,11.599999999999966,0.9905660377358491,45235.200000000004,93969.92
1,300.8,312.5,1517,39.2,107,0,11.699999999999989,0.9907407407407407,59466.4,94000.0
2,300.9,312.6,1555,40.6,109,0,11.700000000000045,0.990909090909091,63133.0,94061.34
1,300.9,312.7,1416,43.8,112,0,11.800000000000011,0.9911504424778761,62020.799999999996,94091.43
2,300.8,312.6,1588,35.6,114,0,11.800000000000011,0.991304347826087,56532.8,94030.08000000002
1,300.8,312.6,1422,50.0,117,0,11.800000000000011,0.9915254237288136,71100.0,94030.08000000002
1,300.8,312.6,1376,53.6,119,0,11.800000000000011,0.9916666666666667,73753.6,94030.08000000002
1,300.8,312.5,1434,50.7,121,0,11.699999999999989,0.9918032786885246,72703.8,94000.0
1,300.8,312.5,1423,47.3,123,0,11.699999999999989,0.9919354838709677,67307.9,94000.0
1,300.9,312.4,1364,52.5,125,0,11.5,0.9920634920634921,71610.0,94001.15999999999
1,300.8,312.4,1825,23.8,127,0,11.599999999999966,0.9921875,43435.0,93969.92
1,300.8,312.4,1365,44.5,129,0,11.599999999999966,0.9923076923076923,60742.5,93969.92
2,300.7,312.3,1430,47.2,131,0,11.600000000000023,0.9924242424242424,67496.0,93908.61
1,300.8,312.3,1435,44.8,134,0,11.5,0.9925925925925926,64287.99999999999,93939.84000000001
2,300.8,312.4,1811,25.1,136,0,11.599999999999966,0.9927007299270073,45456.100000000006,93969.92
2,300.8,312.4,1465,43.7,139,0,11.599999999999966,0.9928571428571429,64020.50000000001,93969.92
1,300.9,312.4,1372,51.0,142,0,11.5,0.993006993006993,69972.0,94001.15999999999
1,300.8,312.3,1858,26.3,144,0,11.5,0.993103448275862,48865.4,93939.84000000001
1,300.7,312.3,1715,26.8,146,0,11.600000000000023,0.9931972789115646,45962.0,93908.61
1,300.7,312.2,1590,38.5,148,0,11.5,0.9932885906040269,61215.0,93878.54
2,300.8,312.2,1664,25.7,150,0,11.399999999999977,0.9933774834437086,42764.799999999996,93909.76
1,300.7,312.1,1512,36.9,153,0,11.400000000000034,0.9935064935064936,55792.799999999996,93848.47
1,300.7,312.1,1498,44.0,155,0,11.400000000000034,0.9935897435897436,65912.0,93848.47
1,300.7,312.1,1395,41.9,157,0,11.400000000000034,0.9936708860759493,58450.5,93848.47
0,300.7,312.1,1490,43.1,159,0,11.400000000000034,0.99375,64219.0,93848.47
0,300.8,312.1,1527,35.1,164,0,11.300000000000011,0.9939393939393939,53597.700000000004,93879.68000000001
1,300.8,312.1,1512,37.1,169,0,11.300000000000011,0.9941176470588236,56095.200000000004,93879.68000000001
1,300.9,312.1,1474,42.4,171,0,11.200000000000045,0.9941860465116279,62497.6,93910.89
1,300.8,312.1,1505,41.3,173,0,11.300000000000011,0.9942528735632183,62156.49999999999,93879.68000000001
1,300.8,312.0,1496,40.0,175,0,11.199999999999989,0.9943181818181818,59840.0,93849.6
1,300.8,312.0,1382,49.3,177,0,11.199999999999989,0.9943820224719101,68132.59999999999,93849.6
1,300.7,311.9,1419,47.7,179,0,11.199999999999989,0.9944444444444445,67686.3,93788.32999999999
1,300.7,311.9,1462,39.7,181,0,11.199999999999989,0.9945054945054945,58041.4,93788.32999999999
2,300.8,312.0,1450,45.0,183,0,11.199999999999989,0.9945652173913043,65250.0,93849.6
0,300.7,311.9,1389,46.5,186,0,11.199999999999989,0.9946524064171123,64588.5,93788.32999999999
2,300.7,311.9,1697,28.2,191,0,11.199999999999989,0.9947916666666666,47855.4,93788.32999999999
1,300.7,311.9,1335,57.1,194,1,11.199999999999989,0.9948717948717949,76228.5,93788.32999999999
1,300.7,311.9,1476,42.0,196,0,11.199999999999989,0.9949238578680203,61992.0,93788.32999999999
1,300.6,311.7,1497,43.6,198,0,11.099999999999966,0.9949748743718593,65269.200000000004,93697.02
2,300.6,311.6,1669,29.2,200,0,11.0,0.9950248756218906,48734.799999999996,93666.96000000002
1,300.6,311.6,1455,48.0,203,0,11.0,0.9950980392156863,69840.0,93666.96000000002
1,300.7,311.7,1499,38.4,205,0,11.0,0.9951456310679612,57561.6,93728.18999999999
1,300.7,311.8,1478,41.9,207,0,11.100000000000023,0.9951923076923077,61928.2,93758.26
1,300.8,311.8,1928,21.8,209,0,11.0,0.9952380952380953,42030.4,93789.44
2,300.8,311.9,1621,28.3,211,0,11.099999999999966,0.9952830188679245,45874.3,93819.51999999999
2,300.8,311.9,1356,44.3,214,0,11.099999999999966,0.9953488372093023,60070.799999999996,93819.51999999999
1,300.8,311.7,1490,46.4,217,0,10.899999999999977,0.9954128440366973,69136.0,93759.36
1,300.8,311.7,1578,31.4,219,0,10.899999999999977,0.9954545454545455,49549.2,93759.36
1,300.8,311.7,1681,31.3,221,0,10.899999999999977,0.9954954954954955,52615.3,93759.36
1,300.8,311.8,1417,43.4,223,0,11.0,0.9955357142857143,61497.799999999996,93789.44
2,300.7,311.7,1532,40.0,0,0,11.0,0.0,61280.0,93728.18999999999
2,300.7,311.7,1499,38.9,3,0,11.0,0.75,58311.1,93728.18999999999
1,300.8,311.7,1432,45.8,6,0,10.899999999999977,0.8571428571428571,65585.59999999999,93759.36
1,300.8,311.7,1753,29.0,8,0,10.899999999999977,0.8888888888888888,50837.0,93759.36
1,300.8,311.7,1414,49.0,10,0,10.899999999999977,0.9090909090909091,69286.0,93759.36
1,300.8,311.7,1655,32.2,12,0,10.899999999999977,0.9230769230769231,53291.00000000001,93759.36
1,300.8,311.6,1516,35.6,14,0,10.800000000000011,0.9333333333333333,53969.6,93729.28000000001
1,300.8,311.7,1426,45.5,16,0,10.899999999999977,0.9411764705882353,64883.0,93759.36
1,300.8,311.7,1479,39.4,18,0,10.899999999999977,0.9473684210526315,58272.6,93759.36
2,300.7,311.5,1569,36.4,20,0,10.800000000000011,0.9523809523809523,57111.6,93668.05
1,300.8,311.6,1568,36.0,23,0,10.800000000000011,0.9583333333333334,56448.0,93729.28000000001
2,300.9,311.8,1843,24.5,25,0,10.900000000000034,0.9615384615384616,45153.5,93820.62
2,300.9,311.9,1480,40.9,28,0,11.0,0.9655172413793104,60532.0,93850.70999999999
1,301.0,312.0,1447,36.8,31,0,11.0,0.96875,53249.6,93912.0
1,301.0,311.9,1454,41.9,33,0,10.899999999999977,0.9705882352941176,60922.6,93881.9
2,300.9,311.9,1310,56.1,35,0,11.0,0.9722222222222222,73491.0,93850.70999999999
0,300.9,311.9,1513,38.0,38,0,11.0,0.9743589743589743,57494.0,93850.70999999999
0,300.9,311.9,2140,16.5,43,0,11.0,0.9772727272727273,35310.0,93850.70999999999
1,301.0,312.1,1377,49.9,48,0,11.100000000000023,0.9795918367346939,68712.3,93942.1
1,301.0,312.1,1585,32.3,50,0,11.100000000000023,0.9803921568627451,51195.49999999999,93942.1
0,301.1,312.2,1491,42.6,52,0,11.099999999999966,0.9811320754716981,63516.6,94003.42
1,301.0,312.2,1264,59.0,57,0,11.199999999999989,0.9827586206896551,74576.0,93972.2
1,301.0,312.2,1372,47.0,59,0,11.199999999999989,0.9833333333333333,64484.0,93972.2
1,301.0,312.2,1510,39.9,61,0,11.199999999999989,0.9838709677419355,60249.0,93972.2
1,300.9,312.1,1423,40.2,63,0,11.200000000000045,0.984375,57204.600000000006,93910.89
1,301.1,312.3,1464,35.3,65,0,11.199999999999989,0.9848484848484849,51679.2,94033.53000000001
1,301.0,312.2,1602,35.9,67,0,11.199999999999989,0.9852941176470589,57511.799999999996,93972.2
2,301.0,312.2,1629,32.6,69,0,11.199999999999989,0.9857142857142858,53105.4,93972.2
1,300.9,312.2,1811,23.2,72,0,11.300000000000011,0.9863013698630136,42015.2,93940.98
1,300.9,312.1,1711,28.8,74,0,11.200000000000045,0.9866666666666667,49276.8,93910.89
2,300.9,312.1,1297,48.6,76,0,11.200000000000045,0.987012987012987,63034.200000000004,93910.89
1,301.0,312.1,1405,46.1,79,0,11.100000000000023,0.9875,64770.5,93942.1
1,301.1,312.2,1397,54.9,81,0,11.099999999999966,0.9878048780487805,76695.3,94003.42
1,301.1,312.3,1682,29.7,83,0,11.199999999999989,0.9880952380952381,49955.4,94033.53000000001
1,301.2,312.3,1528,38.4,85,0,11.100000000000023,0.9883720930232558,58675.2,94064.76
2,301.2,312.3,1548,38.3,87,0,11.100000000000023,0.9886363636363636,59288.399999999994,94064.76
0,301.2,312.4,1395,47.8,90,0,11.199999999999989,0.989010989010989,66681.0,94094.87999999999
1,301.2,312.4,1378,59.0,95,0,11.199999999999989,0.9895833333333334,81302.0,94094.87999999999
1,301.2,312.4,1480,53.5,97,0,11.199999999999989,0.9897959183673469,79180.0,94094.87999999999
2,301.2,312.4,1428,36.6,99,0,11.199999999999989,0.99,52264.8,94094.87999999999
2,301.2,312.4,1505,39.6,102,0,11.199999999999989,0.9902912621359223,59598.0,94094.87999999999
1,301.0,312.3,1445,36.4,105,0,11.300000000000011,0.9905660377358491,52598.0,94002.3
1,301.0,312.3,1488,42.6,107,0,11.300000000000011,0.9907407407407407,63388.8,94002.3
1,301.0,312.2,1601,33.0,109,0,11.199999999999989,0.990909090909091,52833.0,93972.2
1,301.0,312.3,1550,34.9,111,0,11.300000000000011,0.9910714285714286,54095.0,94002.3
1,301.0,312.2,1540,34.1,113,0,11.199999999999989,0.9912280701754386,52514.0,93972.2
1,301.1,312.3,1587,34.5,115,0,11.199999999999989,0.9913793103448276,54751.5,94033.53000000001
0,301.0,312.2,1489,40.3,117,0,11.199999999999989,0.9915254237288136,60006.7,93972.2
1,301.1,312.3,1486,34.9,122,0,11.199999999999989,0.991869918699187,51861.4,94033.53000000001
1,301.1,312.4,1430,37.9,124,0,11.299999999999955,0.992,54197.0,94063.64
2,301.1,312.4,1809,25.1,126,0,11.299999999999955,0.9921259842519685,45405.9,94063.64
1,301.1,312.3,1534,39.0,129,0,11.199999999999989,0.9923076923076923,59826.0,94033.53000000001
2,301.1,312.3,1852,25.9,131,0,11.199999999999989,0.9924242424242424,47966.799999999996,94033.53000000001
1,301.1,312.3,1595,31.9,134,0,11.199999999999989,0.9925925925925926,50880.5,94033.53000000001
1,301.0,312.3,1424,43.5,136,0,11.300000000000011,0.9927007299270073,61944.0,94002.3
1,301.0,312.2,1776,28.8,138,0,11.199999999999989,0.9928057553956835,51148.8,93972.2
2,301.0,312.2,1499,41.5,140,0,11.199999999999989,0.9929078014184397,62208.5,93972.2
2,301.0,312.2,2710,9.7,143,1,11.199999999999989,0.9930555555555556,26286.999999999996,93972.2
1,300.9,312.1,1359,51.7,146,0,11.200000000000045,0.9931972789115646,70260.3,93910.89
2,300.9,312.1,1617,31.0,148,0,11.200000000000045,0.9932885906040269,50127.0,93910.89
2,300.8,312.0,1443,53.3,151,0,11.199999999999989,0.993421052631579,76911.9,93849.6
1,300.8,312.0,1374,50.2,154,0,11.199999999999989,0.9935483870967742,68974.8,93849.6
2,300.9,312.1,1851,23.0,156,0,11.200000000000045,0.9936305732484076,42573.0,93910.89
2,300.8,312.0,1274,67.3,159,0,11.199999999999989,0.99375,85740.2,93849.6
1,300.9,312.0,1533,44.0,162,0,11.100000000000023,0.9938650306748467,67452.0,93880.79999999999
1,300.8,312.0,1477,37.3,164,0,11.199999999999989,0.9939393939393939,55092.1,93849.6
1,300.9,312.1,1462,46.0,166,0,11.200000000000045,0.9940119760479041,67252.0,93910.89
2,301.0,312.1,1664,28.4,168,0,11.100000000000023,0.9940828402366864,47257.6,93942.1
1,300.8,311.9,1414,41.1,171,0,11.099999999999966,0.9941860465116279,58115.4,93819.51999999999
0,300.9,312.0,2129,17.8,173,0,11.100000000000023,0.9942528735632183,37896.200000000004,93880.79999999999
1,300.8,311.8,1323,61.1,178,0,11.0,0.994413407821229,80835.3,93789.44
1,300.8,311.8,1427,43.3,180,0,11.0,0.994475138121547,61789.1,93789.44
2,300.9,312.0,1375,56.1,182,0,11.100000000000023,0.994535519125683,77137.5,93880.79999999999
2,300.9,312.0,1402,50.7,185,0,11.100000000000023,0.9946236559139785,71081.40000000001,93880.79999999999
1,300.9,312.0,1500,44.2,188,0,11.100000000000023,0.9947089947089947,66300.0,93880.79999999999
2,301.0,312.0,1558,37.5,190,0,11.0,0.9947643979057592,58425.0,93912.0
2,300.9,312.0,1447,41.4,193,0,11.100000000000023,0.9948453608247423,59905.799999999996,93880.79999999999
1,301.0,312.0,1518,39.3,196,0,11.0,0.9949238578680203,59657.399999999994,93912.0
1,301.0,311.9,1889,23.5,198,0,10.899999999999977,0.9949748743718593,44391.5,93881.9
1,301.0,312.1,1675,30.7,200,0,11.100000000000023,0.9950248756218906,51422.5,93942.1
0,300.9,312.0,1720,27.9,202,0,11.100000000000023,0.9950738916256158,47988.0,93880.79999999999
2,301.0,312.0,1499,34.6,207,0,11.0,0.9951923076923077,51865.4,93912.0
1,300.9,312.0,1441,43.8,210,0,11.100000000000023,0.995260663507109,63115.799999999996,93880.79999999999
0,300.9,312.0,1397,42.7,212,0,11.100000000000023,0.9953051643192489,59651.9,93880.79999999999
1,300.9,312.0,1493,38.7,217,0,11.100000000000023,0.9954128440366973,57779.100000000006,93880.79999999999
2,300.8,312.0,1422,50.7,219,0,11.199999999999989,0.9954545454545455,72095.40000000001,93849.6
1,300.7,311.9,1399,50.2,222,1,11.199999999999989,0.9955156950672646,70229.8,93788.32999999999
1,300.6,311.9,1425,44.9,224,0,11.299999999999955,0.9955555555555555,63982.5,93757.14
1,300.6,311.8,1501,44.8,226,0,11.199999999999989,0.9955947136563876,67244.8,93727.08000000002
2,300.6,311.9,1629,35.3,0,0,11.299999999999955,0.0,57503.7,93757.14
1,300.6,312.0,1490,42.2,3,0,11.399999999999977,0.75,62878.00000000001,93787.20000000001
1,300.7,312.0,1550,32.4,5,0,11.300000000000011,0.8333333333333334,50220.0,93818.4
1,300.8,312.0,1416,46.5,7,0,11.199999999999989,0.875,65844.0,93849.6
1,300.7,311.9,1485,38.8,9,0,11.199999999999989,0.9,57617.99999999999,93788.32999999999
1,300.7,311.8,1564,36.8,11,0,11.100000000000023,0.9166666666666666,57555.2,93758.26
1,300.7,311.7,1910,19.7,13,0,11.0,0.9285714285714286,37627.0,93728.18999999999
1,300.7,311.7,1460,46.1,15,0,11.0,0.9375,67306.0,93728.18999999999
1,300.7,311.8,1603,34.1,17,0,11.100000000000023,0.9444444444444444,54662.3,93758.26
1,300.7,311.8,1486,47.3,19,0,11.100000000000023,0.95,70287.8,93758.26
1,300.8,311.9,1560,31.8,21,0,11.099999999999966,0.9545454545454546,49608.0,93819.51999999999
1,300.8,311.9,1498,39.3,23,0,11.099999999999966,0.9583333333333334,58871.399999999994,93819.51999999999
0,300.8,311.9,1431,48.5,25,0,11.099999999999966,0.9615384615384616,69403.5,93819.51999999999
1,300.8,311.9,1486,45.1,30,0,11.099999999999966,0.967741935483871,67018.6,93819.51999999999
1,300.7,311.9,1486,35.8,32,0,11.199999999999989,0.9696969696969697,53198.799999999996,93788.32999999999
1,300.7,311.8,1441,38.1,34,0,11.100000000000023,0.9714285714285714,54902.1,93758.26
2,300.7,311.9,1366,55.1,36,0,11.199999999999989,0.972972972972973,75266.6,93788.32999999999
1,300.6,311.8,1471,41.4,39,0,11.199999999999989,0.975,60899.4,93727.08000000002
1,300.6,311.9,1463,38.2,41,0,11.299999999999955,0.9761904761904762,55886.600000000006,93757.14
1,300.6,311.9,1413,41.3,43,0,11.299999999999955,0.9772727272727273,58356.899999999994,93757.14
0,300.6,311.9,1604,30.5,45,0,11.299999999999955,0.9782608695652174,48922.0,93757.14
1,300.7,312.0,1401,51.1,50,0,11.300000000000011,0.9803921568627451,71591.1,93818.4
1,300.6,311.8,1652,27.2,52,0,11.199999999999989,0.9811320754716981,44934.4,93727.08000000002
1,300.5,311.9,1403,45.7,54,0,11.399999999999977,0.9818181818181818,64117.100000000006,93725.95
1,300.5,311.9,1887,21.7,56,0,11.399999999999977,0.9824561403508771,40947.9,93725.95
1,300.4,311.8,1405,47.9,58,0,11.400000000000034,0.9830508474576272,67299.5,93664.72
0,300.2,311.6,1496,41.1,60,0,11.400000000000034,0.9836065573770492,61485.6,93542.32
1,300.1,311.5,1499,43.4,65,0,11.399999999999977,0.9848484848484849,65056.6,93481.15000000001
1,300.2,311.5,1549,37.2,67,0,11.300000000000011,0.9852941176470589,57622.8,93512.3
1,300.3,311.6,1515,44.9,69,0,11.300000000000011,0.9857142857142858,68023.5,93573.48000000001
1,300.2,311.6,1540,37.7,71,0,11.400000000000034,0.9861111111111112,58058.00000000001,93542.32
0,300.2,311.5,1426,44.3,73,0,11.300000000000011,0.9864864864864865,63171.799999999996,93512.3
2,300.2,311.6,1465,41.4,78,0,11.400000000000034,0.9873417721518988,60651.0,93542.32
2,300.3,311.6,1359,54.1,81,0,11.300000000000011,0.9878048780487805,73521.90000000001,93573.48000000001
2,300.3,311.7,1551,36.4,84,0,11.399999999999977,0.9882352941176471,56456.399999999994,93603.51
1,300.5,311.8,1596,34.8,87,0,11.300000000000011,0.9886363636363636,55540.799999999996,93695.90000000001
2,300.5,311.9,1670,26.3,89,0,11.399999999999977,0.9888888888888889,43921.0,93725.95
1,300.4,311.9,1868,21.3,92,0,11.5,0.989247311827957,39788.4,93694.75999999998
2,300.6,312.0,1490,39.8,94,0,11.399999999999977,0.9894736842105263,59301.99999999999,93787.20000000001
2,300.5,311.9,1676,35.2,97,0,11.399999999999977,0.9897959183673469,58995.200000000004,93725.95
2,300.5,311.9,1875,22.1,100,0,11.399999999999977,0.9900990099009901,41437.5,93725.95
2,300.5,312.0,1867,23.0,103,0,11.5,0.9903846153846154,42941.0,93756.0
1,300.5,312.0,1646,29.5,106,0,11.5,0.9906542056074766,48557.0,93756.0
0,300.5,312.0,1375,43.2,108,0,11.5,0.9908256880733946,59400.00000000001,93756.0
1,300.5,312.0,1558,36.7,113,0,11.5,0.9912280701754386,57178.600000000006,93756.0
1,300.4,312.0,1631,34.9,115,0,11.600000000000023,0.9913793103448276,56921.899999999994,93724.79999999999
1,300.4,312.0,1366,43.0,117,0,11.600000000000023,0.9915254237288136,58738.0,93724.79999999999
1,300.3,311.8,1360,48.0,119,0,11.5,0.9916666666666667,65280.0,93633.54000000001
1,300.3,311.8,1547,39.7,121,0,11.5,0.9918032786885246,61415.9,93633.54000000001
1,300.3,311.7,1571,31.2,123,0,11.399999999999977,0.9919354838709677,49015.2,93603.51
1,300.2,311.5,1528,36.1,125,0,11.300000000000011,0.9920634920634921,55160.8,93512.3
0,300.2,311.5,1432,43.6,127,0,11.300000000000011,0.9921875,62435.200000000004,93512.3
1,300.2,311.6,1356,53.5,132,0,11.400000000000034,0.9924812030075187,72546.0,93542.32
0,300.1,311.5,1422,46.2,134,0,11.399999999999977,0.9925925925925926,65696.40000000001,93481.15000000001
1,300.1,311.4,1438,42.2,139,0,11.299999999999955,0.9928571428571429,60683.600000000006,93451.14
1,300.2,311.4,1483,44.4,141,0,11.199999999999989,0.9929577464788732,65845.2,93482.27999999998
1,300.2,311.4,1331,49.8,143,0,11.199999999999989,0.9930555555555556,66283.8,93482.27999999998
1,300.2,311.4,1463,37.5,145,0,11.199999999999989,0.9931506849315068,54862.5,93482.27999999998
1,300.1,311.4,1446,40.6,147,0,11.299999999999955,0.9932432432432432,58707.6,93451.14
1,300.1,311.4,1356,45.7,149,0,11.299999999999955,0.9933333333333333,61969.200000000004,93451.14
1,300.1,311.3,1676,30.3,151,0,11.199999999999989,0.993421052631579,50782.8,93421.13
1,300.1,311.4,1910,23.0,153,0,11.299999999999955,0.9935064935064936,43930.0,93451.14
1,300.2,311.6,1375,56.9,155,0,11.400000000000034,0.9935897435897436,78237.5,93542.32
2,300.2,311.6,1513,40.8,157,0,11.400000000000034,0.9936708860759493,61730.399999999994,93542.32
1,300.2,311.6,1511,35.7,160,0,11.400000000000034,0.9937888198757764,53942.700000000004,93542.32
0,300.2,311.6,1662,28.8,162,0,11.400000000000034,0.9938650306748467,47865.6,93542.32
1,300.2,311.7,1493,48.3,167,0,11.5,0.9940476190476191,72111.9,93572.34
2,300.2,311.7,1555,37.4,169,0,11.5,0.9941176470588236,58157.0,93572.34
1,300.3,311.7,1452,41.5,172,0,11.399999999999977,0.9942196531791907,60258.0,93603.51
1,300.2,311.6,1500,39.0,174,0,11.400000000000034,0.9942857142857143,58500.0,93542.32
1,300.2,311.7,1603,30.5,176,0,11.5,0.9943502824858758,48891.5,93572.34
1,300.3,311.7,1682,27.8,178,0,11.399999999999977,0.994413407821229,46759.6,93603.51
1,300.3,311.8,1567,37.7,180,0,11.5,0.994475138121547,59075.9,93633.54000000001
1,300.3,311.8,1413,46.0,182,0,11.5,0.994535519125683,64998.0,93633.54000000001
2,300.3,311.9,1429,41.6,184,0,11.599999999999966,0.9945945945945946,59446.4,93663.56999999999
1,300.3,311.9,1692,31.5,187,0,11.599999999999966,0.9946808510638298,53298.0,93663.56999999999
1,300.4,311.9,1476,48.7,189,0,11.5,0.9947368421052631,71881.2,93694.75999999998
2,300.4,312.0,1596,30.4,191,0,11.600000000000023,0.9947916666666666,48518.399999999994,93724.79999999999
0,300.3,311.9,1390,49.0,194,0,11.599999999999966,0.9948717948717949,68110.0,93663.56999999999
2,300.3,311.8,1607,33.7,199,0,11.5,0.995,54155.9,93633.54000000001
1,300.3,311.7,1821,26.3,202,0,11.399999999999977,0.9950738916256158,47892.3,93603.51
0,300.3,311.8,2141,18.5,204,0,11.5,0.9951219512195122,39608.5,93633.54000000001
2,300.4,311.8,1553,33.1,209,1,11.400000000000034,0.9952380952380953,51404.3,93664.72
2,300.4,311.8,1442,45.1,0,0,11.400000000000034,0.0,65034.200000000004,93664.72
1,300.4,311.7,1459,45.6,3,0,11.300000000000011,0.75,66530.40000000001,93634.68
0,300.4,311.8,2496,13.5,5,0,11.400000000000034,0.8333333333333334,33696.0,93664.72
1,300.4,311.8,1367,57.2,10,0,11.400000000000034,0.9090909090909091,78192.40000000001,93664.72
1,300.3,311.8,2004,19.6,12,0,11.5,0.9230769230769231,39278.4,93633.54000000001
1,300.3,311.7,1406,47.5,14,0,11.399999999999977,0.9333333333333333,66785.0,93603.51
1,300.3,311.8,1548,33.0,16,0,11.5,0.9411764705882353,51084.0,93633.54000000001
1,300.3,311.7,1333,55.2,18,0,11.399999999999977,0.9473684210526315,73581.6,93603.51
1,300.2,311.6,1767,26.4,20,0,11.400000000000034,0.9523809523809523,46648.799999999996,93542.32
1,300.2,311.6,1827,27.0,22,0,11.400000000000034,0.9565217391304348,49329.0,93542.32
2,300.2,311.6,1533,46.4,24,0,11.400000000000034,0.96,71131.2,93542.32
0,300.2,311.5,1515,36.8,27,0,11.300000000000011,0.9642857142857143,55751.99999999999,93512.3
1,300.2,311.4,1568,41.0,32,0,11.199999999999989,0.9696969696969697,64288.0,93482.27999999998
1,300.2,311.4,1452,47.8,34,0,11.199999999999989,0.9714285714285714,69405.59999999999,93482.27999999998
1,300.2,311.4,1433,37.9,36,0,11.199999999999989,0.972972972972973,54310.7,93482.27999999998
2,300.1,311.3,1650,33.8,38,0,11.199999999999989,0.9743589743589743,55769.99999999999,93421.13
1,300.1,311.4,1629,31.3,41,0,11.299999999999955,0.9761904761904762,50987.700000000004,93451.14
1,300.0,311.3,1520,39.2,43,0,11.300000000000011,0.9772727272727273,59584.00000000001,93390.0
0,300.0,311.2,1393,43.1,45,0,11.199999999999989,0.9782608695652174,60038.3,93360.0
0,299.9,311.2,1364,49.6,50,0,11.300000000000011,0.9803921568627451,67654.40000000001,93328.87999999999
2,299.9,311.3,1389,50.0,55,0,11.400000000000034,0.9821428571428571,69450.0,93358.87
1,299.8,311.1,1466,46.1,58,0,11.300000000000011,0.9830508474576272,67582.6,93267.78000000001
1,299.7,311.1,1650,32.4,60,0,11.400000000000034,0.9836065573770492,53460.0,93236.67
1,299.6,311.0,1554,36.3,62,0,11.399999999999977,0.9841269841269841,56410.2,93175.6
2,299.6,310.9,1474,39.7,64,0,11.299999999999955,0.9846153846153847,58517.8,93145.64
0,299.5,310.8,1600,32.4,67,0,11.300000000000011,0.9852941176470589,51840.0,93084.6
1,299.5,310.8,1356,54.9,72,0,11.300000000000011,0.9863013698630136,74444.4,93084.6
1,299.5,310.8,1571,38.2,74,0,11.300000000000011,0.9866666666666667,60012.200000000004,93084.6
1,299.6,310.9,1658,28.0,76,0,11.299999999999955,0.987012987012987,46424.0,93145.64
1,299.6,310.8,1393,49.9,78,0,11.199999999999989,0.9873417721518988,69510.7,93115.68000000001
2,299.7,311.0,1448,49.8,80,0,11.300000000000011,0.9876543209876543,72110.4,93206.7
1,299.7,310.9,1477,40.4,83,0,11.199999999999989,0.9880952380952381,59670.799999999996,93176.73
2,299.7,311.0,1506,42.7,85,0,11.300000000000011,0.9883720930232558,64306.200000000004,93206.7
2,299.7,310.9,1685,32.1,88,0,11.199999999999989,0.9887640449438202,54088.5,93176.73
1,299.6,310.9,1533,31.8,91,0,11.299999999999955,0.9891304347826086,48749.4,93145.64
1,299.5,310.8,1447,41.0,93,0,11.300000000000011,0.9893617021276596,59327.0,93084.6
2,299.5,310.7,1488,39.5,95,0,11.199999999999989,0.9895833333333334,58776.0,93054.65
2,299.6,310.8,1427,50.4,98,0,11.199999999999989,0.98989898989899,71920.8,93115.68000000001
2,299.5,310.7,1424,41.3,101,0,11.199999999999989,0.9901960784313726,58811.2,93054.65
1,299.5,310.7,1472,40.9,104,0,11.199999999999989,0.9904761904761905,60204.799999999996,93054.65
1,299.5,310.7,1438,45.7,106,0,11.199999999999989,0.9906542056074766,65716.6,93054.65
1,299.6,310.8,1507,42.4,108,0,11.199999999999989,0.9908256880733946,63896.799999999996,93115.68000000001
1,299.6,310.7,1393,52.1,110,0,11.099999999999966,0.990990990990991,72575.3,93085.72
1,299.5,310.8,1283,52.4,112,0,11.300000000000011,0.9911504424778761,67229.2,93084.6
1,299.6,310.8,1644,30.9,114,0,11.199999999999989,0.991304347826087,50799.6,93115.68000000001
1,299.6,310.8,1498,46.9,116,0,11.199999999999989,0.9914529914529915,70256.2,93115.68000000001
1,299.6,310.8,1400,40.8,118,0,11.199999999999989,0.9915966386554622,57119.99999999999,93115.68000000001
0,299.6,310.9,1679,31.2,120,0,11.299999999999955,0.9917355371900827,52384.799999999996,93145.64
2,299.7,311.1,1618,30.3,125,0,11.400000000000034,0.9920634920634921,49025.4,93236.67
0,299.6,311.0,1714,30.2,128,0,11.399999999999977,0.9922480620155039,51762.799999999996,93175.6
1,299.6,311.0,1574,35.0,133,0,11.399999999999977,0.9925373134328358,55090.0,93175.6
1,299.7,311.1,1574,36.4,135,0,11.400000000000034,0.9926470588235294,57293.6,93236.67
1,299.6,310.9,1472,40.9,137,0,11.299999999999955,0.9927536231884058,60204.799999999996,93145.64
1,299.6,311.0,1552,33.2,139,0,11.399999999999977,0.9928571428571429,51526.4,93175.6
1,299.7,311.1,1603,31.4,141,0,11.400000000000034,0.9929577464788732,50334.2,93236.67
0,299.7,311.1,1353,47.1,143,0,11.400000000000034,0.9930555555555556,63726.3,93236.67
1,299.7,311.1,1690,30.6,148,0,11.400000000000034,0.9932885906040269,51714.0,93236.67
2,299.8,311.2,1745,26.3,150,0,11.399999999999977,0.9933774834437086,45893.5,93297.76
1,299.9,311.3,1522,45.7,153,0,11.400000000000034,0.9935064935064936,69555.40000000001,93358.87
0,300.0,311.4,1641,34.5,155,0,11.399999999999977,0.9935897435897436,56614.5,93420.0
1,299.9,311.4,1596,28.9,160,0,11.5,0.9937888198757764,46124.399999999994,93388.85999999999
0,299.9,311.4,1497,37.0,162,0,11.5,0.9938650306748467,55389.0,93388.85999999999
1,299.9,311.3,1371,52.3,167,0,11.400000000000034,0.9940476190476191,71703.3,93358.87
2,299.9,311.3,1445,41.2,169,0,11.400000000000034,0.9941176470588236,59534.00000000001,93358.87
1,299.8,311.2,1564,40.0,172,0,11.399999999999977,0.9942196531791907,62560.0,93297.76
1,299.7,311.1,1439,44.9,174,0,11.400000000000034,0.9942857142857143,64611.1,93236.67
1,299.7,311.2,1352,52.1,176,0,11.5,0.9943502824858758,70439.2,93266.64
1,299.8,311.3,1560,35.4,178,0,11.5,0.994413407821229,55224.0,93327.74
2,299.7,311.2,1616,42.3,180,0,11.5,0.994475138121547,68356.79999999999,93266.64
1,299.7,311.2,1835,23.7,183,0,11.5,0.9945652173913043,43489.5,93266.64
2,299.7,311.1,1649,32.7,185,0,11.400000000000034,0.9946236559139785,53922.3,93236.67
1,299.8,311.1,1452,47.3,188,0,11.300000000000011,0.9947089947089947,68679.59999999999,93267.78000000001
1,299.8,311.1,2144,17.7,190,0,11.300000000000011,0.9947643979057592,37948.799999999996,93267.78000000001
1,299.7,311.1,1554,41.0,192,0,11.400000000000034,0.9948186528497409,63714.0,93236.67
1,299.7,311.0,1827,25.4,194,0,11.300000000000011,0.9948717948717949,46405.799999999996,93206.7
1,299.6,310.9,1448,46.3,196,0,11.299999999999955,0.9949238578680203,67042.4,93145.64
2,299.6,310.9,1530,38.8,198,0,11.299999999999955,0.9949748743718593,59363.99999999999,93145.64
1,299.7,311.0,1983,21.0,201,0,11.300000000000011,0.995049504950495,41643.0,93206.7
2,299.7,310.9,1620,37.2,203,0,11.199999999999989,0.9950980392156863,60264.00000000001,93176.73
2,299.6,310.9,1630,29.8,206,0,11.299999999999955,0.9951690821256038,48574.0,93145.64
1,299.6,310.9,1229,65.2,209,1,11.299999999999955,0.9952380952380953,80130.8,93145.64
1,299.5,310.8,1873,22.3,211,0,11.300000000000011,0.9952830188679245,41767.9,93084.6
1,299.4,310.7,1426,45.7,213,0,11.300000000000011,0.9953271028037384,65168.200000000004,93023.57999999999
1,299.4,310.8,1376,53.9,215,1,11.400000000000034,0.9953703703703703,74166.4,93053.51999999999
1,299.4,310.8,1622,33.6,217,0,11.400000000000034,0.9954128440366973,54499.200000000004,93053.51999999999
2,299.4,310.7,1492,45.7,219,0,11.300000000000011,0.9954545454545455,68184.40000000001,93023.57999999999
2,299.3,310.7,1374,48.9,222,0,11.399999999999977,0.9955156950672646,67188.59999999999,92992.51
1,299.2,310.7,1737,27.0,225,1,11.5,0.995575221238938,46899.0,92961.43999999999
1,299.3,310.8,1426,42.4,0,0,11.5,0.0,60462.4,93022.44
2,299.3,310.9,1826,25.1,2,0,11.599999999999966,0.6666666666666666,45832.600000000006,93052.37
1,299.3,310.9,1669,32.4,5,0,11.599999999999966,0.8333333333333334,54075.6,93052.37
2,299.4,310.9,1473,40.1,7,0,11.5,0.875,59067.3,93083.45999999999
1,299.4,310.9,1751,27.8,10,0,11.5,0.9090909090909091,48677.8,93083.45999999999
2,299.4,310.9,1446,47.3,12,0,11.5,0.9230769230769231,68395.8,93083.45999999999
1,299.3,310.8,1483,43.5,15,0,11.5,0.9375,64510.5,93022.44
1,299.2,310.7,1535,42.6,17,0,11.5,0.9444444444444444,65391.0,92961.43999999999
1,299.2,310.7,1477,44.0,19,0,11.5,0.95,64988.0,92961.43999999999
1,299.3,310.8,1391,46.9,21,0,11.5,0.9545454545454546,65237.9,93022.44
0,299.2,310.7,1636,29.4,23,0,11.5,0.9583333333333334,48098.399999999994,92961.43999999999
1,299.2,310.6,1675,33.3,28,0,11.400000000000034,0.9655172413793104,55777.49999999999,92931.52
0,299.2,310.5,1329,48.9,30,0,11.300000000000011,0.967741935483871,64988.1,92901.59999999999
2,299.2,310.5,1548,33.5,35,0,11.300000000000011,0.9722222222222222,51858.0,92901.59999999999
1,299.2,310.5,1391,45.8,38,0,11.300000000000011,0.9743589743589743,63707.799999999996,92901.59999999999
1,299.1,310.5,1437,43.1,40,0,11.399999999999977,0.975609756097561,61934.700000000004,92870.55
1,299.2,310.6,1370,61.9,42,0,11.400000000000034,0.9767441860465116,84803.0,92931.52
1,299.1,310.6,1577,37.1,44,0,11.5,0.9777777777777777,58506.700000000004,92900.46000000002
1,299.1,310.5,1485,37.8,46,0,11.399999999999977,0.9787234042553191,56132.99999999999,92870.55
1,299.0,310.4,1504,34.3,48,0,11.399999999999977,0.9795918367346939,51587.2,92809.59999999999
2,298.9,310.3,1551,35.2,50,0,11.400000000000034,0.9803921568627451,54595.200000000004,92748.67
2,299.1,310.5,1428,43.0,53,0,11.399999999999977,0.9814814814814815,61404.0,92870.55
1,299.0,310.5,1755,27.9,56,0,11.5,0.9824561403508771,48964.5,92839.5
1,299.1,310.5,1329,54.9,58,0,11.399999999999977,0.9830508474576272,72962.09999999999,92870.55
1,299.1,310.5,1496,35.2,60,0,11.399999999999977,0.9836065573770492,52659.200000000004,92870.55
1,299.1,310.5,1532,36.6,62,0,11.399999999999977,0.9841269841269841,56071.200000000004,92870.55
1,299.1,310.5,1389,61.4,64,0,11.399999999999977,0.9846153846153847,85284.59999999999,92870.55
2,299.1,310.4,1524,51.4,66,0,11.299999999999955,0.9850746268656716,78333.59999999999,92840.64
2,299.1,310.4,1422,49.3,69,0,11.299999999999955,0.9857142857142858,70104.59999999999,92840.64
1,299.1,310.5,1739,27.4,72,0,11.399999999999977,0.9863013698630136,47648.6,92870.55
1,299.1,310.5,1736,26.9,74,0,11.399999999999977,0.9866666666666667,46698.399999999994,92870.55
1,299.1,310.5,1419,48.8,76,0,11.399999999999977,0.987012987012987,69247.2,92870.55
1,299.1,310.6,1326,49.7,78,0,11.5,0.9873417721518988,65902.2,92900.46000000002
2,299.1,310.6,1449,43.2,80,0,11.5,0.9876543209876543,62596.8,92900.46000000002
1,299.2,310.6,1534,39.7,83,0,11.400000000000034,0.9880952380952381,60899.8,92931.52
2,299.2,310.6,1443,50.9,85,0,11.400000000000034,0.9883720930232558,73448.7,92931.52
1,299.2,310.6,1498,41.1,88,0,11.400000000000034,0.9887640449438202,61567.8,92931.52
1,299.1,310.6,1796,26.0,90,0,11.5,0.989010989010989,46696.0,92900.46000000002
1,299.1,310.4,1519,45.3,92,0,11.299999999999955,0.989247311827957,68810.7,92840.64
1,299.0,310.4,1339,49.6,94,0,11.399999999999977,0.9894736842105263,66414.40000000001,92809.59999999999
1,299.0,310.4,1483,41.5,96,0,11.399999999999977,0.9896907216494846,61544.5,92809.59999999999
2,298.9,310.2,2099,20.0,98,0,11.300000000000011,0.98989898989899,41980.0,92718.77999999998
2,299.0,310.3,1689,29.7,101,0,11.300000000000011,0.9901960784313726,50163.299999999996,92779.7
0,299.1,310.4,1369,54.5,104,0,11.299999999999955,0.9904761904761905,74610.5,92840.64
1,299.0,310.4,1512,38.8,109,0,11.399999999999977,0.990909090909091,58665.6,92809.59999999999
2,299.0,310.3,1303,68.6,111,1,11.300000000000011,0.9910714285714286,89385.79999999999,92779.7
1,299.0,310.3,1552,39.9,114,0,11.300000000000011,0.991304347826087,61924.799999999996,92779.7
1,299.0,310.4,1713,28.0,116,0,11.399999999999977,0.9914529914529915,47964.0,92809.59999999999
1,298.9,310.3,1456,44.1,118,0,11.400000000000034,0.9915966386554622,64209.6,92748.67
1,299.0,310.4,1524,39.8,120,0,11.399999999999977,0.9917355371900827,60655.2,92809.59999999999
2,299.0,310.4,1394,45.2,122,0,11.399999999999977,0.991869918699187,63008.8,92809.59999999999
1,299.0,310.4,1981,21.2,125,0,11.399999999999977,0.9920634920634921,41997.2,92809.59999999999
1,299.0,310.4,1565,36.1,127,0,11.399999999999977,0.9921875,56496.5,92809.59999999999
1,299.1,310.4,1657,31.0,129,0,11.299999999999955,0.9923076923076923,51367.0,92840.64
2,299.0,310.4,1625,37.1,131,0,11.399999999999977,0.9924242424242424,60287.5,92809.59999999999
1,299.0,310.4,1606,31.1,134,0,11.399999999999977,0.9925925925925926,49946.600000000006,92809.59999999999
0,299.0,310.5,1336,56.8,136,0,11.5,0.9927007299270073,75884.8,92839.5
2,299.0,310.6,1587,34.2,141,0,11.600000000000023,0.9929577464788732,54275.4,92869.40000000001
1,299.1,310.6,1602,39.7,144,0,11.5,0.993103448275862,63599.4,92900.46000000002
1,299.1,310.5,1471,38.4,146,0,11.399999999999977,0.9931972789115646,56486.4,92870.55
0,299.1,310.6,1332,48.0,148,0,11.5,0.9932885906040269,63936.0,92900.46000000002
0,299.2,310.6,1434,48.4,153,0,11.400000000000034,0.9935064935064936,69405.59999999999,92931.52
1,299.1,310.6,1921,23.9,158,0,11.5,0.9937106918238994,45911.899999999994,92900.46000000002
0,299.2,310.6,1704,30.6,160,0,11.400000000000034,0.9937888198757764,52142.4,92931.52
2,299.1,310.6,1397,49.5,165,0,11.5,0.9939759036144579,69151.5,92900.46000000002
0,299.1,310.6,1791,28.0,168,0,11.5,0.9940828402366864,50148.0,92900.46000000002
1,299.1,310.6,1818,24.1,173,0,11.5,0.9942528735632183,43813.8,92900.46000000002
1,299.2,310.7,1540,36.3,175,0,11.5,0.9943181818181818,55901.99999999999,92961.43999999999
2,299.2,310.8,1502,39.8,177,0,11.600000000000023,0.9943820224719101,59779.6,92991.36
0,299.2,310.8,1761,30.4,180,0,11.600000000000023,0.994475138121547,53534.399999999994,92991.36
2,299.1,310.8,1517,38.4,185,0,11.699999999999989,0.9946236559139785,58252.799999999996,92960.28000000001
1,299.1,310.7,1309,51.1,188,0,11.599999999999966,0.9947089947089947,66889.90000000001,92930.37000000001
1,298.9,310.6,1363,52.6,190,0,11.700000000000045,0.9947643979057592,71693.8,92838.34
2,299.0,310.6,1787,22.2,192,0,11.600000000000023,0.9948186528497409,39671.4,92869.40000000001
1,298.9,310.5,1640,29.2,195,0,11.600000000000023,0.9948979591836735,47888.0,92808.45
2,298.9,310.6,1720,25.3,197,0,11.700000000000045,0.9949494949494949,43516.0,92838.34
1,298.8,310.5,1384,52.8,200,0,11.699999999999989,0.9950248756218906,73075.2,92777.40000000001
0,298.8,310.5,1294,55.8,202,0,11.699999999999989,0.9950738916256158,72205.2,92777.40000000001
1,298.8,310.5,1464,46.4,207,0,11.699999999999989,0.9951923076923077,67929.59999999999,92777.40000000001
1,298.8,310.6,1803,25.4,209,0,11.800000000000011,0.9952380952380953,45796.2,92807.28000000001
1,298.8,310.6,1602,39.1,211,0,11.800000000000011,0.9952830188679245,62638.200000000004,92807.28000000001
0,298.9,310.6,1519,38.8,213,0,11.700000000000045,0.9953271028037384,58937.2,92838.34
2,298.9,310.7,1638,33.6,218,0,11.800000000000011,0.9954337899543378,55036.8,92868.23
0,298.9,310.6,1615,33.0,221,0,11.700000000000045,0.9954954954954955,53295.0,92838.34
1,298.8,310.6,1651,33.3,0,0,11.800000000000011,0.0,54978.299999999996,92807.28000000001
1,298.9,310.6,1387,52.7,2,0,11.700000000000045,0.6666666666666666,73094.90000000001,92838.34
2,298.8,310.5,1678,32.8,4,0,11.699999999999989,0.8,55038.399999999994,92777.40000000001
1,298.9,310.6,1585,38.1,7,0,11.700000000000045,0.875,60388.5,92838.34
2,298.8,310.6,1640,33.8,9,0,11.800000000000011,0.9,55431.99999999999,92807.28000000001
1,298.9,310.6,1406,43.8,12,0,11.700000000000045,0.9230769230769231,61582.799999999996,92838.34
2,298.9,310.6,1679,35.8,14,0,11.700000000000045,0.9333333333333333,60108.2,92838.34
1,298.9,310.5,1717,26.9,17,0,11.600000000000023,0.9444444444444444,46187.299999999996,92808.45
0,298.9,310.5,1429,39.9,19,0,11.600000000000023,0.95,57017.1,92808.45
2,298.9,310.4,1533,44.4,24,0,11.5,0.96,68065.2,92778.55999999998
2,298.9,310.5,1525,38.5,27,0,11.600000000000023,0.9642857142857143,58712.5,92808.45
1,298.9,310.4,1739,26.3,30,0,11.5,0.967741935483871,45735.700000000004,92778.55999999998
1,298.9,310.3,1436,39.0,32,0,11.400000000000034,0.9696969696969697,56004.0,92748.67
2,298.8,310.2,1595,33.1,34,0,11.399999999999977,0.9714285714285714,52794.5,92687.76
0,298.7,310.1,1435,45.6,37,0,11.400000000000034,0.9736842105263158,65436.0,92626.87000000001
1,298.7,310.0,1637,31.8,42,0,11.300000000000011,0.9767441860465116,52056.6,92597.0
1,298.7,310.1,1558,37.6,44,0,11.400000000000034,0.9777777777777777,58580.8,92626.87000000001
2,298.7,310.1,1644,34.1,46,0,11.400000000000034,0.9787234042553191,56060.4,92626.87000000001
1,298.7,310.1,1641,31.1,49,0,11.400000000000034,0.98,51035.100000000006,92626.87000000001
1,298.8,310.2,1504,41.0,51,0,11.399999999999977,0.9807692307692307,61664.0,92687.76
2,298.7,310.1,1506,50.7,53,0,11.400000000000034,0.9814814814814815,76354.2,92626.87000000001
0,298.8,310.1,1380,44.0,56,0,11.300000000000011,0.9824561403508771,60720.0,92657.88
2,298.7,310.1,1549,42.5,61,0,11.400000000000034,0.9838709677419355,65832.5,92626.87000000001
2,298.7,310.1,1402,69.7,64,1,11.400000000000034,0.9846153846153847,97719.40000000001,92626.87000000001
1,298.7,310.1,1401,45.3,67,0,11.400000000000034,0.9852941176470589,63465.299999999996,92626.87000000001
2,298.7,310.0,1459,40.2,69,0,11.300000000000011,0.9857142857142858,58651.8,92597.0
1,298.7,309.9,1465,39.7,72,0,11.199999999999989,0.9863013698630136,58160.50000000001,92567.12999999999
2,298.8,310.0,1295,52.7,74,0,11.199999999999989,0.9866666666666667,68246.5,92628.0
2,298.8,310.0,1529,38.5,77,0,11.199999999999989,0.9871794871794872,58866.5,92628.0
2,298.8,310.0,1484,44.9,80,0,11.199999999999989,0.9876543209876543,66631.59999999999,92628.0
1,298.8,309.9,1739,30.6,83,0,11.099999999999966,0.9880952380952381,53213.4,92598.12
0,298.7,309.8,1422,40.7,85,0,11.100000000000023,0.9883720930232558,57875.4,92537.26
1,298.8,309.8,1463,40.0,90,0,11.0,0.989010989010989,58520.0,92568.24
1,298.7,309.7,1667,30.4,92,0,11.0,0.989247311827957,50676.799999999996,92507.39
0,298.7,309.7,1565,39.3,94,0,11.0,0.9894736842105263,61504.49999999999,92507.39
1,298.7,309.7,1393,45.7,99,0,11.0,0.99,63660.100000000006,92507.39
2,298.8,309.7,1453,47.7,101,0,10.899999999999977,0.9901960784313726,69308.1,92538.36
1,298.8,309.6,1442,50.0,104,0,10.800000000000011,0.9904761904761905,72100.0,92508.48000000001
1,298.7,309.6,1364,44.9,106,0,10.900000000000034,0.9906542056074766,61243.6,92477.52
0,298.7,309.5,1453,40.4,108,0,10.800000000000011,0.9908256880733946,58701.2,92447.65
2,298.7,309.5,1394,46.0,113,0,10.800000000000011,0.9912280701754386,64124.0,92447.65
2,298.7,309.5,1500,38.8,116,0,10.800000000000011,0.9914529914529915,58199.99999999999,92447.65
0,298.6,309.5,1523,34.2,119,0,10.899999999999977,0.9916666666666667,52086.600000000006,92416.70000000001
2,298.7,309.6,1254,57.1,124,0,10.900000000000034,0.992,71603.40000000001,92477.52
1,298.6,309.5,1325,52.2,127,0,10.899999999999977,0.9921875,69165.0,92416.70000000001
1,298.8,309.7,1424,49.6,129,0,10.899999999999977,0.9923076923076923,70630.40000000001,92538.36
1,298.8,309.7,1505,39.0,131,0,10.899999999999977,0.9924242424242424,58695.0,92538.36
2,298.8,309.7,1392,48.7,133,0,10.899999999999977,0.9925373134328358,67790.40000000001,92538.36
1,298.8,309.7,1529,44.0,136,0,10.899999999999977,0.9927007299270073,67276.0,92538.36
2,298.8,309.7,1477,48.5,138,0,10.899999999999977,0.9928057553956835,71634.5,92538.36
2,298.8,309.7,1459,47.3,141,0,10.899999999999977,0.9929577464788732,69010.7,92538.36
2,299.0,309.8,2240,15.9,144,0,10.800000000000011,0.993103448275862,35616.0,92630.2
1,298.9,309.7,1449,48.8,147,0,10.800000000000011,0.9932432432432432,70711.2,92569.32999999999
2,298.8,309.7,1589,35.3,149,0,10.899999999999977,0.9933333333333333,56091.7,92538.36
1,298.8,309.7,1740,28.5,152,0,10.899999999999977,0.9934640522875817,49590.0,92538.36
2,298.8,309.7,1499,40.3,154,0,10.899999999999977,0.9935483870967742,60409.7,92538.36
2,298.8,309.7,1480,38.1,157,0,10.899999999999977,0.9936708860759493,56388.0,92538.36
1,298.8,309.7,1751,29.6,160,0,10.899999999999977,0.9937888198757764,51829.600000000006,92538.36
1,298.7,309.7,1510,40.6,162,0,11.0,0.9938650306748467,61306.0,92507.39
0,298.8,309.8,1437,48.2,164,0,11.0,0.9939393939393939,69263.40000000001,92568.24
1,298.8,309.7,1609,40.4,169,0,10.899999999999977,0.9941176470588236,65003.6,92538.36
0,298.8,309.8,1490,35.9,171,0,11.0,0.9941860465116279,53491.0,92568.24
1,298.7,309.7,1601,35.7,176,0,11.0,0.9943502824858758,57155.700000000004,92507.39
1,298.7,309.6,1665,31.1,178,0,10.900000000000034,0.994413407821229,51781.5,92477.52
2,298.7,309.6,1452,42.7,180,0,10.900000000000034,0.994475138121547,62000.4,92477.52
2,298.7,309.5,1487,33.6,183,0,10.800000000000011,0.9945652173913043,49963.200000000004,92447.65
2,298.7,309.6,1382,48.1,186,0,10.900000000000034,0.9946524064171123,66474.2,92477.52
2,298.7,309.6,1686,26.2,189,0,10.900000000000034,0.9947368421052631,44173.2,92477.52
1,298.6,309.6,1491,36.9,192,0,11.0,0.9948186528497409,55017.9,92446.56000000001
1,298.7,309.6,1442,55.6,194,0,10.900000000000034,0.9948717948717949,80175.2,92477.52
1,298.6,309.6,1390,50.3,196,0,11.0,0.9949238578680203,69917.0,92446.56000000001
1,298.7,309.6,1502,46.7,198,0,10.900000000000034,0.9949748743718593,70143.40000000001,92477.52
2,298.6,309.6,1344,59.4,200,0,11.0,0.9950248756218906,79833.59999999999,92446.56000000001
1,298.5,309.5,1385,46.3,203,1,11.0,0.9950980392156863,64125.49999999999,92385.75
1,298.7,309.7,1547,37.4,0,0,11.0,0.0,57857.799999999996,92507.39
2,298.6,309.6,1525,42.4,2,0,11.0,0.6666666666666666,64660.0,92446.56000000001
1,298.6,309.6,1540,35.8,5,0,11.0,0.8333333333333334,55131.99999999999,92446.56000000001
1,298.6,309.5,1450,44.3,7,0,10.899999999999977,0.875,64234.99999999999,92416.70000000001
1,298.6,309.6,1353,62.5,9,0,11.0,0.9,84562.5,92446.56000000001
1,298.8,309.7,1582,45.0,11,0,10.899999999999977,0.9166666666666666,71190.0,92538.36
1,298.9,309.8,1396,49.0,13,0,10.900000000000034,0.9285714285714286,68404.0,92599.22
2,298.8,309.8,1551,36.6,15,0,11.0,0.9375,56766.600000000006,92568.24
2,298.9,309.8,1836,22.8,18,0,10.900000000000034,0.9473684210526315,41860.8,92599.22
1,298.9,309.8,1390,49.9,21,0,10.900000000000034,0.9545454545454546,69361.0,92599.22
1,298.9,309.8,1534,42.1,23,0,10.900000000000034,0.9583333333333334,64581.4,92599.22
1,298.8,309.7,1953,20.6,25,0,10.899999999999977,0.9615384615384616,40231.8,92538.36
1,298.8,309.8,1634,33.6,27,0,11.0,0.9642857142857143,54902.4,92568.24
1,298.7,309.7,1881,21.7,29,0,11.0,0.9666666666666667,40817.7,92507.39
2,298.8,309.7,1448,44.8,31,0,10.899999999999977,0.96875,64870.399999999994,92538.36
2,298.7,309.7,1362,50.5,34,0,11.0,0.9714285714285714,68781.0,92507.39
1,298.8,309.7,1225,63.4,37,0,10.899999999999977,0.9736842105263158,77665.0,92538.36
2,298.8,309.6,1384,48.2,39,0,10.800000000000011,0.975,66708.8,92508.48000000001
1,298.8,309.8,1334,49.3,42,0,11.0,0.9767441860465116,65766.2,92568.24
1,298.8,309.7,1336,50.3,44,0,10.899999999999977,0.9777777777777777,67200.8,92538.36
2,298.8,309.9,1331,61.6,46,0,11.099999999999966,0.9787234042553191,81989.6,92598.12
1,298.8,309.9,1629,31.9,49,0,11.099999999999966,0.98,51965.1,92598.12
1,298.9,310.0,1776,25.7,51,0,11.100000000000023,0.9807692307692307,45643.2,92659.0
0,298.8,310.0,1530,38.3,53,0,11.199999999999989,0.9814814814814815,58598.99999999999,92628.0
1,298.9,310.0,1719,27.3,58,0,11.100000000000023,0.9830508474576272,46928.700000000004,92659.0
2,298.8,309.9,1495,35.2,60,0,11.099999999999966,0.9836065573770492,52624.00000000001,92598.12
1,298.8,309.7,1450,43.1,63,0,10.899999999999977,0.984375,62495.0,92538.36
0,298.8,309.8,1563,38.8,65,0,11.0,0.9848484848484849,60644.399999999994,92568.24
2,298.9,309.9,1501,37.1,70,0,11.0,0.9859154929577465,55687.1,92629.10999999999
1,298.8,309.9,1351,47.2,73,0,11.099999999999966,0.9864864864864865,63767.200000000004,92598.12
1,298.9,309.9,1365,46.5,75,0,11.0,0.9868421052631579,63472.5,92629.10999999999
1,298.8,309.9,1525,39.7,77,0,11.099999999999966,0.9871794871794872,60542.50000000001,92598.12
2,298.8,309.8,1288,61.9,79,0,11.0,0.9875,79727.2,92568.24
1,298.6,309.6,1423,42.7,82,0,11.0,0.9879518072289156,60762.100000000006,92446.56000000001
2,298.5,309.6,1502,39.4,84,0,11.100000000000023,0.9882352941176471,59178.799999999996,92415.6
1,298.5,309.5,1428,43.5,87,0,11.0,0.9886363636363636,62118.0,92385.75
2,298.6,309.5,1566,38.1,89,0,10.899999999999977,0.9888888888888889,59664.600000000006,92416.70000000001
2,298.5,309.5,1483,44.8,92,0,11.0,0.989247311827957,66438.4,92385.75
0,298.6,309.6,1593,33.3,95,0,11.0,0.9895833333333334,53046.899999999994,92446.56000000001
1,298.5,309.6,1724,26.4,100,0,11.100000000000023,0.9900990099009901,45513.6,92415.6
1,298.5,309.7,2617,12.1,102,1,11.199999999999989,0.9902912621359223,31665.7,92445.45
1,298.6,309.7,1294,59.4,104,0,11.099999999999966,0.9904761904761905,76863.59999999999,92476.42
1,298.6,309.6,1533,40.7,106,0,11.0,0.9906542056074766,62393.100000000006,92446.56000000001
0,298.5,309.4,1671,31.8,108,0,10.899999999999977,0.9908256880733946,53137.8,92355.9
1,298.5,309.5,1370,52.4,113,0,11.0,0.9912280701754386,71788.0,92385.75
1,298.5,309.6,1462,45.1,115,0,11.100000000000023,0.9913793103448276,65936.2,92415.6
1,298.4,309.5,1545,36.6,117,0,11.100000000000023,0.9915254237288136,56547.0,92354.79999999999
2,298.4,309.5,1484,41.7,119,0,11.100000000000023,0.9916666666666667,61882.8,92354.79999999999
2,298.4,309.5,1344,45.3,122,0,11.100000000000023,0.991869918699187,60883.2,92354.79999999999
1,298.4,309.5,1357,50.1,125,0,11.100000000000023,0.9920634920634921,67985.7,92354.79999999999
2,298.5,309.6,1572,33.0,127,0,11.100000000000023,0.9921875,51876.0,92415.6
1,298.5,309.6,1861,26.9,130,0,11.100000000000023,0.9923664122137404,50060.899999999994,92415.6
1,298.5,309.5,1548,44.5,132,0,11.0,0.9924812030075187,68886.0,92385.75
1,298.6,309.8,1496,37.7,134,0,11.199999999999989,0.9925925925925926,56399.200000000004,92506.28000000001
2,298.6,309.7,1314,49.7,136,0,11.099999999999966,0.9927007299270073,65305.8,92476.42
2,298.6,309.7,1422,49.7,139,0,11.099999999999966,0.9928571428571429,70673.40000000001,92476.42
1,298.6,309.8,1842,20.1,142,0,11.199999999999989,0.993006993006993,37024.200000000004,92506.28000000001
2,298.7,309.9,1434,53.0,144,0,11.199999999999989,0.993103448275862,76002.0,92567.12999999999
2,298.8,310.1,1585,31.3,147,0,11.300000000000011,0.9932432432432432,49610.5,92657.88
0,298.8,310.1,1704,30.7,150,0,11.300000000000011,0.9933774834437086,52312.799999999996,92657.88
1,298.9,310.2,1971,23.2,155,0,11.300000000000011,0.9935897435897436,45727.2,92718.77999999998
1,299.0,310.3,1431,39.9,157,0,11.300000000000011,0.9936708860759493,57096.9,92779.7
1,298.9,310.4,1546,37.7,159,0,11.5,0.99375,58284.200000000004,92778.55999999998
1,298.9,310.3,1496,36.3,161,0,11.400000000000034,0.9938271604938271,54304.799999999996,92748.67
0,298.9,310.3,1243,63.0,163,0,11.400000000000034,0.9939024390243902,78309.0,92748.67
1,299.0,310.4,1452,46.2,168,0,11.399999999999977,0.9940828402366864,67082.40000000001,92809.59999999999
1,299.1,310.6,1380,44.7,170,0,11.5,0.9941520467836257,61686.00000000001,92900.46000000002
1,299.2,310.6,1567,38.4,172,0,11.400000000000034,0.9942196531791907,60172.799999999996,92931.52
1,299.1,310.5,1628,35.9,174,0,11.399999999999977,0.9942857142857143,58445.2,92870.55
1,299.1,310.4,1505,46.1,176,0,11.299999999999955,0.9943502824858758,69380.5,92840.64
2,299.0,310.3,1827,28.0,178,0,11.300000000000011,0.994413407821229,51156.0,92779.7
1,299.0,310.3,1577,40.0,181,0,11.300000000000011,0.9945054945054945,63080.0,92779.7
1,298.9,310.2,1304,57.2,183,0,11.300000000000011,0.9945652173913043,74588.8,92718.77999999998
0,298.9,310.1,1324,54.6,185,0,11.200000000000045,0.9946236559139785,72290.40000000001,92688.89
1,298.8,310.0,1537,39.9,190,0,11.199999999999989,0.9947643979057592,61326.299999999996,92628.0
2,298.8,310.1,1501,48.7,192,0,11.300000000000011,0.9948186528497409,73098.7,92657.88
2,298.7,309.9,1654,29.1,195,0,11.199999999999989,0.9948979591836735,48131.4,92567.12999999999
2,298.7,310.0,1519,38.1,198,0,11.300000000000011,0.9949748743718593,57873.9,92597.0
1,298.7,309.9,1371,51.3,201,0,11.199999999999989,0.995049504950495,70332.3,92567.12999999999
1,298.7,309.8,1181,65.9,203,1,11.100000000000023,0.9950980392156863,77827.90000000001,92537.26
1,298.6,309.8,1469,42.8,205,0,11.199999999999989,0.9951456310679612,62873.2,92506.28000000001
1,298.6,309.8,1637,34.6,207,0,11.199999999999989,0.9951923076923077,56640.200000000004,92506.28000000001
1,298.6,309.8,1370,56.0,0,0,11.199999999999989,0.0,76720.0,92506.28000000001
1,298.6,309.9,1630,30.6,2,0,11.299999999999955,0.6666666666666666,49878.0,92536.14
1,298.6,310.0,1517,39.0,4,0,11.399999999999977,0.8,59163.0,92566.0
2,298.6,309.9,1668,32.3,6,0,11.299999999999955,0.8571428571428571,53876.399999999994,92536.14
2,298.6,309.9,1818,24.9,9,0,11.299999999999955,0.9,45268.2,92536.14
2,298.6,310.0,1541,36.9,12,0,11.399999999999977,0.9230769230769231,56862.899999999994,92566.0
1,298.5,309.9,1482,42.1,15,0,11.399999999999977,0.9375,62392.200000000004,92505.15
1,298.6,310.1,1439,49.9,17,0,11.5,0.9444444444444444,71806.09999999999,92595.86000000002
1,298.5,310.0,1492,41.2,19,0,11.5,0.95,61470.4,92535.0
1,298.4,309.9,1725,27.8,21,0,11.5,0.9545454545454546,47955.0,92474.15999999999
1,298.4,310.0,1559,44.2,23,0,11.600000000000023,0.9583333333333334,68907.8,92504.0
1,298.5,310.0,1435,42.5,25,0,11.5,0.9615384615384616,60987.5,92535.0
2,298.6,310.0,1512,37.5,27,0,11.399999999999977,0.9642857142857143,56700.0,92566.0
1,298.6,309.9,1564,37.1,30,0,11.299999999999955,0.967741935483871,58024.4,92536.14
1,298.6,310.0,1522,40.3,32,0,11.399999999999977,0.9696969696969697,61336.6,92566.0
1,298.6,309.9,1356,59.5,34,0,11.299999999999955,0.9714285714285714,80682.0,92536.14
1,298.6,309.9,1556,38.6,36,0,11.299999999999955,0.972972972972973,60061.600000000006,92536.14
1,298.6,309.9,1393,45.5,38,0,11.299999999999955,0.9743589743589743,63381.5,92536.14
1,298.7,309.9,1753,26.8,40,0,11.199999999999989,0.975609756097561,46980.4,92567.12999999999
1,298.7,309.9,1651,29.5,42,0,11.199999999999989,0.9767441860465116,48704.5,92567.12999999999
1,298.7,309.9,1372,54.7,44,0,11.199999999999989,0.9777777777777777,75048.40000000001,92567.12999999999
1,298.7,309.9,1446,43.3,46,0,11.199999999999989,0.9787234042553191,62611.799999999996,92567.12999999999
2,298.7,309.8,1501,44.7,48,0,11.100000000000023,0.9795918367346939,67094.7,92537.26
2,298.7,309.9,1411,45.1,51,0,11.199999999999989,0.9807692307692307,63636.1,92567.12999999999
0,298.6,309.7,1672,27.5,54,0,11.099999999999966,0.9818181818181818,45980.0,92476.42
2,298.7,309.8,1475,40.5,59,0,11.100000000000023,0.9833333333333333,59737.5,92537.26
1,298.7,309.8,1469,38.4,62,0,11.100000000000023,0.9841269841269841,56409.6,92537.26
1,298.6,309.8,1704,28.3,64,0,11.199999999999989,0.9846153846153847,48223.200000000004,92506.28000000001
0,298.6,309.7,1463,39.1,66,0,11.099999999999966,0.9850746268656716,57203.3,92476.42
2,298.6,309.7,1280,64.1,71,0,11.099999999999966,0.9861111111111112,82048.0,92476.42
1,298.7,309.9,1464,38.0,74,0,11.199999999999989,0.9866666666666667,55632.0,92567.12999999999
1,298.6,309.8,1332,46.4,76,0,11.199999999999989,0.987012987012987,61804.799999999996,92506.28000000001
1,298.5,309.7,1634,37.8,78,0,11.199999999999989,0.9873417721518988,61765.2,92445.45
2,298.6,309.8,1430,43.1,80,0,11.199999999999989,0.9876543209876543,61633.0,92506.28000000001
2,298.5,309.7,1523,44.6,83,0,11.199999999999989,0.9880952380952381,67925.8,92445.45
2,298.5,309.7,1557,37.7,86,0,11.199999999999989,0.9885057471264368,58698.9,92445.45
1,298.5,309.6,1585,32.2,89,0,11.100000000000023,0.9888888888888889,51037.00000000001,92415.6
0,298.5,309.6,1579,33.5,91,0,11.100000000000023,0.9891304347826086,52896.5,92415.6
2,298.5,309.7,1354,60.8,96,0,11.199999999999989,0.9896907216494846,82323.2,92445.45
1,298.6,309.7,1627,33.4,99,0,11.099999999999966,0.99,54341.799999999996,92476.42
1,298.4,309.6,1477,35.6,101,0,11.200000000000045,0.9901960784313726,52581.200000000004,92384.64
2,298.3,309.4,1595,29.0,103,0,11.099999999999966,0.9903846153846154,46255.0,92294.01999999999
1,298.4,309.5,1520,38.1,106,0,11.100000000000023,0.9906542056074766,57912.0,92354.79999999999
1,298.3,309.4,1618,31.5,108,0,11.099999999999966,0.9908256880733946,50967.0,92294.01999999999
1,298.4,309.5,1397,50.3,110,0,11.100000000000023,0.990990990990991,70269.09999999999,92354.79999999999
1,298.4,309.5,1450,47.9,112,0,11.100000000000023,0.9911504424778761,69455.0,92354.79999999999
2,298.5,309.5,1501,40.2,114,0,11.0,0.991304347826087,60340.200000000004,92385.75
1,298.4,309.4,1392,50.1,117,0,11.0,0.9915254237288136,69739.2,92324.95999999999
1,298.4,309.4,1385,43.2,119,0,11.0,0.9916666666666667,59832.00000000001,92324.95999999999
1,298.4,309.4,1461,46.3,121,0,11.0,0.9918032786885246,67644.3,92324.95999999999
2,298.5,309.6,1364,58.7,123,0,11.100000000000023,0.9919354838709677,80066.8,92415.6
1,298.5,309.5,1579,38.6,126,0,11.0,0.9921259842519685,60949.4,92385.75
2,298.4,309.5,1514,38.8,128,0,11.100000000000023,0.9922480620155039,58743.2,92354.79999999999
2,298.3,309.5,1560,36.9,131,0,11.199999999999989,0.9924242424242424,57564.0,92323.85
1,298.3,309.5,1542,36.7,134,0,11.199999999999989,0.9925925925925926,56591.4,92323.85
1,298.3,309.4,1668,27.1,136,0,11.099999999999966,0.9927007299270073,45202.8,92294.01999999999
2,298.3,309.4,1816,22.6,138,0,11.099999999999966,0.9928057553956835,41041.600000000006,92294.01999999999
2,298.3,309.4,1509,34.2,141,0,11.099999999999966,0.9929577464788732,51607.8,92294.01999999999
1,298.4,309.6,1479,37.8,144,0,11.200000000000045,0.993103448275862,55906.2,92384.64
1,298.4,309.6,1655,30.2,146,0,11.200000000000045,0.9931972789115646,49981.0,92384.64
1,298.3,309.5,1711,30.3,148,0,11.199999999999989,0.9932885906040269,51843.3,92323.85
1,298.4,309.7,1581,34.6,150,0,11.300000000000011,0.9933774834437086,54702.600000000006,92414.48
0,298.6,309.8,1279,55.9,152,0,11.199999999999989,0.9934640522875817,71496.09999999999,92506.28000000001
1,298.5,309.8,1468,40.9,157,0,11.300000000000011,0.9936708860759493,60041.2,92475.3
1,298.4,309.7,1419,41.3,159,0,11.300000000000011,0.99375,58604.7,92414.48
1,298.4,309.7,1530,38.6,161,0,11.300000000000011,0.9938271604938271,59058.0,92414.48
1,298.4,309.6,1710,27.3,163,1,11.200000000000045,0.9939024390243902,46683.0,92384.64
1,298.4,309.7,1518,39.8,165,0,11.300000000000011,0.9939759036144579,60416.399999999994,92414.48
2,298.4,309.7,1679,33.3,167,0,11.300000000000011,0.9940476190476191,55910.7,92414.48
2,298.4,309.7,1870,22.5,170,0,11.300000000000011,0.9941520467836257,42075.0,92414.48
1,298.3,309.7,1484,44.3,173,0,11.399999999999977,0.9942528735632183,65741.2,92383.51
1,298.4,309.7,1457,44.2,175,0,11.300000000000011,0.9943181818181818,64399.4,92414.48
0,298.3,309.6,1546,36.2,177,0,11.300000000000011,0.9943820224719101,55965.200000000004,92353.68000000001
2,298.2,309.5,1478,36.5,182,0,11.300000000000011,0.994535519125683,53947.0,92292.9
1,298.2,309.4,1447,47.1,185,0,11.199999999999989,0.9946236559139785,68153.7,92263.07999999999
1,298.2,309.4,1443,45.4,187,0,11.199999999999989,0.9946808510638298,65512.2,92263.07999999999
1,298.3,309.6,1527,30.9,189,0,11.300000000000011,0.9947368421052631,47184.299999999996,92353.68000000001
2,298.3,309.6,1469,54.8,191,0,11.300000000000011,0.9947916666666666,80501.2,92353.68000000001
2,298.3,309.6,1681,27.1,194,0,11.300000000000011,0.9948717948717949,45555.100000000006,92353.68000000001
1,298.3,309.6,1420,44.1,197,0,11.300000000000011,0.9949494949494949,62622.0,92353.68000000001
2,298.3,309.5,1543,49.9,199,0,11.199999999999989,0.995,76995.7,92323.85
1,298.4,309.5,1376,50.4,202,0,11.100000000000023,0.9950738916256158,69350.4,92354.79999999999
0,298.3,309.4,1631,29.8,0,0,11.099999999999966,0.0,48603.8,92294.01999999999
0,298.3,309.3,1529,41.7,5,0,11.0,0.8333333333333334,63759.3,92264.19
1,298.3,309.4,1468,46.2,10,0,11.099999999999966,0.9090909090909091,67821.6,92294.01999999999
1,298.3,309.4,1378,52.3,12,0,11.099999999999966,0.9230769230769231,72069.4,92294.01999999999
1,298.3,309.3,1401,51.9,14,0,11.0,0.9333333333333333,72711.9,92264.19
1,298.4,309.3,1531,37.4,16,0,10.900000000000034,0.9411764705882353,57259.4,92295.12
1,298.4,309.3,1512,35.8,18,0,10.900000000000034,0.9473684210526315,54129.6,92295.12
2,298.5,309.4,1522,47.4,20,0,10.899999999999977,0.9523809523809523,72142.8,92355.9
2,298.5,309.3,1615,31.8,23,0,10.800000000000011,0.9583333333333334,51357.0,92326.05
1,298.6,309.3,1449,46.5,26,0,10.699999999999989,0.9629629629629629,67378.5,92356.98000000001
1,298.6,309.4,1315,55.5,28,0,10.799999999999955,0.9655172413793104,72982.5,92386.84
2,298.6,309.4,1465,41.1,30,0,10.799999999999955,0.967741935483871,60211.5,92386.84
2,298.6,309.5,1404,43.3,33,0,10.899999999999977,0.9705882352941176,60793.2,92416.70000000001
1,298.6,309.5,1547,44.8,36,0,10.899999999999977,0.972972972972973,69305.59999999999,92416.70000000001
2,298.6,309.5,1426,45.4,38,0,10.899999999999977,0.9743589743589743,64740.4,92416.70000000001
1,298.6,309.5,1730,30.2,41,0,10.899999999999977,0.9761904761904762,52246.0,92416.70000000001
1,298.5,309.4,1548,37.7,43,0,10.899999999999977,0.9772727272727273,58359.600000000006,92355.9
1,298.5,309.4,1517,40.2,45,0,10.899999999999977,0.9782608695652174,60983.4,92355.9
1,298.6,309.5,1687,29.3,47,0,10.899999999999977,0.9791666666666666,49429.1,92416.70000000001
1,298.5,309.5,1738,25.2,49,0,11.0,0.98,43797.6,92385.75
0,298.4,309.4,1512,35.3,51,0,11.0,0.9807692307692307,53373.6,92324.95999999999
2,298.5,309.4,1365,48.7,56,0,10.899999999999977,0.9824561403508771,66475.5,92355.9
0,298.5,309.4,2011,21.0,59,0,10.899999999999977,0.9833333333333333,42231.0,92355.9
1,298.4,309.3,1806,27.6,64,0,10.900000000000034,0.9846153846153847,49845.600000000006,92295.12
1,298.4,309.3,1716,28.4,66,0,10.900000000000034,0.9850746268656716,48734.399999999994,92295.12
2,298.4,309.4,1666,24.3,68,0,11.0,0.9855072463768116,40483.8,92324.95999999999
1,298.5,309.4,1578,36.3,71,0,10.899999999999977,0.9861111111111112,57281.399999999994,92355.9
1,298.3,309.3,1558,37.2,73,0,11.0,0.9864864864864865,57957.600000000006,92264.19
1,298.3,309.2,1456,45.5,75,0,10.899999999999977,0.9868421052631579,66248.0,92234.36
2,298.2,309.1,1457,49.0,77,0,10.900000000000034,0.9871794871794872,71393.0,92173.62000000001
1,298.2,309.1,1467,44.5,80,0,10.900000000000034,0.9876543209876543,65281.5,92173.62000000001
2,298.1,309.0,1661,38.2,82,0,10.899999999999977,0.9879518072289156,63450.200000000004,92112.90000000001
1,298.1,309.0,1592,33.9,85,0,10.899999999999977,0.9883720930232558,53968.799999999996,92112.90000000001
1,298.2,309.0,1596,37.2,87,0,10.800000000000011,0.9886363636363636,59371.200000000004,92143.8
1,298.2,309.0,1489,40.6,89,0,10.800000000000011,0.9888888888888889,60453.4,92143.8
1,298.3,309.0,1471,48.3,91,0,10.699999999999989,0.9891304347826086,71049.3,92174.7
2,298.3,309.0,1505,41.3,93,0,10.699999999999989,0.9893617021276596,62156.49999999999,92174.7
1,298.3,309.0,1519,40.0,96,0,10.699999999999989,0.9896907216494846,60760.0,92174.7
1,298.3,309.0,1408,45.4,98,0,10.699999999999989,0.98989898989899,63923.2,92174.7
1,298.2,308.9,1332,44.4,100,0,10.699999999999989,0.9900990099009901,59140.799999999996,92113.98
1,298.1,308.9,1351,52.4,102,0,10.799999999999955,0.9902912621359223,70792.4,92083.09
1,298.0,308.9,1500,36.7,104,0,10.899999999999977,0.9904761904761905,55050.00000000001,92052.2
2,298.0,308.7,1614,30.7,106,0,10.699999999999989,0.9906542056074766,49549.799999999996,91992.59999999999
1,298.0,308.8,1489,36.5,109,0,10.800000000000011,0.990909090909091,54348.5,92022.40000000001
2,297.9,308.7,1751,26.6,111,0,10.800000000000011,0.9910714285714286,46576.600000000006,91961.73
1,298.0,308.7,1511,45.8,114,0,10.699999999999989,0.991304347826087,69203.8,91992.59999999999
1,297.9,308.6,1691,29.6,116,0,10.700000000000045,0.9914529914529915,50053.600000000006,91931.94
1,297.9,308.6,1757,27.5,118,0,10.700000000000045,0.9915966386554622,48317.5,91931.94
0,297.9,308.7,1545,35.9,120,0,10.800000000000011,0.9917355371900827,55465.5,91961.73
1,297.9,308.6,2262,15.7,125,0,10.700000000000045,0.9920634920634921,35513.4,91931.94
2,297.7,308.5,1559,35.2,127,0,10.800000000000011,0.9921875,54876.8,91840.45
1,297.6,308.4,1626,32.4,130,0,10.799999999999955,0.9923664122137404,52682.399999999994,91779.84
1,297.6,308.3,1424,53.9,132,0,10.699999999999989,0.9924812030075187,76753.59999999999,91750.08000000002
2,297.6,308.3,1648,29.1,134,0,10.699999999999989,0.9925925925925926,47956.8,91750.08000000002
1,297.6,308.3,1523,39.5,137,0,10.699999999999989,0.9927536231884058,60158.5,91750.08000000002
1,297.6,308.3,1502,43.2,139,0,10.699999999999989,0.9928571428571429,64886.4,91750.08000000002
1,297.5,308.2,1489,40.7,141,0,10.699999999999989,0.9929577464788732,60602.3,91689.5
2,297.4,308.1,1620,31.2,143,0,10.700000000000045,0.9930555555555556,50544.0,91628.94
1,297.5,308.1,1631,30.6,146,0,10.600000000000023,0.9931972789115646,49908.600000000006,91659.75
2,297.5,308.0,1429,45.8,148,0,10.5,0.9932885906040269,65448.2,91630.0
2,297.5,308.1,1334,72.0,151,1,10.600000000000023,0.993421052631579,96048.0,91659.75
1,297.4,308.0,1423,38.0,154,0,10.600000000000023,0.9935483870967742,54074.0,91599.2
1,297.4,307.9,1390,47.7,156,0,10.5,0.9936305732484076,66303.0,91569.45999999999
2,297.4,307.9,1338,48.5,158,0,10.5,0.9937106918238994,64893.0,91569.45999999999
0,297.3,307.9,1461,37.5,161,0,10.599999999999966,0.9938271604938271,54787.5,91538.67
2,297.4,307.9,1627,34.3,166,0,10.5,0.9940119760479041,55806.1,91569.45999999999
1,297.3,307.8,1385,44.4,169,0,10.5,0.9941176470588236,61494.0,91508.94
2,297.3,307.8,1538,48.0,171,0,10.5,0.9941860465116279,73824.0,91508.94
1,297.4,307.9,1557,35.5,174,0,10.5,0.9942857142857143,55273.5,91569.45999999999
1,297.4,307.9,1606,33.4,176,0,10.5,0.9943502824858758,53640.399999999994,91569.45999999999
2,297.5,308.0,1430,44.5,178,0,10.5,0.994413407821229,63635.0,91630.0
2,297.4,308.0,1601,34.6,181,0,10.600000000000023,0.9945054945054945,55394.600000000006,91599.2
1,297.4,308.0,1356,51.9,184,0,10.600000000000023,0.9945945945945946,70376.4,91599.2
2,297.5,308.2,1624,30.9,186,0,10.699999999999989,0.9946524064171123,50181.6,91689.5
1,297.5,308.2,1327,56.5,189,0,10.699999999999989,0.9947368421052631,74975.5,91689.5
1,297.6,308.3,1410,47.0,191,0,10.699999999999989,0.9947916666666666,66270.0,91750.08000000002
1,297.6,308.3,1478,42.3,193,0,10.699999999999989,0.9948453608247423,62519.399999999994,91750.08000000002
1,297.6,308.4,1460,40.3,195,0,10.799999999999955,0.9948979591836735,58837.99999999999,91779.84
1,297.5,308.3,1435,40.3,197,0,10.800000000000011,0.9949494949494949,57830.49999999999,91719.25
0,297.4,308.2,1359,46.9,199,0,10.800000000000011,0.995,63737.1,91658.68
1,297.4,308.1,1729,31.7,204,0,10.700000000000045,0.9951219512195122,54809.299999999996,91628.94
0,297.3,308.0,1384,49.1,206,0,10.699999999999989,0.9951690821256038,67954.40000000001,91568.40000000001
1,297.4,308.2,1297,52.1,211,0,10.800000000000011,0.9952830188679245,67573.7,91658.68
1,297.5,308.4,1633,33.3,213,0,10.899999999999977,0.9953271028037384,54378.899999999994,91749.0
2,297.5,308.4,1505,37.2,215,0,10.899999999999977,0.9953703703703703,55986.00000000001,91749.0
1,297.5,308.4,1433,50.0,218,0,10.899999999999977,0.9954337899543378,71650.0,91749.0
1,297.4,308.4,1369,50.6,220,1,11.0,0.995475113122172,69271.40000000001,91718.15999999999
1,297.4,308.3,1475,40.5,222,1,10.900000000000034,0.9955156950672646,59737.5,91688.42
1,297.4,308.3,1561,38.3,0,0,10.900000000000034,0.0,59786.299999999996,91688.42
1,297.4,308.3,1472,45.5,2,0,10.900000000000034,0.6666666666666666,66976.0,91688.42
1,297.5,308.4,1441,44.5,4,0,10.899999999999977,0.8,64124.5,91749.0
2,297.5,308.5,1401,50.5,6,0,11.0,0.8571428571428571,70750.5,91778.75
1,297.5,308.5,1691,33.1,9,0,11.0,0.9,55972.100000000006,91778.75
1,297.6,308.6,1382,47.1,11,0,11.0,0.9166666666666666,65092.200000000004,91839.36000000002
1,297.6,308.6,1355,46.4,13,0,11.0,0.9285714285714286,62872.0,91839.36000000002
1,297.6,308.6,1529,45.3,15,0,11.0,0.9375,69263.7,91839.36000000002
1,297.7,308.7,1829,24.9,17,0,11.0,0.9444444444444444,45542.1,91899.98999999999
0,297.6,308.6,1480,39.8,19,0,11.0,0.95,58903.99999999999,91839.36000000002
1,297.6,308.5,1475,42.4,24,0,10.899999999999977,0.96,62540.0,91809.6
2,297.6,308.5,1431,52.6,26,0,10.899999999999977,0.9629629629629629,75270.6,91809.6
1,297.5,308.3,1437,42.3,29,0,10.800000000000011,0.9666666666666667,60785.1,91719.25
2,297.5,308.3,1476,45.6,31,0,10.800000000000011,0.96875,67305.6,91719.25
0,297.5,308.4,1490,39.7,34,0,10.899999999999977,0.9714285714285714,59153.00000000001,91749.0
1,297.4,308.3,1632,33.5,39,0,10.900000000000034,0.975,54672.0,91688.42
1,297.4,308.2,1402,49.7,41,0,10.800000000000011,0.9761904761904762,69679.40000000001,91658.68
1,297.4,308.3,1347,45.8,43,0,10.900000000000034,0.9772727272727273,61692.6,91688.42
1,297.5,308.4,1747,31.0,45,0,10.899999999999977,0.9782608695652174,54157.0,91749.0
0,297.5,308.5,1557,39.1,47,0,11.0,0.9791666666666666,60878.700000000004,91778.75
1,297.4,308.4,1371,57.4,52,0,11.0,0.9811320754716981,78695.4,91718.15999999999
0,297.3,308.3,1506,37.0,54,0,11.0,0.9818181818181818,55722.0,91657.59000000001
1,297.3,308.3,1590,35.5,59,0,11.0,0.9833333333333333,56445.0,91657.59000000001
1,297.4,308.3,1336,53.7,61,0,10.900000000000034,0.9838709677419355,71743.2,91688.42
1,297.3,308.3,1411,43.2,63,0,11.0,0.984375,60955.200000000004,91657.59000000001
1,297.4,308.3,1704,27.3,65,0,10.900000000000034,0.9848484848484849,46519.200000000004,91688.42
1,297.5,308.4,1723,27.3,67,0,10.899999999999977,0.9852941176470589,47037.9,91749.0
1,297.5,308.5,1459,39.7,69,0,11.0,0.9857142857142858,57922.3,91778.75
1,297.6,308.5,1572,35.9,71,0,10.899999999999977,0.9861111111111112,56434.799999999996,91809.6
1,297.5,308.4,1384,56.0,73,0,10.899999999999977,0.9864864864864865,77504.0,91749.0
1,297.6,308.6,1383,47.5,75,0,11.0,0.9868421052631579,65692.5,91839.36000000002
2,297.6,308.5,1360,48.6,77,0,10.899999999999977,0.9871794871794872,66096.0,91809.6
2,297.5,308.4,1596,36.6,80,0,10.899999999999977,0.9876543209876543,58413.600000000006,91749.0
1,297.5,308.5,1448,54.3,83,0,11.0,0.9880952380952381,78626.4,91778.75
2,297.6,308.5,1443,38.2,85,0,10.899999999999977,0.9883720930232558,55122.600000000006,91809.6
2,297.6,308.6,1492,35.5,88,0,11.0,0.9887640449438202,52966.0,91839.36000000002
1,297.5,308.6,1497,43.9,91,0,11.100000000000023,0.9891304347826086,65718.3,91808.5
1,297.5,308.5,1530,38.5,93,0,11.0,0.9893617021276596,58905.0,91778.75
2,297.4,308.4,1478,46.2,95,0,11.0,0.9895833333333334,68283.6,91718.15999999999
1,297.4,308.4,1328,61.8,98,0,11.0,0.98989898989899,82070.4,91718.15999999999
0,297.4,308.3,1771,27.4,100,0,10.900000000000034,0.9900990099009901,48525.399999999994,91688.42
2,297.4,308.4,1564,35.0,105,0,11.0,0.9905660377358491,54740.0,91718.15999999999
0,297.3,308.3,1461,41.5,108,0,11.0,0.9908256880733946,60631.5,91657.59000000001
2,297.4,308.3,1335,57.9,113,0,10.900000000000034,0.9912280701754386,77296.5,91688.42
2,297.4,308.4,1441,46.8,116,0,11.0,0.9914529914529915,67438.8,91718.15999999999
1,297.3,308.3,1268,60.6,119,0,11.0,0.9916666666666667,76840.8,91657.59000000001
2,297.3,308.3,1697,27.4,121,0,11.0,0.9918032786885246,46497.799999999996,91657.59000000001
1,297.4,308.4,1421,46.0,124,0,11.0,0.992,65366.0,91718.15999999999
1,297.4,308.5,1496,36.4,126,0,11.100000000000023,0.9921259842519685,54454.4,91747.9
1,297.5,308.5,1375,55.6,128,0,11.0,0.9922480620155039,76450.0,91778.75
1,297.4,308.5,1295,52.1,130,0,11.100000000000023,0.9923664122137404,67469.5,91747.9
1,297.4,308.5,1643,33.8,132,0,11.100000000000023,0.9924812030075187,55533.399999999994,91747.9
1,297.5,308.6,1514,36.9,134,0,11.100000000000023,0.9925925925925926,55866.6,91808.5
1,297.5,308.6,1671,29.4,136,0,11.100000000000023,0.9927007299270073,49127.399999999994,91808.5
0,297.5,308.6,1355,58.9,138,0,11.100000000000023,0.9928057553956835,79809.5,91808.5
1,297.6,308.7,1365,50.6,143,0,11.099999999999966,0.9930555555555556,69069.0,91869.12000000001
1,297.5,308.7,1407,42.5,145,0,11.199999999999989,0.9931506849315068,59797.5,91838.25
2,297.5,308.8,1455,46.1,147,0,11.300000000000011,0.9932432432432432,67075.5,91868.0
1,297.5,308.8,1502,45.9,150,0,11.300000000000011,0.9933774834437086,68941.8,91868.0
2,297.5,308.8,1471,52.3,152,0,11.300000000000011,0.9934640522875817,76933.3,91868.0
1,297.5,308.9,1581,30.4,155,0,11.399999999999977,0.9935897435897436,48062.399999999994,91897.75
1,297.5,308.8,1530,37.8,157,0,11.300000000000011,0.9936708860759493,57833.99999999999,91868.0
1,297.5,308.8,1312,50.3,159,0,11.300000000000011,0.99375,65993.59999999999,91868.0
1,297.4,308.6,1494,42.6,161,0,11.200000000000045,0.9938271604938271,63644.4,91777.64
2,297.4,308.6,1528,29.1,163,0,11.200000000000045,0.9939024390243902,44464.8,91777.64
0,297.3,308.6,1688,29.4,166,0,11.300000000000011,0.9940119760479041,49627.2,91746.78000000001
2,297.3,308.5,1520,42.4,171,0,11.199999999999989,0.9941860465116279,64448.0,91717.05
2,297.3,308.5,1664,28.9,174,0,11.199999999999989,0.9942857142857143,48089.6,91717.05
1,297.3,308.5,1514,44.5,177,0,11.199999999999989,0.9943820224719101,67373.0,91717.05
1,297.3,308.5,1456,54.2,179,0,11.199999999999989,0.9944444444444445,78915.2,91717.05
1,297.2,308.5,1494,39.6,181,0,11.300000000000011,0.9945054945054945,59162.4,91686.2
1,297.2,308.4,1605,30.0,183,0,11.199999999999989,0.9945652173913043,48150.0,91656.48
2,297.2,308.5,1353,46.5,185,0,11.300000000000011,0.9946236559139785,62914.5,91686.2
1,297.2,308.5,1447,47.9,188,0,11.300000000000011,0.9947089947089947,69311.3,91686.2
1,297.2,308.5,1588,40.4,190,0,11.300000000000011,0.9947643979057592,64155.2,91686.2
0,297.2,308.5,1524,41.4,192,0,11.300000000000011,0.9948186528497409,63093.6,91686.2
2,297.2,308.5,1611,31.6,197,0,11.300000000000011,0.9949494949494949,50907.600000000006,91686.2
2,297.2,308.5,1604,34.9,200,0,11.300000000000011,0.9950248756218906,55979.6,91686.2
1,297.1,308.5,1483,46.9,203,0,11.399999999999977,0.9950980392156863,69552.7,91655.35
1,297.1,308.4,1543,39.6,205,0,11.299999999999955,0.9951456310679612,61102.8,91625.64
1,297.1,308.5,1323,44.4,207,1,11.399999999999977,0.9951923076923077,58741.2,91655.35
1,297.1,308.5,1555,36.2,0,0,11.399999999999977,0.0,56291.00000000001,91655.35
1,297.1,308.4,1583,31.9,2,0,11.299999999999955,0.6666666666666666,50497.7,91625.64
2,297.2,308.5,1584,40.0,4,0,11.300000000000011,0.8,63360.0,91686.2
1,297.2,308.5,1766,25.8,7,0,11.300000000000011,0.875,45562.8,91686.2
2,297.2,308.6,1498,44.4,9,0,11.400000000000034,0.9,66511.2,91715.92
1,297.2,308.6,1413,49.8,12,0,11.400000000000034,0.9230769230769231,70367.4,91715.92
1,297.3,308.6,1505,33.5,14,0,11.300000000000011,0.9333333333333333,50417.5,91746.78000000001
0,297.3,308.7,1438,46.2,16,0,11.399999999999977,0.9411764705882353,66435.6,91776.51
2,297.3,308.7,1655,34.1,21,0,11.399999999999977,0.9545454545454546,56435.5,91776.51
2,297.3,308.7,1451,43.8,24,0,11.399999999999977,0.96,63553.799999999996,91776.51
2,297.3,308.7,1466,38.4,27,0,11.399999999999977,0.9642857142857143,56294.4,91776.51
1,297.2,308.6,1774,23.0,30,0,11.400000000000034,0.967741935483871,40802.0,91715.92
2,297.2,308.6,1284,51.3,32,0,11.400000000000034,0.9696969696969697,65869.2,91715.92
1,297.1,308.5,1425,40.0,35,0,11.399999999999977,0.9722222222222222,57000.0,91655.35
1,297.2,308.6,1437,52.4,37,0,11.400000000000034,0.9736842105263158,75298.8,91715.92
1,297.2,308.6,1335,53.0,39,0,11.400000000000034,0.975,70755.0,91715.92
1,297.2,308.5,1471,41.7,41,0,11.300000000000011,0.9761904761904762,61340.700000000004,91686.2
2,297.2,308.5,1364,54.0,43,0,11.300000000000011,0.9772727272727273,73656.0,91686.2
1,297.1,308.5,1578,35.6,46,0,11.399999999999977,0.9787234042553191,56176.8,91655.35
1,297.1,308.5,1712,32.1,48,0,11.399999999999977,0.9795918367346939,54955.200000000004,91655.35
1,297.1,308.5,1733,28.7,50,0,11.399999999999977,0.9803921568627451,49737.1,91655.35
1,297.2,308.6,1652,32.1,52,0,11.400000000000034,0.9811320754716981,53029.200000000004,91715.92
1,297.2,308.6,1917,24.1,54,0,11.400000000000034,0.9818181818181818,46199.700000000004,91715.92
2,297.2,308.6,1444,41.1,56,0,11.400000000000034,0.9824561403508771,59348.4,91715.92
1,297.1,308.6,1442,37.1,59,0,11.5,0.9833333333333333,53498.200000000004,91685.06000000001
2,297.1,308.6,1717,31.3,61,0,11.5,0.9838709677419355,53742.1,91685.06000000001
1,297.1,308.7,1474,42.3,64,0,11.599999999999966,0.9846153846153847,62350.2,91714.77
1,297.2,308.7,1509,39.3,66,0,11.5,0.9850746268656716,59303.7,91745.64
1,297.2,308.8,1451,43.1,68,0,11.600000000000023,0.9855072463768116,62538.1,91775.36
1,297.3,308.8,1554,36.1,70,0,11.5,0.9859154929577465,56099.4,91806.24
1,297.2,308.7,1669,30.7,72,0,11.5,0.9863013698630136,51238.299999999996,91745.64
1,297.2,308.6,1366,50.4,74,0,11.400000000000034,0.9866666666666667,68846.4,91715.92
1,297.2,308.6,1578,34.4,76,0,11.400000000000034,0.987012987012987,54283.2,91715.92
2,297.2,308.6,1513,39.0,78,0,11.400000000000034,0.9873417721518988,59007.0,91715.92
2,297.1,308.5,1515,42.1,81,0,11.399999999999977,0.9878048780487805,63781.5,91655.35
1,297.2,308.6,1562,33.0,84,0,11.400000000000034,0.9882352941176471,51546.0,91715.92
1,297.2,308.7,1501,38.5,86,0,11.5,0.9885057471264368,57788.5,91745.64
2,297.2,308.7,1398,38.1,88,0,11.5,0.9887640449438202,53263.8,91745.64
1,297.3,308.7,1352,53.8,91,0,11.399999999999977,0.9891304347826086,72737.59999999999,91776.51
0,297.3,308.7,1569,33.9,93,0,11.399999999999977,0.9893617021276596,53189.1,91776.51
0,297.2,308.6,1486,46.6,98,0,11.400000000000034,0.98989898989899,69247.6,91715.92
1,297.2,308.6,1864,23.6,103,0,11.400000000000034,0.9903846153846154,43990.4,91715.92
2,297.3,308.7,1447,44.5,105,0,11.399999999999977,0.9905660377358491,64391.5,91776.51
1,297.2,308.6,1392,41.5,108,0,11.400000000000034,0.9908256880733946,57768.0,91715.92
1,297.3,308.6,1358,47.6,110,0,11.300000000000011,0.990990990990991,64640.8,91746.78000000001
1,297.3,308.7,1491,40.2,112,0,11.399999999999977,0.9911504424778761,59938.200000000004,91776.51
1,297.3,308.7,1556,36.7,114,0,11.399999999999977,0.991304347826087,57105.200000000004,91776.51
1,297.3,308.7,1531,36.7,116,0,11.399999999999977,0.9914529914529915,56187.700000000004,91776.51
0,297.4,308.7,1429,37.6,118,0,11.300000000000011,0.9915966386554622,53730.4,91807.37999999999
2,297.4,308.8,1573,33.9,123,0,11.400000000000034,0.9919354838709677,53324.7,91837.12
1,297.4,308.8,1538,41.2,126,0,11.400000000000034,0.9921259842519685,63365.600000000006,91837.12
1,297.4,308.8,1467,39.0,128,0,11.400000000000034,0.9922480620155039,57213.0,91837.12
0,297.4,308.7,1323,51.1,130,0,11.300000000000011,0.9923664122137404,67605.3,91807.37999999999
2,297.4,308.7,1798,23.0,135,0,11.300000000000011,0.9926470588235294,41354.0,91807.37999999999
1,297.4,308.6,1411,46.3,138,0,11.200000000000045,0.9928057553956835,65329.299999999996,91777.64
1,297.3,308.5,1528,44.5,140,0,11.199999999999989,0.9929078014184397,67996.0,91717.05
1,297.3,308.5,1504,42.0,142,0,11.199999999999989,0.993006993006993,63168.0,91717.05
1,297.3,308.5,1384,39.6,144,0,11.199999999999989,0.993103448275862,54806.4,91717.05
1,297.2,308.4,1677,26.4,146,0,11.199999999999989,0.9931972789115646,44272.799999999996,91656.48
1,297.3,308.5,1764,30.8,148,0,11.199999999999989,0.9932885906040269,54331.200000000004,91717.05
2,297.4,308.5,1472,42.0,150,0,11.100000000000023,0.9933774834437086,61824.0,91747.9
2,297.4,308.5,1465,55.9,153,0,11.100000000000023,0.9935064935064936,81893.5,91747.9
2,297.4,308.6,1657,33.1,156,0,11.200000000000045,0.9936305732484076,54846.700000000004,91777.64
1,297.4,308.6,1635,30.5,159,0,11.200000000000045,0.99375,49867.5,91777.64
2,297.4,308.7,1582,31.9,161,0,11.300000000000011,0.9938271604938271,50465.799999999996,91807.37999999999
1,297.5,308.7,1761,26.2,164,0,11.199999999999989,0.9939393939393939,46138.2,91838.25
1,297.5,308.8,1587,34.9,166,0,11.300000000000011,0.9940119760479041,55386.299999999996,91868.0
2,297.5,308.7,1446,53.0,168,0,11.199999999999989,0.9940828402366864,76638.0,91838.25
2,297.5,308.7,1352,53.0,171,0,11.199999999999989,0.9941860465116279,71656.0,91838.25
2,297.4,308.7,1392,46.4,174,0,11.300000000000011,0.9942857142857143,64588.799999999996,91807.37999999999
1,297.5,308.8,1417,49.8,177,0,11.300000000000011,0.9943820224719101,70566.59999999999,91868.0
0,297.5,308.8,1824,24.0,179,0,11.300000000000011,0.9944444444444445,43776.0,91868.0
1,297.5,308.8,1603,36.7,184,0,11.300000000000011,0.9945945945945946,58830.100000000006,91868.0
1,297.4,308.8,1620,33.4,186,0,11.400000000000034,0.9946524064171123,54108.0,91837.12
1,297.4,308.8,1353,49.4,188,0,11.400000000000034,0.9947089947089947,66838.2,91837.12
1,297.5,308.8,1360,50.7,190,0,11.300000000000011,0.9947643979057592,68952.0,91868.0
1,297.5,308.6,1380,53.5,192,0,11.100000000000023,0.9948186528497409,73830.0,91808.5
2,297.5,308.7,1363,53.6,194,0,11.199999999999989,0.9948717948717949,73056.8,91838.25
2,297.4,308.6,1452,41.2,197,0,11.200000000000045,0.9949494949494949,59822.4,91777.64
1,297.4,308.6,1680,32.8,200,0,11.200000000000045,0.9950248756218906,55103.99999999999,91777.64
1,297.5,308.6,1536,39.0,202,0,11.100000000000023,0.9950738916256158,59904.0,91808.5
1,297.5,308.6,1621,28.9,0,0,11.100000000000023,0.0,46846.899999999994,91808.5
1,297.5,308.6,1585,37.6,2,0,11.100000000000023,0.6666666666666666,59596.0,91808.5
2,297.6,308.7,1408,51.5,4,0,11.099999999999966,0.8,72512.0,91869.12000000001
0,297.5,308.6,1536,38.7,7,0,11.100000000000023,0.875,59443.200000000004,91808.5
1,297.5,308.6,1352,52.6,12,0,11.100000000000023,0.9230769230769231,71115.2,91808.5
0,297.5,308.6,1481,38.8,14,0,11.100000000000023,0.9333333333333333,57462.799999999996,91808.5
1,297.5,308.7,1454,45.0,19,0,11.199999999999989,0.95,65430.0,91838.25
2,297.5,308.6,1349,51.5,21,0,11.100000000000023,0.9545454545454546,69473.5,91808.5
2,297.5,308.6,1327,52.1,24,0,11.100000000000023,0.96,69136.7,91808.5
1,297.6,308.7,1552,42.3,27,0,11.099999999999966,0.9642857142857143,65649.59999999999,91869.12000000001
1,297.5,308.7,1456,44.7,29,0,11.199999999999989,0.9666666666666667,65083.200000000004,91838.25
2,297.6,308.6,1254,45.8,31,0,11.0,0.96875,57433.2,91839.36000000002
1,297.5,308.6,1437,43.3,34,0,11.100000000000023,0.9714285714285714,62222.1,91808.5
1,297.5,308.6,1694,27.1,36,0,11.100000000000023,0.972972972972973,45907.4,91808.5
1,297.5,308.5,1306,50.7,38,0,11.0,0.9743589743589743,66214.2,91778.75
2,297.5,308.5,1699,30.1,40,0,11.0,0.975609756097561,51139.9,91778.75
1,297.4,308.5,1369,53.2,43,0,11.100000000000023,0.9772727272727273,72830.8,91747.9
1,297.4,308.5,1471,43.9,45,0,11.100000000000023,0.9782608695652174,64576.9,91747.9
1,297.4,308.5,1410,43.9,47,0,11.100000000000023,0.9791666666666666,61899.0,91747.9
2,297.4,308.5,1412,45.5,49,0,11.100000000000023,0.98,64246.0,91747.9
1,297.4,308.5,1418,51.2,52,0,11.100000000000023,0.9811320754716981,72601.6,91747.9
1,297.4,308.5,1782,25.9,54,0,11.100000000000023,0.9818181818181818,46153.799999999996,91747.9
2,297.4,308.5,1497,36.4,56,0,11.100000000000023,0.9824561403508771,54490.799999999996,91747.9
1,297.3,308.4,1459,39.4,59,0,11.099999999999966,0.9833333333333333,57484.6,91687.31999999999
1,297.2,308.3,1796,23.8,61,0,11.100000000000023,0.9838709677419355,42744.8,91626.76
1,297.2,308.3,1569,31.2,63,0,11.100000000000023,0.984375,48952.799999999996,91626.76
1,297.3,308.4,1469,46.7,65,0,11.099999999999966,0.9848484848484849,68602.3,91687.31999999999
1,297.3,308.4,1472,41.3,67,0,11.099999999999966,0.9852941176470589,60793.6,91687.31999999999
1,297.4,308.5,1475,47.2,69,0,11.100000000000023,0.9857142857142858,69620.0,91747.9
1,297.4,308.6,1488,36.4,71,0,11.200000000000045,0.9861111111111112,54163.2,91777.64
1,297.4,308.6,1524,43.1,73,0,11.200000000000045,0.9864864864864865,65684.40000000001,91777.64
1,297.4,308.5,1486,48.6,75,0,11.100000000000023,0.9868421052631579,72219.6,91747.9
2,297.5,308.6,1255,60.7,77,0,11.100000000000023,0.9871794871794872,76178.5,91808.5
2,297.4,308.6,1469,42.6,80,0,11.200000000000045,0.9876543209876543,62579.4,91777.64
1,297.4,308.5,1692,34.3,83,0,11.100000000000023,0.9880952380952381,58035.6,91747.9
2,297.4,308.6,1604,32.8,85,0,11.200000000000045,0.9883720930232558,52611.2,91777.64
1,297.4,308.6,1446,48.1,88,0,11.200000000000045,0.9887640449438202,69552.6,91777.64
1,297.3,308.5,1503,43.3,90,0,11.199999999999989,0.989010989010989,65079.899999999994,91717.05
2,297.3,308.5,1625,32.8,92,0,11.199999999999989,0.989247311827957,53299.99999999999,91717.05
1,297.2,308.5,1574,35.8,95,0,11.300000000000011,0.9895833333333334,56349.2,91686.2
2,297.2,308.4,1378,41.9,97,0,11.199999999999989,0.9897959183673469,57738.2,91656.48
1,297.1,308.4,1693,29.5,100,0,11.299999999999955,0.9900990099009901,49943.5,91625.64
1,297.2,308.4,1462,51.2,102,0,11.199999999999989,0.9902912621359223,74854.40000000001,91656.48
0,297.3,308.5,1435,55.0,104,0,11.199999999999989,0.9904761904761905,78925.0,91717.05
2,297.2,308.5,1425,45.8,109,0,11.300000000000011,0.990909090909091,65264.99999999999,91686.2
0,297.3,308.6,1376,53.5,112,0,11.300000000000011,0.9911504424778761,73616.0,91746.78000000001
2,297.4,308.7,1481,48.0,117,0,11.300000000000011,0.9915254237288136,71088.0,91807.37999999999
0,297.4,308.7,1349,48.9,120,0,11.300000000000011,0.9917355371900827,65966.09999999999,91807.37999999999
1,297.3,308.7,1551,40.0,125,0,11.399999999999977,0.9920634920634921,62040.0,91776.51
0,297.4,308.7,1623,33.8,127,0,11.300000000000011,0.9921875,54857.399999999994,91807.37999999999
1,297.4,308.8,1462,49.7,132,0,11.400000000000034,0.9924812030075187,72661.40000000001,91837.12
2,297.3,308.8,1447,57.4,134,0,11.5,0.9925925925925926,83057.8,91806.24
2,297.3,308.9,1799,24.5,137,0,11.599999999999966,0.9927536231884058,44075.5,91835.97
2,297.3,308.8,1548,41.3,140,0,11.5,0.9929078014184397,63932.399999999994,91806.24
2,297.2,308.8,1485,47.9,143,0,11.600000000000023,0.9930555555555556,71131.5,91775.36
1,297.2,308.7,1463,49.9,146,0,11.5,0.9931972789115646,73003.7,91745.64
1,297.3,308.7,1587,35.8,148,0,11.399999999999977,0.9932885906040269,56814.6,91776.51
2,297.3,308.8,1469,44.1,150,0,11.5,0.9933774834437086,64782.9,91806.24
0,297.3,308.7,1430,42.8,153,0,11.399999999999977,0.9935064935064936,61203.99999999999,91776.51
0,297.4,308.7,1726,26.8,158,0,11.300000000000011,0.9937106918238994,46256.8,91807.37999999999
1,297.4,308.8,1651,34.1,163,0,11.400000000000034,0.9939024390243902,56299.100000000006,91837.12
1,297.4,308.8,1529,41.3,165,0,11.400000000000034,0.9939759036144579,63147.7,91837.12
1,297.4,308.8,1473,46.2,167,0,11.400000000000034,0.9940476190476191,68052.6,91837.12
0,297.4,308.8,1324,53.5,169,0,11.400000000000034,0.9941176470588236,70834.0,91837.12
1,297.4,308.9,1708,28.8,174,0,11.5,0.9942857142857143,49190.4,91866.85999999999
2,297.5,309.1,1540,38.5,176,0,11.600000000000023,0.9943502824858758,59290.0,91957.25
1,297.5,309.0,1320,54.7,179,0,11.5,0.9944444444444445,72204.0,91927.5
2,297.4,308.9,1376,39.0,181,0,11.5,0.9945054945054945,53664.0,91866.85999999999
2,297.3,308.7,1542,37.0,184,0,11.399999999999977,0.9945945945945946,57054.0,91776.51
1,297.3,308.7,1506,39.3,187,0,11.399999999999977,0.9946808510638298,59185.799999999996,91776.51
1,297.3,308.7,1492,43.6,189,0,11.399999999999977,0.9947368421052631,65051.200000000004,91776.51
0,297.3,308.8,1564,38.0,191,0,11.5,0.9947916666666666,59432.0,91806.24
0,297.4,308.9,1645,30.8,196,0,11.5,0.9949238578680203,50666.0,91866.85999999999
2,297.4,308.9,1348,59.1,201,0,11.5,0.995049504950495,79666.8,91866.85999999999
2,297.4,308.8,1325,62.4,204,1,11.400000000000034,0.9951219512195122,82680.0,91837.12
1,297.5,308.9,1443,43.5,0,0,11.399999999999977,0.0,62770.5,91897.75
2,297.5,308.9,1436,44.8,2,0,11.399999999999977,0.6666666666666666,64332.799999999996,91897.75
1,297.5,308.9,1596,30.7,5,0,11.399999999999977,0.8333333333333334,48997.2,91897.75
1,297.6,309.0,1491,43.2,7,0,11.399999999999977,0.875,64411.200000000004,91958.40000000001
2,297.7,308.9,1573,35.1,9,0,11.199999999999989,0.9,55212.3,91959.52999999998
1,297.7,308.9,1575,39.9,12,0,11.199999999999989,0.9230769230769231,62842.5,91959.52999999998
1,297.7,308.9,1458,41.1,14,0,11.199999999999989,0.9333333333333333,59923.8,91959.52999999998
2,297.7,309.0,1433,41.8,16,0,11.300000000000011,0.9411764705882353,59899.399999999994,91989.3
1,297.7,308.9,1662,28.1,19,0,11.199999999999989,0.95,46702.200000000004,91959.52999999998
2,297.7,308.9,1327,63.7,21,0,11.199999999999989,0.9545454545454546,84529.90000000001,91959.52999999998
1,297.7,308.9,1742,26.3,24,0,11.199999999999989,0.96,45814.6,91959.52999999998
1,297.8,308.9,1506,33.5,26,0,11.099999999999966,0.9629629629629629,50451.0,91990.42
1,297.9,309.1,1457,44.4,28,0,11.200000000000045,0.9655172413793104,64690.799999999996,92080.89
2,297.9,309.1,1488,37.3,30,0,11.200000000000045,0.967741935483871,55502.399999999994,92080.89
1,297.9,309.1,1619,34.7,33,0,11.200000000000045,0.9705882352941176,56179.3,92080.89
2,298.0,309.2,1558,41.7,35,0,11.199999999999989,0.9722222222222222,64968.600000000006,92141.59999999999
1,298.0,309.2,1731,28.7,38,0,11.199999999999989,0.9743589743589743,49679.7,92141.59999999999
2,298.0,309.1,1574,34.8,40,0,11.100000000000023,0.975609756097561,54775.2,92111.8
1,297.9,309.0,1290,49.8,43,0,11.100000000000023,0.9772727272727273,64241.99999999999,92051.09999999999
0,297.9,308.9,1416,39.6,45,0,11.0,0.9782608695652174,56073.6,92021.30999999998
1,297.9,308.9,1566,41.9,50,0,11.0,0.9803921568627451,65615.4,92021.30999999998
1,297.9,309.0,1456,46.5,52,0,11.100000000000023,0.9811320754716981,67704.0,92051.09999999999
1,297.9,309.0,1528,37.5,54,0,11.100000000000023,0.9818181818181818,57300.0,92051.09999999999
2,297.9,309.1,1338,49.6,56,0,11.200000000000045,0.9824561403508771,66364.8,92080.89
2,297.9,309.1,1558,39.2,59,0,11.200000000000045,0.9833333333333333,61073.600000000006,92080.89
2,297.9,309.1,1614,38.1,62,0,11.200000000000045,0.9841269841269841,61493.4,92080.89
0,298.0,309.1,1557,36.4,65,0,11.100000000000023,0.9848484848484849,56674.799999999996,92111.8
1,298.1,309.3,1443,45.3,70,0,11.199999999999989,0.9859154929577465,65367.899999999994,92202.33000000002
0,298.1,309.3,1332,51.0,72,0,11.199999999999989,0.9863013698630136,67932.0,92202.33000000002
2,298.1,309.3,1752,25.2,77,0,11.199999999999989,0.9871794871794872,44150.4,92202.33000000002
2,298.1,309.2,1460,45.8,80,0,11.099999999999966,0.9876543209876543,66868.0,92172.52
1,298.1,309.2,1802,26.9,83,0,11.099999999999966,0.9880952380952381,48473.799999999996,92172.52
1,298.0,309.2,1527,39.5,85,0,11.199999999999989,0.9883720930232558,60316.5,92141.59999999999
1,298.0,309.2,1458,39.8,87,0,11.199999999999989,0.9886363636363636,58028.399999999994,92141.59999999999
0,298.0,309.2,1520,37.9,89,0,11.199999999999989,0.9888888888888889,57608.0,92141.59999999999
1,298.0,309.2,1378,49.7,94,0,11.199999999999989,0.9894736842105263,68486.6,92141.59999999999
2,297.9,309.2,1529,38.1,96,0,11.300000000000011,0.9896907216494846,58254.9,92110.68
1,298.0,309.2,1527,32.4,99,0,11.199999999999989,0.99,49474.799999999996,92141.59999999999
2,298.0,309.2,1438,42.9,101,0,11.199999999999989,0.9901960784313726,61690.2,92141.59999999999
1,297.9,309.0,1583,36.7,104,0,11.100000000000023,0.9904761904761905,58096.100000000006,92051.09999999999
1,297.8,308.9,1530,37.6,106,0,11.099999999999966,0.9906542056074766,57528.0,91990.42
2,297.7,308.9,1530,39.1,108,0,11.199999999999989,0.9908256880733946,59823.0,91959.52999999998
2,297.7,308.8,2089,19.1,111,0,11.100000000000023,0.9910714285714286,39899.9,91929.76
1,297.7,308.8,1616,34.2,114,0,11.100000000000023,0.991304347826087,55267.200000000004,91929.76
2,297.7,308.9,1681,28.3,116,0,11.199999999999989,0.9914529914529915,47572.3,91959.52999999998
1,297.6,308.8,1475,43.0,119,0,11.199999999999989,0.9916666666666667,63425.0,91898.88
1,297.5,308.7,1371,46.5,121,0,11.199999999999989,0.9918032786885246,63751.5,91838.25
2,297.5,308.7,1546,38.0,123,0,11.199999999999989,0.9919354838709677,58748.0,91838.25
0,297.4,308.6,1461,40.1,126,0,11.200000000000045,0.9921259842519685,58586.1,91777.64
1,297.4,308.7,1638,31.9,131,0,11.300000000000011,0.9924242424242424,52252.2,91807.37999999999
2,297.3,308.7,1577,35.6,133,0,11.399999999999977,0.9925373134328358,56141.200000000004,91776.51
1,297.4,308.6,1532,38.7,136,0,11.200000000000045,0.9927007299270073,59288.4,91777.64
2,297.3,308.5,1710,27.7,138,0,11.199999999999989,0.9928057553956835,47367.0,91717.05
2,297.3,308.6,1584,29.4,141,0,11.300000000000011,0.9929577464788732,46569.6,91746.78000000001
1,297.3,308.6,1446,50.1,144,0,11.300000000000011,0.993103448275862,72444.6,91746.78000000001
0,297.4,308.7,1522,46.3,146,0,11.300000000000011,0.9931972789115646,70468.59999999999,91807.37999999999
2,297.4,308.7,1382,49.9,151,0,11.300000000000011,0.993421052631579,68961.8,91807.37999999999
1,297.4,308.7,1584,38.2,154,0,11.300000000000011,0.9935483870967742,60508.8,91807.37999999999
1,297.3,308.6,1385,55.2,156,0,11.300000000000011,0.9936305732484076,76452.0,91746.78000000001
1,297.3,308.7,1592,34.4,158,0,11.399999999999977,0.9937106918238994,54764.799999999996,91776.51
2,297.2,308.6,1404,43.7,160,0,11.400000000000034,0.9937888198757764,61354.8,91715.92
1,297.2,308.5,1518,44.3,163,0,11.300000000000011,0.9939024390243902,67247.4,91686.2
1,297.1,308.4,1529,40.4,165,0,11.299999999999955,0.9939759036144579,61771.6,91625.64
1,297.1,308.4,1550,37.0,167,0,11.299999999999955,0.9940476190476191,57350.0,91625.64
1,297.1,308.3,1773,23.8,169,0,11.199999999999989,0.9941176470588236,42197.4,91595.93000000001
1,297.2,308.5,1446,43.7,171,0,11.300000000000011,0.9941860465116279,63190.200000000004,91686.2
2,297.2,308.5,1487,46.9,173,0,11.300000000000011,0.9942528735632183,69740.3,91686.2
2,297.3,308.5,1524,49.3,176,0,11.199999999999989,0.9943502824858758,75133.2,91717.05
1,297.1,308.3,1403,54.1,179,0,11.199999999999989,0.9944444444444445,75902.3,91595.93000000001
1,297.1,308.2,2267,15.7,181,0,11.099999999999966,0.9945054945054945,35591.9,91566.22
2,297.1,308.2,1529,37.9,183,0,11.099999999999966,0.9945652173913043,57949.1,91566.22
1,297.1,308.2,1402,51.2,186,0,11.099999999999966,0.9946524064171123,71782.40000000001,91566.22
1,297.2,308.3,1693,28.0,188,0,11.100000000000023,0.9947089947089947,47404.0,91626.76
1,297.1,308.3,1496,45.8,190,0,11.199999999999989,0.9947643979057592,68516.8,91595.93000000001
1,297.1,308.1,1633,33.3,192,0,11.0,0.9948186528497409,54378.899999999994,91536.51000000001
1,297.1,308.2,1399,42.6,194,0,11.099999999999966,0.9948717948717949,59597.4,91566.22
2,297.0,308.1,1363,45.3,196,0,11.100000000000023,0.9949238578680203,61743.899999999994,91505.70000000001
0,297.1,308.2,1527,42.2,199,0,11.099999999999966,0.995,64439.4,91566.22
2,297.2,308.2,1405,42.5,204,0,11.0,0.9951219512195122,59712.5,91597.04
2,297.3,308.3,1459,59.6,207,1,11.0,0.9951923076923077,86956.40000000001,91657.59000000001
2,297.4,308.4,1789,25.0,210,0,11.0,0.995260663507109,44725.0,91718.15999999999
1,297.4,308.4,1531,41.5,213,0,11.0,0.9953271028037384,63536.5,91718.15999999999
2,297.4,308.4,1620,35.8,215,0,11.0,0.9953703703703703,57995.99999999999,91718.15999999999
1,297.4,308.4,1571,39.4,0,0,11.0,0.0,61897.399999999994,91718.15999999999
1,297.4,308.4,1434,39.9,2,0,11.0,0.6666666666666666,57216.6,91718.15999999999
1,297.4,308.4,1474,43.6,4,0,11.0,0.8,64266.4,91718.15999999999
2,297.3,308.3,1544,41.7,6,0,11.0,0.8571428571428571,64384.8,91657.59000000001
1,297.3,308.2,1601,35.7,9,0,10.899999999999977,0.9,57155.700000000004,91627.86
1,297.4,308.3,1801,26.9,11,0,10.900000000000034,0.9166666666666666,48446.899999999994,91688.42
1,297.4,308.3,1465,42.0,13,0,10.900000000000034,0.9285714285714286,61530.0,91688.42
2,297.4,308.4,1340,52.6,15,0,11.0,0.9375,70484.0,91718.15999999999
2,297.4,308.4,1517,41.0,18,0,11.0,0.9473684210526315,62197.0,91718.15999999999
2,297.3,308.4,1434,44.8,21,0,11.099999999999966,0.9545454545454546,64243.2,91687.31999999999
0,297.3,308.3,1935,19.3,24,0,11.0,0.96,37345.5,91657.59000000001
2,297.3,308.3,1595,32.2,29,0,11.0,0.9666666666666667,51359.00000000001,91657.59000000001
1,297.3,308.3,2188,17.0,32,0,11.0,0.9696969696969697,37196.0,91657.59000000001
2,297.3,308.4,1449,44.4,34,0,11.099999999999966,0.9714285714285714,64335.6,91687.31999999999
1,297.3,308.3,1471,38.2,37,0,11.0,0.9736842105263158,56192.200000000004,91657.59000000001
1,297.4,308.2,1639,33.8,39,0,10.800000000000011,0.975,55398.2,91658.68
2,297.3,308.2,1846,24.5,41,0,10.899999999999977,0.9761904761904762,45227.0,91627.86
2,297.3,308.2,1452,38.2,44,0,10.899999999999977,0.9777777777777777,55466.4,91627.86
2,297.4,308.3,1483,41.9,47,0,10.900000000000034,0.9791666666666666,62137.7,91688.42
1,297.4,308.3,1284,60.3,50,0,10.900000000000034,0.9803921568627451,77425.2,91688.42
1,297.4,308.2,1419,50.0,52,0,10.800000000000011,0.9811320754716981,70950.0,91658.68
1,297.3,308.1,1763,28.4,54,0,10.800000000000011,0.9818181818181818,50069.2,91598.13
2,297.2,308.0,1478,42.5,56,0,10.800000000000011,0.9824561403508771,62815.0,91537.59999999999
1,297.3,308.0,1518,36.0,59,0,10.699999999999989,0.9833333333333333,54648.0,91568.40000000001
1,297.3,308.0,1447,49.0,61,0,10.699999999999989,0.9838709677419355,70903.0,91568.40000000001
2,297.4,308.0,1355,55.1,63,0,10.600000000000023,0.984375,74660.5,91599.2
1,297.4,308.1,1348,57.4,66,0,10.700000000000045,0.9850746268656716,77375.2,91628.94
1,297.4,308.1,1348,53.7,68,0,10.700000000000045,0.9855072463768116,72387.6,91628.94
2,297.4,308.1,1734,27.7,70,0,10.700000000000045,0.9859154929577465,48031.799999999996,91628.94
1,297.3,308.0,1420,46.5,73,0,10.699999999999989,0.9864864864864865,66030.0,91568.40000000001
1,297.3,307.9,1797,24.7,75,0,10.599999999999966,0.9868421052631579,44385.9,91538.67
2,297.3,308.0,1403,45.0,77,0,10.699999999999989,0.9871794871794872,63135.0,91568.40000000001
1,297.3,307.9,1628,30.2,80,0,10.599999999999966,0.9876543209876543,49165.6,91538.67
2,297.2,307.9,1687,30.4,82,0,10.699999999999989,0.9879518072289156,51284.799999999996,91507.87999999999
2,297.2,307.9,1456,44.9,85,0,10.699999999999989,0.9883720930232558,65374.4,91507.87999999999
1,297.1,307.9,1496,44.7,88,0,10.799999999999955,0.9887640449438202,66871.2,91477.09
1,297.1,307.8,1636,30.3,90,0,10.699999999999989,0.989010989010989,49570.8,91447.38
1,297.1,307.8,1536,40.4,92,0,10.699999999999989,0.989247311827957,62054.399999999994,91447.38
1,297.1,307.8,1454,50.6,94,0,10.699999999999989,0.9894736842105263,73572.40000000001,91447.38
1,297.0,307.8,1396,50.0,96,0,10.800000000000011,0.9896907216494846,69800.0,91416.6
1,297.0,307.6,1575,37.4,98,0,10.600000000000023,0.98989898989899,58905.0,91357.20000000001
1,296.9,307.6,1514,35.7,100,0,10.700000000000045,0.9900990099009901,54049.8,91326.44
2,296.8,307.4,1455,49.9,102,0,10.599999999999966,0.9902912621359223,72604.5,91236.31999999999
1,296.8,307.4,1549,48.3,105,0,10.599999999999966,0.9905660377358491,74816.7,91236.31999999999
1,296.8,307.5,1474,42.4,107,0,10.699999999999989,0.9907407407407407,62497.6,91266.0
0,296.7,307.4,1661,34.2,109,0,10.699999999999989,0.990909090909091,56806.200000000004,91205.57999999999
1,296.7,307.4,1535,34.6,114,0,10.699999999999989,0.991304347826087,53111.0,91205.57999999999
2,296.9,307.5,1556,31.2,116,0,10.600000000000023,0.9914529914529915,48547.2,91296.75
1,296.9,307.6,1435,45.0,119,0,10.700000000000045,0.9916666666666667,64575.0,91326.44
2,296.9,307.5,1332,51.1,121,0,10.600000000000023,0.9918032786885246,68065.2,91296.75
1,297.0,307.6,1513,42.4,124,0,10.600000000000023,0.992,64151.2,91357.20000000001
1,297.0,307.7,1502,39.4,126,0,10.699999999999989,0.9921259842519685,59178.799999999996,91386.9
1,297.0,307.7,1315,60.1,128,0,10.699999999999989,0.9922480620155039,79031.5,91386.9
2,297.0,307.7,1261,51.1,130,0,10.699999999999989,0.9923664122137404,64437.1,91386.9
1,297.1,307.8,1406,60.4,133,0,10.699999999999989,0.9925373134328358,84922.4,91447.38
1,297.1,307.8,1584,42.3,135,0,10.699999999999989,0.9926470588235294,67003.2,91447.38
2,297.1,307.8,1443,43.9,137,0,10.699999999999989,0.9927536231884058,63347.7,91447.38
1,297.2,307.9,1580,35.8,140,0,10.699999999999989,0.9929078014184397,56563.99999999999,91507.87999999999
1,297.2,307.9,1825,24.6,142,0,10.699999999999989,0.993006993006993,44895.0,91507.87999999999
1,297.2,307.9,1469,48.2,144,0,10.699999999999989,0.993103448275862,70805.8,91507.87999999999
1,297.2,307.9,1493,38.4,146,0,10.699999999999989,0.9931972789115646,57331.2,91507.87999999999
2,297.3,308.0,1598,29.4,148,0,10.699999999999989,0.9932885906040269,46981.2,91568.40000000001
0,297.2,307.9,1450,37.2,151,0,10.699999999999989,0.993421052631579,53940.00000000001,91507.87999999999
2,297.2,307.9,1632,37.5,156,0,10.699999999999989,0.9936305732484076,61200.0,91507.87999999999
2,297.1,307.9,1980,20.3,159,0,10.799999999999955,0.99375,40194.0,91477.09
1,297.2,308.0,1474,43.7,162,0,10.800000000000011,0.9938650306748467,64413.8,91537.59999999999
1,297.2,307.9,1540,37.1,164,0,10.699999999999989,0.9939393939393939,57134.0,91507.87999999999
2,297.1,307.9,1609,38.9,166,0,10.799999999999955,0.9940119760479041,62590.1,91477.09
1,297.1,308.0,1467,42.8,169,0,10.899999999999977,0.9941176470588236,62787.6,91506.8
1,297.1,307.9,1492,39.4,171,0,10.799999999999955,0.9941860465116279,58784.799999999996,91477.09
1,297.0,307.9,1493,46.1,173,0,10.899999999999977,0.9942528735632183,68827.3,91446.29999999999
1,297.0,307.8,1500,39.9,175,0,10.800000000000011,0.9943181818181818,59850.0,91416.6
1,297.1,307.8,1477,36.6,177,0,10.699999999999989,0.9943820224719101,54058.200000000004,91447.38
1,297.1,307.9,1342,49.1,179,0,10.799999999999955,0.9944444444444445,65892.2,91477.09
2,297.1,307.8,1538,34.3,181,0,10.699999999999989,0.9945054945054945,52753.399999999994,91447.38
1,297.2,307.9,1337,58.1,184,0,10.699999999999989,0.9945945945945946,77679.7,91507.87999999999
1,297.3,307.9,1417,41.8,186,0,10.599999999999966,0.9946524064171123,59230.6,91538.67
1,297.4,308.0,1383,46.2,188,0,10.600000000000023,0.9947089947089947,63894.600000000006,91599.2
2,297.4,308.0,1440,42.4,190,0,10.600000000000023,0.9947643979057592,61056.0,91599.2
1,297.3,307.9,1579,34.4,193,0,10.599999999999966,0.9948453608247423,54317.6,91538.67
1,297.2,307.9,1441,40.0,195,0,10.699999999999989,0.9948979591836735,57640.0,91507.87999999999
2,297.2,307.9,1530,35.9,197,0,10.699999999999989,0.9949494949494949,54927.0,91507.87999999999
1,297.2,308.0,1705,26.0,200,0,10.800000000000011,0.9950248756218906,44330.0,91537.59999999999
0,297.2,308.0,1435,43.0,202,0,10.800000000000011,0.9950738916256158,61705.0,91537.59999999999
2,297.2,308.1,1340,61.3,207,1,10.900000000000034,0.9951923076923077,82142.0,91567.32
1,297.2,308.1,1431,49.7,210,1,10.900000000000034,0.995260663507109,71120.7,91567.32
1,297.3,308.2,1396,52.7,212,1,10.899999999999977,0.9953051643192489,73569.2,91627.86
2,297.3,308.1,1369,52.0,214,0,10.800000000000011,0.9953488372093023,71188.0,91598.13
1,297.3,308.1,1615,35.4,217,1,10.800000000000011,0.9954128440366973,57171.0,91598.13
1,297.2,308.1,1662,31.3,0,0,10.900000000000034,0.0,52020.6,91567.32
1,297.3,308.2,1553,33.5,2,0,10.899999999999977,0.6666666666666666,52025.5,91627.86
2,297.4,308.2,1536,34.6,4,0,10.800000000000011,0.8,53145.600000000006,91658.68
1,297.4,308.3,1548,46.6,7,0,10.900000000000034,0.875,72136.8,91688.42
1,297.4,308.3,1706,30.9,9,0,10.900000000000034,0.9,52715.399999999994,91688.42
1,297.4,308.3,1366,45.5,11,0,10.900000000000034,0.9166666666666666,62153.0,91688.42
1,297.5,308.4,1440,35.9,13,0,10.899999999999977,0.9285714285714286,51696.0,91749.0
2,297.5,308.4,1685,28.1,15,0,10.899999999999977,0.9375,47348.5,91749.0
2,297.4,308.3,1444,44.0,18,0,10.900000000000034,0.9473684210526315,63536.0,91688.42
1,297.4,308.3,1395,48.7,21,0,10.900000000000034,0.9545454545454546,67936.5,91688.42
1,297.4,308.3,1483,38.8,23,0,10.900000000000034,0.9583333333333334,57540.399999999994,91688.42
2,297.5,308.4,1403,44.3,25,0,10.899999999999977,0.9615384615384616,62152.899999999994,91749.0
0,297.5,308.4,1793,23.9,28,0,10.899999999999977,0.9655172413793104,42852.7,91749.0
1,297.4,308.3,1723,28.8,33,0,10.900000000000034,0.9705882352941176,49622.4,91688.42
1,297.4,308.2,1386,41.0,35,0,10.800000000000011,0.9722222222222222,56826.0,91658.68
0,297.4,308.2,1585,46.2,37,0,10.800000000000011,0.9736842105263158,73227.0,91658.68
2,297.3,308.1,1731,27.7,42,0,10.800000000000011,0.9767441860465116,47948.7,91598.13
1,297.3,308.3,1519,37.7,45,0,11.0,0.9782608695652174,57266.3,91657.59000000001
1,297.3,308.2,1896,24.4,47,0,10.899999999999977,0.9791666666666666,46262.399999999994,91627.86
1,297.3,308.3,2358,14.9,49,0,11.0,0.98,35134.200000000004,91657.59000000001
2,297.3,308.3,1341,51.9,51,0,11.0,0.9807692307692307,69597.9,91657.59000000001
1,297.3,308.3,1550,37.0,54,0,11.0,0.9818181818181818,57350.0,91657.59000000001
1,297.3,308.3,1309,61.5,56,0,11.0,0.9824561403508771,80503.5,91657.59000000001
2,297.3,308.4,1599,32.9,58,0,11.099999999999966,0.9830508474576272,52607.1,91687.31999999999
1,297.4,308.4,1343,40.0,61,0,11.0,0.9838709677419355,53720.0,91718.15999999999
1,297.4,308.4,1378,39.9,63,0,11.0,0.984375,54982.2,91718.15999999999
1,297.4,308.4,1603,34.6,65,0,11.0,0.9848484848484849,55463.8,91718.15999999999
1,297.4,308.4,1664,28.1,67,0,11.0,0.9852941176470589,46758.4,91718.15999999999
1,297.3,308.4,1488,37.4,69,0,11.099999999999966,0.9857142857142858,55651.2,91687.31999999999
2,297.3,308.4,1370,50.5,71,0,11.099999999999966,0.9861111111111112,69185.0,91687.31999999999
1,297.3,308.5,1545,34.3,74,0,11.199999999999989,0.9866666666666667,52993.49999999999,91717.05
2,297.4,308.5,1566,31.4,76,0,11.100000000000023,0.987012987012987,49172.399999999994,91747.9
1,297.4,308.6,1820,24.6,79,0,11.200000000000045,0.9875,44772.0,91777.64
2,297.4,308.6,1901,22.1,81,0,11.200000000000045,0.9878048780487805,42012.100000000006,91777.64
2,297.4,308.5,1638,32.2,84,0,11.100000000000023,0.9882352941176471,52743.600000000006,91747.9
2,297.3,308.4,1521,38.2,87,0,11.099999999999966,0.9886363636363636,58102.200000000004,91687.31999999999
0,297.3,308.4,1864,23.1,90,0,11.099999999999966,0.989010989010989,43058.4,91687.31999999999
1,297.3,308.3,1430,41.9,95,0,11.0,0.9895833333333334,59917.0,91657.59000000001
2,297.3,308.4,1686,34.5,97,0,11.099999999999966,0.9897959183673469,58167.0,91687.31999999999
2,297.2,308.3,1326,57.2,100,0,11.100000000000023,0.9900990099009901,75847.2,91626.76
1,297.2,308.3,1805,25.6,103,0,11.100000000000023,0.9903846153846154,46208.0,91626.76
0,297.2,308.3,1453,45.8,105,0,11.100000000000023,0.9905660377358491,66547.4,91626.76
2,297.2,308.4,1863,26.0,110,0,11.199999999999989,0.990990990990991,48438.0,91656.48
1,297.2,308.3,1576,35.3,113,0,11.100000000000023,0.9912280701754386,55632.799999999996,91626.76
1,297.2,308.3,1419,39.7,115,0,11.100000000000023,0.9913793103448276,56334.3,91626.76
1,297.2,308.4,1833,25.2,117,0,11.199999999999989,0.9915254237288136,46191.6,91656.48
0,297.2,308.4,2182,17.3,119,0,11.199999999999989,0.9916666666666667,37748.6,91656.48
1,297.2,308.3,1656,30.3,124,0,11.100000000000023,0.992,50176.8,91626.76
1,297.1,308.2,1351,56.6,126,0,11.099999999999966,0.9921259842519685,76466.6,91566.22
0,297.1,308.2,1790,30.3,128,0,11.099999999999966,0.9922480620155039,54237.0,91566.22
2,297.2,308.2,1678,28.1,133,0,11.0,0.9925373134328358,47151.8,91597.04
1,297.1,308.2,1427,45.2,136,0,11.099999999999966,0.9927007299270073,64500.4,91566.22
1,297.0,308.1,1429,54.0,138,0,11.100000000000023,0.9928057553956835,77166.0,91505.70000000001
0,297.2,308.1,1770,27.2,140,0,10.900000000000034,0.9929078014184397,48144.0,91567.32
1,297.2,308.1,1689,31.2,145,0,10.900000000000034,0.9931506849315068,52696.799999999996,91567.32
2,297.2,308.1,1554,41.3,147,0,10.900000000000034,0.9932432432432432,64180.2,91567.32
1,297.3,308.1,1506,36.0,150,0,10.800000000000011,0.9933774834437086,54216.0,91598.13
1,297.2,308.1,1474,44.3,152,0,10.900000000000034,0.9934640522875817,65298.2,91567.32
1,297.3,308.1,1762,26.1,154,0,10.800000000000011,0.9935483870967742,45988.200000000004,91598.13
1,297.3,308.1,1566,35.7,156,0,10.800000000000011,0.9936305732484076,55906.200000000004,91598.13
0,297.3,308.1,1554,42.4,158,0,10.800000000000011,0.9937106918238994,65889.59999999999,91598.13
1,297.2,308.0,1869,25.4,163,0,10.800000000000011,0.9939024390243902,47472.6,91537.59999999999
1,297.3,308.0,1527,35.1,165,0,10.699999999999989,0.9939759036144579,53597.700000000004,91568.40000000001
1,297.2,307.9,1309,49.6,167,0,10.699999999999989,0.9940476190476191,64926.4,91507.87999999999
2,297.2,307.9,1541,35.7,169,0,10.699999999999989,0.9941176470588236,55013.700000000004,91507.87999999999
1,297.2,307.9,1326,75.4,172,1,10.699999999999989,0.9942196531791907,99980.40000000001,91507.87999999999
0,297.1,307.9,1365,54.0,174,0,10.799999999999955,0.9942857142857143,73710.0,91477.09
1,297.1,307.8,1428,43.7,179,0,10.699999999999989,0.9944444444444445,62403.600000000006,91447.38
1,297.1,307.8,1681,27.6,181,0,10.699999999999989,0.9945054945054945,46395.600000000006,91447.38
2,297.1,307.9,1662,26.9,183,0,10.799999999999955,0.9945652173913043,44707.799999999996,91477.09
1,297.2,307.9,1989,20.3,186,0,10.699999999999989,0.9946524064171123,40376.700000000004,91507.87999999999
2,297.2,307.9,1747,29.0,188,0,10.699999999999989,0.9947089947089947,50663.0,91507.87999999999
2,297.2,308.0,1765,31.1,191,0,10.800000000000011,0.9947916666666666,54891.5,91537.59999999999
1,297.3,308.1,1568,34.4,194,0,10.800000000000011,0.9948717948717949,53939.2,91598.13
2,297.3,308.1,1709,30.6,196,0,10.800000000000011,0.9949238578680203,52295.4,91598.13
2,297.3,308.1,1370,58.8,199,0,10.800000000000011,0.995,80556.0,91598.13
1,297.3,308.1,1458,45.7,202,0,10.800000000000011,0.9950738916256158,66630.6,91598.13
1,297.2,308.1,1712,30.9,204,0,10.900000000000034,0.9951219512195122,52900.799999999996,91567.32
1,297.3,308.1,1642,36.9,206,0,10.800000000000011,0.9951690821256038,60589.799999999996,91598.13
1,297.3,308.1,1468,49.8,0,0,10.800000000000011,0.0,73106.4,91598.13
0,297.3,308.1,1477,52.3,2,0,10.800000000000011,0.6666666666666666,77247.09999999999,91598.13
1,297.3,308.2,1446,53.5,7,0,10.899999999999977,0.875,77361.0,91627.86
0,297.3,308.2,1653,31.4,9,0,10.899999999999977,0.9,51904.2,91627.86
1,297.3,308.3,1494,38.2,14,0,11.0,0.9333333333333333,57070.8,91657.59000000001
1,297.3,308.2,1490,41.0,16,0,10.899999999999977,0.9411764705882353,61090.0,91627.86
2,297.4,308.3,1550,47.8,18,0,10.900000000000034,0.9473684210526315,74090.0,91688.42
2,297.3,308.2,1677,34.9,21,0,10.899999999999977,0.9545454545454546,58527.299999999996,91627.86
1,297.4,308.3,1854,21.8,24,0,10.900000000000034,0.96,40417.200000000004,91688.42
2,297.5,308.5,1662,30.3,26,0,11.0,0.9629629629629629,50358.6,91778.75
2,297.5,308.6,1440,38.8,29,0,11.100000000000023,0.9666666666666667,55871.99999999999,91808.5
1,297.5,308.6,1513,39.7,32,0,11.100000000000023,0.9696969696969697,60066.100000000006,91808.5
2,297.6,308.6,1389,49.0,34,0,11.0,0.9714285714285714,68061.0,91839.36000000002
1,297.6,308.6,1351,51.0,37,0,11.0,0.9736842105263158,68901.0,91839.36000000002
2,297.6,308.6,1482,38.3,39,0,11.0,0.975,56760.6,91839.36000000002
1,297.6,308.6,1744,28.5,42,0,11.0,0.9767441860465116,49704.0,91839.36000000002
1,297.6,308.7,1476,39.0,44,0,11.099999999999966,0.9777777777777777,57564.0,91869.12000000001
2,297.6,308.6,1444,48.2,46,0,11.0,0.9787234042553191,69600.8,91839.36000000002
0,297.6,308.7,1659,32.1,49,0,11.099999999999966,0.98,53253.9,91869.12000000001
2,297.6,308.7,1475,46.6,54,0,11.099999999999966,0.9818181818181818,68735.0,91869.12000000001
1,297.6,308.6,1526,42.1,57,0,11.0,0.9827586206896551,64244.6,91839.36000000002
2,297.4,308.4,1675,29.5,59,0,11.0,0.9833333333333333,49412.5,91718.15999999999
1,297.4,308.4,1525,38.7,62,0,11.0,0.9841269841269841,59017.50000000001,91718.15999999999
1,297.3,308.3,1396,45.9,64,0,11.0,0.9846153846153847,64076.4,91657.59000000001
1,297.4,308.4,1580,41.2,66,0,11.0,0.9850746268656716,65096.00000000001,91718.15999999999
1,297.4,308.5,1462,42.8,68,0,11.100000000000023,0.9855072463768116,62573.6,91747.9
1,297.4,308.4,1426,50.4,70,0,11.0,0.9859154929577465,71870.4,91718.15999999999
1,297.4,308.5,1569,34.2,72,0,11.100000000000023,0.9863013698630136,53659.8,91747.9
1,297.4,308.5,1477,40.7,74,0,11.100000000000023,0.9866666666666667,60113.9,91747.9
1,297.4,308.5,1761,27.2,76,0,11.100000000000023,0.987012987012987,47899.2,91747.9
2,297.5,308.6,1486,45.9,78,0,11.100000000000023,0.9873417721518988,68207.4,91808.5
1,297.6,308.6,1664,30.1,81,0,11.0,0.9878048780487805,50086.4,91839.36000000002
1,297.6,308.6,1576,32.7,83,0,11.0,0.9880952380952381,51535.200000000004,91839.36000000002
0,297.6,308.6,1463,46.7,85,0,11.0,0.9883720930232558,68322.1,91839.36000000002
2,297.6,308.6,1585,42.0,90,0,11.0,0.989010989010989,66570.0,91839.36000000002
1,297.7,308.7,1479,45.7,93,0,11.0,0.9893617021276596,67590.3,91899.98999999999
1,297.7,308.7,1449,40.2,95,0,11.0,0.9895833333333334,58249.8,91899.98999999999
0,297.7,308.8,1404,50.3,97,0,11.100000000000023,0.9897959183673469,70621.2,91929.76
1,297.7,308.7,1694,29.1,102,0,11.0,0.9902912621359223,49295.4,91899.98999999999
1,297.7,308.7,1731,28.4,104,0,11.0,0.9904761904761905,49160.399999999994,91899.98999999999
1,297.6,308.6,1522,37.0,106,0,11.0,0.9906542056074766,56314.0,91839.36000000002
1,297.5,308.5,1536,36.9,108,0,11.0,0.9908256880733946,56678.399999999994,91778.75
1,297.5,308.5,1373,39.9,110,0,11.0,0.990990990990991,54782.7,91778.75
1,297.5,308.5,1597,36.4,112,0,11.0,0.9911504424778761,58130.799999999996,91778.75
1,297.6,308.5,1678,34.2,114,0,10.899999999999977,0.991304347826087,57387.600000000006,91809.6
1,297.6,308.5,1452,42.6,116,0,10.899999999999977,0.9914529914529915,61855.200000000004,91809.6
2,297.5,308.5,1447,41.6,118,0,11.0,0.9915966386554622,60195.200000000004,91778.75
1,297.6,308.5,1574,37.1,121,0,10.899999999999977,0.9918032786885246,58395.4,91809.6
1,297.6,308.6,1528,40.0,123,0,11.0,0.9919354838709677,61120.0,91839.36000000002
1,297.7,308.7,1688,27.2,125,0,11.0,0.9920634920634921,45913.6,91899.98999999999
1,297.6,308.6,1393,40.4,127,0,11.0,0.9921875,56277.2,91839.36000000002
2,297.5,308.6,1429,50.5,129,0,11.100000000000023,0.9923076923076923,72164.5,91808.5
2,297.5,308.6,1347,57.0,132,0,11.100000000000023,0.9924812030075187,76779.0,91808.5
1,297.6,308.6,1553,40.5,135,0,11.0,0.9926470588235294,62896.5,91839.36000000002
1,297.5,308.6,1260,53.6,137,0,11.100000000000023,0.9927536231884058,67536.0,91808.5
1,297.5,308.6,1546,33.8,139,0,11.100000000000023,0.9928571428571429,52254.799999999996,91808.5
1,297.5,308.6,1596,36.0,141,0,11.100000000000023,0.9929577464788732,57456.0,91808.5
1,297.5,308.5,1340,57.4,143,0,11.0,0.9930555555555556,76916.0,91778.75
2,297.5,308.4,1369,54.8,145,0,10.899999999999977,0.9931506849315068,75021.2,91749.0
1,297.5,308.5,1462,52.3,148,0,11.0,0.9932885906040269,76462.59999999999,91778.75
0,297.4,308.4,1487,46.2,150,0,11.0,0.9933774834437086,68699.40000000001,91718.15999999999
2,297.5,308.6,1510,35.5,155,0,11.100000000000023,0.9935897435897436,53605.0,91808.5
0,297.5,308.5,1671,28.0,158,0,11.0,0.9937106918238994,46788.0,91778.75
2,297.5,308.5,1612,30.0,163,0,11.0,0.9939024390243902,48360.0,91778.75
2,297.6,308.6,1509,39.7,166,0,11.0,0.9940119760479041,59907.3,91839.36000000002
1,297.6,308.6,1415,47.3,169,0,11.0,0.9941176470588236,66929.5,91839.36000000002
1,297.6,308.6,2384,14.4,171,0,11.0,0.9941860465116279,34329.6,91839.36000000002
1,297.6,308.6,1326,62.4,173,0,11.0,0.9942528735632183,82742.4,91839.36000000002
2,297.6,308.6,1390,53.4,175,0,11.0,0.9943181818181818,74226.0,91839.36000000002
2,297.6,308.7,1392,41.2,178,0,11.099999999999966,0.994413407821229,57350.4,91869.12000000001
0,297.6,308.8,1385,44.4,181,0,11.199999999999989,0.9945054945054945,61494.0,91898.88
1,297.7,308.8,1896,24.5,186,0,11.100000000000023,0.9946524064171123,46452.0,91929.76
1,297.7,308.7,1474,46.8,188,0,11.0,0.9947089947089947,68983.2,91899.98999999999
2,297.7,308.8,1388,45.6,190,0,11.100000000000023,0.9947643979057592,63292.8,91929.76
1,297.7,308.9,1715,27.2,193,0,11.199999999999989,0.9948453608247423,46648.0,91959.52999999998
0,297.8,308.9,1650,32.2,195,0,11.099999999999966,0.9948979591836735,53130.00000000001,91990.42
1,297.8,308.9,1871,25.6,200,1,11.099999999999966,0.9950248756218906,47897.600000000006,91990.42
1,297.8,309.0,1403,64.2,0,1,11.199999999999989,0.0,90072.6,92020.2
1,297.8,308.9,1518,40.4,2,0,11.099999999999966,0.6666666666666666,61327.2,91990.42
1,297.9,309.1,1504,43.0,4,0,11.200000000000045,0.8,64672.0,92080.89
1,297.8,309.0,1340,56.9,6,0,11.199999999999989,0.8571428571428571,76246.0,92020.2
0,297.9,309.1,1435,44.7,8,0,11.200000000000045,0.8888888888888888,64144.50000000001,92080.89
1,297.9,309.1,1507,36.9,13,0,11.200000000000045,0.9285714285714286,55608.299999999996,92080.89
1,297.9,309.1,1521,36.1,15,0,11.200000000000045,0.9375,54908.1,92080.89
2,297.8,309.0,1576,45.0,17,0,11.199999999999989,0.9444444444444444,70920.0,92020.2
1,297.9,309.1,1543,36.6,20,0,11.200000000000045,0.9523809523809523,56473.8,92080.89
1,298.0,309.2,1665,36.6,22,0,11.199999999999989,0.9565217391304348,60939.0,92141.59999999999
1,297.9,309.1,1442,50.3,24,0,11.200000000000045,0.96,72532.59999999999,92080.89
1,297.9,309.0,1629,29.0,26,0,11.100000000000023,0.9629629629629629,47241.0,92051.09999999999
1,297.9,309.0,1379,47.3,28,0,11.100000000000023,0.9655172413793104,65226.7,92051.09999999999
1,297.9,309.0,1502,40.2,30,0,11.100000000000023,0.967741935483871,60380.4,92051.09999999999
1,297.9,309.1,1595,32.0,32,0,11.200000000000045,0.9696969696969697,51040.0,92080.89
2,298.0,309.0,1439,38.5,34,0,11.0,0.9714285714285714,55401.5,92082.0
2,297.9,309.0,1970,21.6,37,0,11.100000000000023,0.9736842105263158,42552.0,92051.09999999999
1,297.9,309.0,1562,35.8,40,0,11.100000000000023,0.975609756097561,55919.6,92051.09999999999
2,297.9,309.0,1530,40.9,42,0,11.100000000000023,0.9767441860465116,62577.0,92051.09999999999
1,297.9,308.9,1393,40.6,45,0,11.0,0.9782608695652174,56555.8,92021.30999999998
1,297.9,309.0,1532,37.6,47,0,11.100000000000023,0.9791666666666666,57603.200000000004,92051.09999999999
1,298.0,308.9,1607,37.7,49,0,10.899999999999977,0.98,60583.9,92052.2
2,297.9,308.8,1469,49.0,51,0,10.900000000000034,0.9807692307692307,71981.0,91991.51999999999
2,297.9,308.8,1538,37.6,54,0,10.900000000000034,0.9818181818181818,57828.8,91991.51999999999
1,297.9,308.8,1613,31.4,57,0,10.900000000000034,0.9827586206896551,50648.2,91991.51999999999
2,297.9,308.8,1602,32.1,59,0,10.900000000000034,0.9833333333333333,51424.200000000004,91991.51999999999
1,297.8,308.7,1404,44.2,62,0,10.899999999999977,0.9841269841269841,62056.8,91930.86
1,297.8,308.8,1548,36.9,64,0,11.0,0.9846153846153847,57121.2,91960.64000000001
1,297.8,308.8,1559,35.2,66,0,11.0,0.9850746268656716,54876.8,91960.64000000001
1,297.8,308.8,1621,36.1,68,0,11.0,0.9855072463768116,58518.100000000006,91960.64000000001
1,297.8,308.8,1579,32.9,70,0,11.0,0.9859154929577465,51949.1,91960.64000000001
2,297.9,308.9,1547,44.0,72,0,11.0,0.9863013698630136,68068.0,92021.30999999998
1,297.9,308.8,1386,48.6,75,0,10.900000000000034,0.9868421052631579,67359.6,91991.51999999999
1,298.0,308.9,1406,40.9,77,0,10.899999999999977,0.9871794871794872,57505.4,92052.2
2,298.0,309.0,1393,55.9,79,0,11.0,0.9875,77868.7,92082.0
2,297.9,309.0,2456,13.9,82,0,11.100000000000023,0.9879518072289156,34138.4,92051.09999999999
2,298.0,309.0,1409,49.1,85,0,11.0,0.9883720930232558,69181.90000000001,92082.0
1,298.0,308.9,1390,53.9,88,0,10.899999999999977,0.9887640449438202,74921.0,92052.2
1,298.0,309.0,1679,32.4,90,0,11.0,0.989010989010989,54399.6,92082.0
1,298.0,308.9,1508,37.1,92,0,10.899999999999977,0.989247311827957,55946.8,92052.2
1,297.9,308.8,1681,31.7,94,0,10.900000000000034,0.9894736842105263,53287.7,91991.51999999999
0,297.7,308.8,1469,43.7,96,0,11.100000000000023,0.9896907216494846,64195.3,91929.76
1,297.8,308.8,1421,49.6,101,0,11.0,0.9901960784313726,70481.6,91960.64000000001
1,297.7,308.8,1354,50.2,103,0,11.100000000000023,0.9903846153846154,67970.8,91929.76
2,297.7,308.8,1350,57.0,105,0,11.100000000000023,0.9905660377358491,76950.0,91929.76
1,297.8,308.9,1282,58.1,108,0,11.099999999999966,0.9908256880733946,74484.2,91990.42
2,297.8,309.0,1675,30.0,110,0,11.199999999999989,0.990990990990991,50250.0,92020.2
2,297.9,309.0,1525,38.5,113,0,11.100000000000023,0.9912280701754386,58712.5,92051.09999999999
1,297.9,309.0,1382,43.9,116,0,11.100000000000023,0.9914529914529915,60669.799999999996,92051.09999999999
1,297.9,309.0,1450,46.8,118,0,11.100000000000023,0.9915966386554622,67860.0,92051.09999999999
1,298.0,309.1,1820,23.6,120,0,11.100000000000023,0.9917355371900827,42952.0,92111.8
1,298.0,309.1,1822,23.5,122,0,11.100000000000023,0.991869918699187,42817.0,92111.8
1,298.0,309.1,1473,44.3,124,0,11.100000000000023,0.992,65253.899999999994,92111.8
2,298.1,309.1,1572,37.5,126,0,11.0,0.9921259842519685,58950.0,92142.71000000002
2,298.1,309.0,2042,17.8,129,0,10.899999999999977,0.9923076923076923,36347.6,92112.90000000001
1,298.2,309.2,1922,22.6,132,0,11.0,0.9924812030075187,43437.200000000004,92203.43999999999
1,298.2,309.1,1539,36.5,134,0,10.900000000000034,0.9925925925925926,56173.5,92173.62000000001
1,298.2,309.1,1350,52.0,136,0,10.900000000000034,0.9927007299270073,70200.0,92173.62000000001
1,298.3,309.1,1403,45.1,138,0,10.800000000000011,0.9928057553956835,63275.3,92204.53000000001
1,298.3,309.1,1904,20.3,140,0,10.800000000000011,0.9929078014184397,38651.200000000004,92204.53000000001
2,298.2,308.9,1592,35.2,142,0,10.699999999999989,0.993006993006993,56038.4,92113.98
1,298.1,308.7,1556,31.6,145,0,10.599999999999966,0.9931506849315068,49169.600000000006,92023.47
2,298.1,308.8,1811,25.4,147,0,10.699999999999989,0.9932432432432432,45999.399999999994,92053.28000000001
2,298.2,308.8,1456,41.2,150,0,10.600000000000023,0.9933774834437086,59987.200000000004,92084.16
0,298.2,308.8,1436,51.9,153,0,10.600000000000023,0.9935064935064936,74528.4,92084.16
2,298.1,308.7,1362,49.6,158,0,10.599999999999966,0.9937106918238994,67555.2,92023.47
1,298.1,308.7,1683,29.1,161,0,10.599999999999966,0.9938271604938271,48975.3,92023.47
2,298.2,308.7,1269,60.9,163,0,10.5,0.9939024390243902,77282.09999999999,92054.34
1,298.3,308.8,1454,49.0,166,0,10.5,0.9940119760479041,71246.0,92115.04000000001
1,298.3,308.8,1767,27.3,168,0,10.5,0.9940828402366864,48239.1,92115.04000000001
1,298.3,308.9,1708,27.3,170,0,10.599999999999966,0.9941520467836257,46628.4,92144.87
1,298.3,308.9,1862,27.0,172,0,10.599999999999966,0.9942196531791907,50274.0,92144.87
1,298.3,308.9,1695,30.7,174,0,10.599999999999966,0.9942857142857143,52036.5,92144.87
2,298.3,309.1,1488,40.6,176,0,10.800000000000011,0.9943502824858758,60412.8,92204.53000000001
1,298.3,309.0,1657,32.2,179,0,10.699999999999989,0.9944444444444445,53355.4,92174.7
0,298.3,309.0,1823,25.9,181,0,10.699999999999989,0.9945054945054945,47215.7,92174.7
2,298.2,309.1,1651,28.8,186,0,10.900000000000034,0.9946524064171123,47548.8,92173.62000000001
2,298.1,309.0,1533,36.1,189,0,10.899999999999977,0.9947368421052631,55341.3,92112.90000000001
2,298.2,309.0,1508,40.5,192,0,10.800000000000011,0.9948186528497409,61074.0,92143.8
1,298.3,309.1,1616,31.1,195,0,10.800000000000011,0.9948979591836735,50257.600000000006,92204.53000000001
1,298.2,309.0,1651,31.5,197,0,10.800000000000011,0.9949494949494949,52006.5,92143.8
1,298.2,309.1,1569,35.2,199,0,10.900000000000034,0.995,55228.8,92173.62000000001
2,298.3,309.1,1296,58.7,201,0,10.800000000000011,0.995049504950495,76075.2,92204.53000000001
0,298.3,309.0,1379,43.2,0,0,10.699999999999989,0.0,59572.8,92174.7
2,298.2,309.0,1694,28.0,5,0,10.800000000000011,0.8333333333333334,47432.0,92143.8
1,298.2,309.0,1377,57.8,8,0,10.800000000000011,0.8888888888888888,79590.59999999999,92143.8
0,298.3,309.0,1470,38.4,10,0,10.699999999999989,0.9090909090909091,56448.0,92174.7
2,298.3,309.1,1404,47.0,15,0,10.800000000000011,0.9375,65988.0,92204.53000000001
1,298.3,309.1,1593,40.1,18,0,10.800000000000011,0.9473684210526315,63879.3,92204.53000000001
2,298.3,309.0,1526,36.9,20,0,10.699999999999989,0.9523809523809523,56309.4,92174.7
2,298.3,308.9,1390,49.7,23,0,10.599999999999966,0.9583333333333334,69083.0,92144.87
1,298.2,308.9,1737,25.5,26,0,10.699999999999989,0.9629629629629629,44293.5,92113.98
1,298.2,308.8,1362,57.3,28,0,10.600000000000023,0.9655172413793104,78042.59999999999,92084.16
1,298.2,308.8,1666,31.5,30,0,10.600000000000023,0.967741935483871,52479.0,92084.16
1,298.2,308.8,1354,60.9,32,0,10.600000000000023,0.9696969696969697,82458.59999999999,92084.16
1,298.2,308.8,1302,60.4,34,0,10.600000000000023,0.9714285714285714,78640.8,92084.16
1,298.2,308.7,1991,20.5,36,0,10.5,0.972972972972973,40815.5,92054.34
1,298.2,308.6,1353,54.1,38,0,10.400000000000034,0.9743589743589743,73197.3,92024.52
0,298.2,308.7,1520,35.7,40,0,10.5,0.975609756097561,54264.00000000001,92054.34
1,298.2,308.7,1428,54.9,45,0,10.5,0.9782608695652174,78397.2,92054.34
1,298.2,308.7,1605,29.4,47,0,10.5,0.9791666666666666,47187.0,92054.34
1,298.1,308.7,1691,30.3,49,0,10.599999999999966,0.98,51237.3,92023.47
1,298.2,308.7,1447,48.4,51,0,10.5,0.9807692307692307,70034.8,92054.34
0,298.2,308.8,1606,39.9,53,0,10.600000000000023,0.9814814814814815,64079.399999999994,92084.16
2,298.2,308.8,1645,28.2,58,0,10.600000000000023,0.9830508474576272,46389.0,92084.16
0,298.2,308.8,1470,43.3,61,0,10.600000000000023,0.9838709677419355,63650.99999999999,92084.16
1,298.2,308.9,1336,45.0,66,0,10.699999999999989,0.9850746268656716,60120.0,92113.98
2,298.2,308.9,1414,44.3,68,0,10.699999999999989,0.9855072463768116,62640.2,92113.98
2,298.3,309.0,1802,27.5,71,0,10.699999999999989,0.9861111111111112,49555.0,92174.7
1,298.2,308.9,1683,31.7,74,0,10.699999999999989,0.9866666666666667,53351.1,92113.98
2,298.2,309.0,1410,47.6,76,0,10.800000000000011,0.987012987012987,67116.0,92143.8
1,298.2,308.9,1605,32.0,79,0,10.699999999999989,0.9875,51360.0,92113.98
1,298.2,308.9,1709,28.1,81,0,10.699999999999989,0.9878048780487805,48022.9,92113.98
1,298.2,308.9,1444,53.1,83,0,10.699999999999989,0.9880952380952381,76676.40000000001,92113.98
1,298.2,308.9,1367,45.0,85,0,10.699999999999989,0.9883720930232558,61515.0,92113.98
1,298.2,309.0,1418,44.2,87,0,10.800000000000011,0.9886363636363636,62675.600000000006,92143.8
1,298.2,309.0,1353,57.8,89,0,10.800000000000011,0.9888888888888889,78203.4,92143.8
1,298.2,309.0,1643,34.1,91,0,10.800000000000011,0.9891304347826086,56026.3,92143.8
1,298.3,309.1,1437,38.0,93,0,10.800000000000011,0.9893617021276596,54606.0,92204.53000000001
1,298.1,309.0,1437,36.2,95,0,10.899999999999977,0.9895833333333334,52019.4,92112.90000000001
2,298.2,309.0,1413,47.9,97,0,10.800000000000011,0.9897959183673469,67682.7,92143.8
0,298.2,309.0,1524,39.1,100,0,10.800000000000011,0.9900990099009901,59588.4,92143.8
2,298.1,308.9,1479,43.4,105,0,10.799999999999955,0.9905660377358491,64188.6,92083.09
1,298.1,308.9,1313,50.6,108,0,10.799999999999955,0.9908256880733946,66437.8,92083.09
2,298.1,308.9,1335,50.4,110,0,10.799999999999955,0.990990990990991,67284.0,92083.09
1,298.1,308.9,1367,41.9,113,0,10.799999999999955,0.9912280701754386,57277.299999999996,92083.09
2,298.1,308.9,1459,50.3,115,0,10.799999999999955,0.9913793103448276,73387.7,92083.09
2,298.1,308.9,1804,25.1,118,0,10.799999999999955,0.9915966386554622,45280.4,92083.09
1,298.2,309.0,1491,38.3,121,0,10.800000000000011,0.9918032786885246,57105.299999999996,92143.8
1,298.3,309.1,1537,43.0,123,0,10.800000000000011,0.9919354838709677,66091.0,92204.53000000001
0,298.3,309.1,1646,30.2,125,0,10.800000000000011,0.9920634920634921,49709.2,92204.53000000001
2,298.3,309.2,1783,28.3,130,0,10.899999999999977,0.9923664122137404,50458.9,92234.36
1,298.3,309.1,1395,49.8,133,0,10.800000000000011,0.9925373134328358,69471.0,92204.53000000001
1,298.4,309.1,1423,48.0,135,0,10.700000000000045,0.9926470588235294,68304.0,92235.44
1,298.3,309.2,1562,37.6,137,0,10.899999999999977,0.9927536231884058,58731.200000000004,92234.36
1,298.4,309.3,1549,40.8,139,0,10.900000000000034,0.9928571428571429,63199.2,92295.12
1,298.4,309.4,1540,43.2,141,0,11.0,0.9929577464788732,66528.0,92324.95999999999
0,298.5,309.4,1573,33.6,143,0,10.899999999999977,0.9930555555555556,52852.8,92355.9
1,298.5,309.4,1418,45.1,148,0,10.899999999999977,0.9932885906040269,63951.8,92355.9
2,298.5,309.4,1565,33.7,150,0,10.899999999999977,0.9933774834437086,52740.50000000001,92355.9
1,298.5,309.5,1569,41.0,153,0,11.0,0.9935064935064936,64329.0,92385.75
0,298.5,309.4,1417,41.2,155,0,10.899999999999977,0.9935897435897436,58380.4,92355.9
1,298.5,309.5,1480,38.1,160,0,11.0,0.9937888198757764,56388.0,92385.75
1,298.5,309.4,1364,44.5,162,0,10.899999999999977,0.9938650306748467,60698.0,92355.9
1,298.5,309.4,1911,21.5,164,0,10.899999999999977,0.9939393939393939,41086.5,92355.9
1,298.4,309.3,1409,43.1,166,0,10.900000000000034,0.9940119760479041,60727.9,92295.12
1,298.4,309.2,1335,53.5,168,0,10.800000000000011,0.9940828402366864,71422.5,92265.27999999998
2,298.5,309.3,1512,38.1,170,0,10.800000000000011,0.9941520467836257,57607.200000000004,92326.05
1,298.6,309.4,1447,40.2,173,0,10.799999999999955,0.9942528735632183,58169.4,92386.84
1,298.6,309.3,1537,37.6,175,0,10.699999999999989,0.9943181818181818,57791.200000000004,92356.98000000001
2,298.6,309.3,1510,40.8,177,0,10.699999999999989,0.9943820224719101,61607.99999999999,92356.98000000001
1,298.6,309.3,1677,31.2,180,0,10.699999999999989,0.994475138121547,52322.4,92356.98000000001
1,298.5,309.2,1504,33.7,182,0,10.699999999999989,0.994535519125683,50684.8,92296.2
0,298.5,309.1,2051,19.0,184,0,10.600000000000023,0.9945945945945946,38969.0,92266.35
1,298.5,309.1,1474,41.3,189,0,10.600000000000023,0.9947368421052631,60876.2,92266.35
2,298.4,309.0,1507,36.1,191,0,10.600000000000023,0.9947916666666666,54402.700000000004,92205.59999999999
1,298.4,308.9,1496,37.9,194,0,10.5,0.9948717948717949,56698.4,92175.75999999998
2,298.5,309.0,1921,22.0,196,0,10.5,0.9949238578680203,42262.0,92236.5
1,298.5,309.0,1450,40.5,199,0,10.5,0.995,58725.0,92236.5
1,298.4,308.9,1402,44.8,201,0,10.5,0.995049504950495,62809.6,92175.75999999998
1,298.4,308.9,1501,50.0,203,0,10.5,0.9950980392156863,75050.0,92175.75999999998
1,298.5,308.9,1725,31.9,205,0,10.399999999999977,0.9951456310679612,55027.5,92206.65
0,298.5,308.9,1500,40.3,207,0,10.399999999999977,0.9951923076923077,60449.99999999999,92206.65
0,298.5,309.0,1531,30.8,212,0,10.5,0.9953051643192489,47154.8,92236.5
1,298.5,309.0,1458,44.8,217,0,10.5,0.9954128440366973,65318.399999999994,92236.5
0,298.4,308.9,1577,37.1,0,0,10.5,0.0,58506.700000000004,92175.75999999998
2,298.3,308.9,1363,46.1,5,0,10.599999999999966,0.8333333333333334,62834.3,92144.87
0,298.3,308.9,1706,31.8,8,0,10.599999999999966,0.8888888888888888,54250.8,92144.87
2,298.3,308.8,1391,50.4,13,0,10.5,0.9285714285714286,70106.4,92115.04000000001
1,298.2,308.8,1616,33.7,16,0,10.600000000000023,0.9411764705882353,54459.200000000004,92084.16
1,298.2,308.8,1442,47.0,18,0,10.600000000000023,0.9473684210526315,67774.0,92084.16
2,298.2,308.8,1626,40.4,20,0,10.600000000000023,0.9523809523809523,65690.4,92084.16
2,298.2,308.7,1426,42.6,23,0,10.5,0.9583333333333334,60747.6,92054.34
1,298.2,308.7,1436,49.1,26,0,10.5,0.9629629629629629,70507.6,92054.34
2,298.2,308.7,1599,36.2,28,0,10.5,0.9655172413793104,57883.8,92054.34
1,298.2,308.7,2186,17.8,31,0,10.5,0.96875,38910.8,92054.34
1,298.3,308.8,1645,30.4,33,0,10.5,0.9705882352941176,50008.0,92115.04000000001
1,298.2,308.7,1780,27.9,35,0,10.5,0.9722222222222222,49662.0,92054.34
1,298.2,308.8,1345,44.3,37,0,10.600000000000023,0.9736842105263158,59583.49999999999,92084.16
2,298.2,308.8,1607,31.9,39,0,10.600000000000023,0.975,51263.299999999996,92084.16
1,298.3,308.9,1708,28.0,42,0,10.599999999999966,0.9767441860465116,47824.0,92144.87
1,298.3,308.9,1270,52.7,44,0,10.599999999999966,0.9777777777777777,66929.0,92144.87
2,298.3,308.9,1646,25.4,46,0,10.599999999999966,0.9787234042553191,41808.399999999994,92144.87
1,298.2,308.7,1407,45.1,49,0,10.5,0.98,63455.700000000004,92054.34
2,298.1,308.7,1581,47.4,51,0,10.599999999999966,0.9807692307692307,74939.4,92023.47
1,298.0,308.6,1532,42.6,54,0,10.600000000000023,0.9818181818181818,65263.200000000004,91962.8
1,298.0,308.6,1610,33.1,56,0,10.600000000000023,0.9824561403508771,53291.0,91962.8
2,298.0,308.5,1682,33.0,58,0,10.5,0.9830508474576272,55506.0,91933.0
1,297.9,308.5,1519,34.3,61,0,10.600000000000023,0.9838709677419355,52101.7,91902.15
1,297.9,308.5,1683,28.5,63,0,10.600000000000023,0.984375,47965.5,91902.15
2,298.0,308.6,1254,55.8,65,0,10.600000000000023,0.9848484848484849,69973.2,91962.8
1,298.0,308.5,1461,48.0,68,0,10.5,0.9855072463768116,70128.0,91933.0
1,297.9,308.5,1472,45.1,70,0,10.600000000000023,0.9859154929577465,66387.2,91902.15
1,297.7,308.4,1510,38.6,72,0,10.699999999999989,0.9863013698630136,58286.0,91810.68
2,297.7,308.3,1547,36.8,74,0,10.600000000000023,0.9866666666666667,56929.6,91780.91
0,297.7,308.4,1418,51.9,77,0,10.699999999999989,0.9871794871794872,73594.2,91810.68
1,297.7,308.4,1289,51.3,82,0,10.699999999999989,0.9879518072289156,66125.7,91810.68
1,297.7,308.4,1487,41.4,84,0,10.699999999999989,0.9882352941176471,61561.799999999996,91810.68
1,297.7,308.5,1453,45.5,86,0,10.800000000000011,0.9885057471264368,66111.5,91840.45
2,297.8,308.5,1466,44.7,88,0,10.699999999999989,0.9887640449438202,65530.200000000004,91871.3
0,297.7,308.4,1288,49.5,91,0,10.699999999999989,0.9891304347826086,63756.0,91810.68
0,297.7,308.4,1738,27.7,96,0,10.699999999999989,0.9896907216494846,48142.6,91810.68
0,297.7,308.3,1488,41.0,101,0,10.600000000000023,0.9901960784313726,61008.0,91780.91
1,297.6,308.3,1816,28.8,106,0,10.699999999999989,0.9906542056074766,52300.8,91750.08000000002
1,297.5,308.2,1419,48.5,108,0,10.699999999999989,0.9908256880733946,68821.5,91689.5
1,297.4,308.1,1435,45.7,110,0,10.700000000000045,0.990990990990991,65579.5,91628.94
2,297.5,308.1,1480,42.4,112,0,10.600000000000023,0.9911504424778761,62752.0,91659.75
1,297.5,308.2,1610,33.6,115,0,10.699999999999989,0.9913793103448276,54096.0,91689.5
0,297.5,308.1,1548,38.2,117,0,10.600000000000023,0.9915254237288136,59133.600000000006,91659.75
2,297.6,308.1,1379,57.4,122,0,10.5,0.991869918699187,79154.59999999999,91690.56000000001
2,297.5,308.1,1907,23.5,125,0,10.600000000000023,0.9920634920634921,44814.5,91659.75
2,297.5,308.0,2033,16.7,128,0,10.5,0.9922480620155039,33951.1,91630.0
0,297.4,307.9,1390,52.0,131,0,10.5,0.9924242424242424,72280.0,91569.45999999999
2,297.5,307.9,1544,37.9,136,0,10.399999999999977,0.9927007299270073,58517.6,91600.25
1,297.6,308.0,1258,57.4,139,0,10.399999999999977,0.9928571428571429,72209.2,91660.8
2,297.5,308.0,1560,39.0,141,0,10.5,0.9929577464788732,60840.0,91630.0
0,297.6,308.2,2071,18.5,144,0,10.599999999999966,0.993103448275862,38313.5,91720.32
1,297.6,308.1,1437,46.3,149,0,10.5,0.9933333333333333,66533.09999999999,91690.56000000001
0,297.7,308.2,1489,43.0,151,0,10.5,0.993421052631579,64027.0,91751.14
1,297.7,308.2,1334,53.0,156,0,10.5,0.9936305732484076,70702.0,91751.14
1,297.7,308.2,1500,39.9,158,0,10.5,0.9937106918238994,59850.0,91751.14
1,297.8,308.3,1498,47.3,160,0,10.5,0.9937888198757764,70855.4,91811.74
2,297.7,308.2,1370,53.4,162,0,10.5,0.9938650306748467,73158.0,91751.14
0,297.7,308.2,1526,40.1,165,0,10.5,0.9939759036144579,61192.6,91751.14
1,297.8,308.3,1477,44.8,170,0,10.5,0.9941520467836257,66169.59999999999,91811.74
1,297.7,308.2,1446,43.9,172,0,10.5,0.9942196531791907,63479.4,91751.14
2,297.7,308.2,1720,25.6,174,0,10.5,0.9942857142857143,44032.0,91751.14
1,297.7,308.1,1734,30.7,177,0,10.400000000000034,0.9943820224719101,53233.799999999996,91721.37000000001
1,297.7,308.1,1697,29.1,179,0,10.400000000000034,0.9944444444444445,49382.700000000004,91721.37000000001
1,297.7,308.2,2007,19.3,181,0,10.5,0.9945054945054945,38735.1,91751.14
2,297.7,308.1,1469,48.8,183,0,10.400000000000034,0.9945652173913043,71687.2,91721.37000000001
2,297.7,308.1,2189,15.6,186,0,10.400000000000034,0.9946524064171123,34148.4,91721.37000000001
1,297.8,308.3,1435,50.1,189,0,10.5,0.9947368421052631,71893.5,91811.74
0,297.9,308.4,1637,34.5,191,0,10.5,0.9947916666666666,56476.5,91872.35999999999
1,298.0,308.5,1664,28.3,196,0,10.5,0.9949238578680203,47091.200000000004,91933.0
2,298.0,308.5,1666,31.0,198,0,10.5,0.9949748743718593,51646.0,91933.0
1,298.0,308.5,1404,46.6,201,0,10.5,0.995049504950495,65426.4,91933.0
1,298.0,308.5,1702,26.7,203,0,10.5,0.9950980392156863,45443.4,91933.0
1,298.1,308.6,1439,44.9,205,0,10.5,0.9951456310679612,64611.1,91993.66000000002
1,298.1,308.6,1354,53.9,207,1,10.5,0.9951923076923077,72980.59999999999,91993.66000000002
2,298.2,308.7,1361,44.2,0,0,10.5,0.0,60156.200000000004,92054.34
2,298.1,308.5,1463,45.9,3,0,10.399999999999977,0.75,67151.7,91963.85
0,298.1,308.4,1515,43.8,6,0,10.299999999999955,0.8571428571428571,66357.0,91934.04
1,298.0,308.4,1432,46.2,11,0,10.399999999999977,0.9166666666666666,66158.40000000001,91903.2
1,298.0,308.4,1911,22.0,13,0,10.399999999999977,0.9285714285714286,42042.0,91903.2
1,298.0,308.4,1472,42.0,15,0,10.399999999999977,0.9375,61824.0,91903.2
2,298.1,308.5,1382,54.5,17,0,10.399999999999977,0.9444444444444444,75319.0,91963.85
1,298.1,308.5,1665,29.6,20,0,10.399999999999977,0.9523809523809523,49284.0,91963.85
1,298.1,308.5,1676,30.5,22,0,10.399999999999977,0.9565217391304348,51118.0,91963.85
2,298.0,308.5,1585,33.0,24,0,10.5,0.96,52305.0,91933.0
2,298.1,308.6,1415,46.3,27,0,10.5,0.9642857142857143,65514.49999999999,91993.66000000002
1,298.1,308.7,1341,55.7,30,0,10.599999999999966,0.967741935483871,74693.7,92023.47
1,298.2,308.8,1540,34.8,32,0,10.600000000000023,0.9696969696969697,53591.99999999999,92084.16
0,298.2,308.8,1837,28.4,34,0,10.600000000000023,0.9714285714285714,52170.799999999996,92084.16
1,298.2,308.8,1498,36.0,39,0,10.600000000000023,0.975,53928.0,92084.16
1,298.1,308.7,1671,28.8,41,0,10.599999999999966,0.9761904761904762,48124.8,92023.47
1,298.0,308.6,1430,57.0,43,0,10.600000000000023,0.9772727272727273,81510.0,91962.8
1,298.0,308.7,1619,40.1,45,0,10.699999999999989,0.9782608695652174,64921.9,91992.59999999999
2,298.0,308.7,1430,51.9,47,0,10.699999999999989,0.9791666666666666,74217.0,91992.59999999999
1,298.0,308.6,1626,33.3,50,0,10.600000000000023,0.9803921568627451,54145.799999999996,91962.8
1,298.0,308.7,1443,49.3,52,0,10.699999999999989,0.9811320754716981,71139.9,91992.59999999999
1,298.0,308.6,1481,42.5,54,0,10.600000000000023,0.9818181818181818,62942.5,91962.8
2,298.1,308.7,1527,43.0,56,0,10.599999999999966,0.9824561403508771,65661.0,92023.47
2,298.1,308.7,1315,56.8,59,0,10.599999999999966,0.9833333333333333,74692.0,92023.47
2,298.1,308.8,1433,48.2,62,0,10.699999999999989,0.9841269841269841,69070.6,92053.28000000001
2,298.1,308.8,1378,53.5,65,0,10.699999999999989,0.9848484848484849,73723.0,92053.28000000001
1,298.1,308.8,1432,43.4,68,0,10.699999999999989,0.9855072463768116,62148.799999999996,92053.28000000001
2,298.1,308.8,1394,47.9,70,0,10.699999999999989,0.9859154929577465,66772.59999999999,92053.28000000001
0,298.0,308.8,1411,53.8,73,0,10.800000000000011,0.9864864864864865,75911.8,92022.40000000001
1,298.1,308.9,2136,15.9,78,0,10.799999999999955,0.9873417721518988,33962.4,92083.09
2,298.2,309.0,1446,45.8,80,0,10.800000000000011,0.9876543209876543,66226.8,92143.8
0,298.1,308.9,1388,53.5,83,0,10.799999999999955,0.9880952380952381,74258.0,92083.09
2,298.1,308.9,1323,51.7,88,0,10.799999999999955,0.9887640449438202,68399.1,92083.09
1,298.2,309.0,1780,29.3,91,0,10.800000000000011,0.9891304347826086,52154.0,92143.8
2,298.1,308.8,1434,41.8,93,0,10.699999999999989,0.9893617021276596,59941.2,92053.28000000001
2,298.0,308.7,1494,42.6,96,0,10.699999999999989,0.9896907216494846,63644.4,91992.59999999999
0,298.0,308.7,1536,39.6,99,0,10.699999999999989,0.99,60825.600000000006,91992.59999999999
2,298.0,308.7,1392,53.4,104,0,10.699999999999989,0.9904761904761905,74332.8,91992.59999999999
0,298.2,309.0,1360,56.8,107,0,10.800000000000011,0.9907407407407407,77248.0,92143.8
1,298.4,309.2,1583,35.4,112,0,10.800000000000011,0.9911504424778761,56038.2,92265.27999999998
1,298.5,309.2,1983,20.2,114,0,10.699999999999989,0.991304347826087,40056.6,92296.2
1,298.5,309.3,1630,33.3,116,0,10.800000000000011,0.9914529914529915,54278.99999999999,92326.05
2,298.5,309.3,1692,26.7,118,0,10.800000000000011,0.9915966386554622,45176.4,92326.05
1,298.4,309.1,1417,40.6,121,0,10.700000000000045,0.9918032786885246,57530.200000000004,92235.44
1,298.4,309.1,1579,36.1,123,0,10.700000000000045,0.9919354838709677,57001.9,92235.44
2,298.4,309.2,1399,45.2,125,0,10.800000000000011,0.9920634920634921,63234.8,92265.27999999998
2,298.4,309.2,1414,46.4,128,0,10.800000000000011,0.9922480620155039,65609.59999999999,92265.27999999998
1,298.5,309.3,1570,40.1,131,0,10.800000000000011,0.9924242424242424,62957.0,92326.05
2,298.5,309.3,1552,36.8,133,0,10.800000000000011,0.9925373134328358,57113.6,92326.05
1,298.6,309.4,1440,48.2,136,0,10.799999999999955,0.9927007299270073,69408.0,92386.84
2,298.6,309.4,1460,43.8,138,0,10.799999999999955,0.9928057553956835,63947.99999999999,92386.84
1,298.6,309.4,1471,48.0,141,0,10.799999999999955,0.9929577464788732,70608.0,92386.84
1,298.6,309.3,1702,27.6,143,0,10.699999999999989,0.9930555555555556,46975.200000000004,92356.98000000001
1,298.6,309.4,1375,55.4,145,0,10.799999999999955,0.9931506849315068,76175.0,92386.84
1,298.6,309.4,1698,33.2,147,0,10.799999999999955,0.9932432432432432,56373.600000000006,92386.84
0,298.6,309.4,1439,47.1,149,0,10.799999999999955,0.9933333333333333,67776.90000000001,92386.84
2,298.6,309.4,1774,27.5,154,0,10.799999999999955,0.9935483870967742,48785.0,92386.84
2,298.7,309.4,1375,48.3,157,0,10.699999999999989,0.9936708860759493,66412.5,92417.77999999998
1,298.7,309.5,1446,40.0,160,0,10.800000000000011,0.9937888198757764,57840.0,92447.65
2,298.7,309.6,1455,46.8,162,0,10.900000000000034,0.9938650306748467,68094.0,92477.52
1,298.8,309.6,1523,41.9,165,0,10.800000000000011,0.9939759036144579,63813.7,92508.48000000001
2,298.8,309.6,1692,31.9,167,0,10.800000000000011,0.9940476190476191,53974.799999999996,92508.48000000001
2,298.8,309.6,1693,33.3,170,0,10.800000000000011,0.9941520467836257,56376.899999999994,92508.48000000001
1,298.8,309.6,1890,24.0,173,0,10.800000000000011,0.9942528735632183,45360.0,92508.48000000001
0,298.9,309.6,1600,33.5,175,0,10.700000000000045,0.9943181818181818,53600.0,92539.44
2,298.9,309.6,1434,43.8,180,0,10.700000000000045,0.994475138121547,62809.2,92539.44
1,298.9,309.6,1365,50.9,183,0,10.700000000000045,0.9945652173913043,69478.5,92539.44
0,298.8,309.6,1309,57.4,185,0,10.800000000000011,0.9946236559139785,75136.59999999999,92508.48000000001
0,298.9,309.6,1546,35.3,190,0,10.700000000000045,0.9947643979057592,54573.799999999996,92539.44
1,298.9,309.6,1663,33.7,195,0,10.700000000000045,0.9948979591836735,56043.100000000006,92539.44
1,298.9,309.6,1589,34.2,197,0,10.700000000000045,0.9949494949494949,54343.8,92539.44
2,298.9,309.6,1472,46.0,199,0,10.700000000000045,0.995,67712.0,92539.44
1,298.9,309.6,1583,39.8,202,0,10.700000000000045,0.9950738916256158,63003.399999999994,92539.44
2,298.9,309.6,1567,34.5,204,0,10.700000000000045,0.9951219512195122,54061.5,92539.44
1,298.9,309.7,1407,41.9,207,0,10.800000000000011,0.9951923076923077,58953.299999999996,92569.32999999999
2,299.0,309.7,1418,44.7,209,0,10.699999999999989,0.9952380952380953,63384.600000000006,92600.3
2,299.0,309.7,1489,40.7,212,0,10.699999999999989,0.9953051643192489,60602.3,92600.3
1,299.1,309.9,1586,36.6,215,0,10.799999999999955,0.9953703703703703,58047.600000000006,92691.09
1,299.1,309.8,1398,55.4,217,1,10.699999999999989,0.9954128440366973,77449.2,92661.18000000001
1,299.2,309.9,1516,41.4,219,0,10.699999999999989,0.9954545454545455,62762.4,92722.07999999999
0,299.3,310.0,1373,44.8,221,0,10.699999999999989,0.9954954954954955,61510.399999999994,92783.0
2,299.2,310.0,1349,50.4,226,0,10.800000000000011,0.9955947136563876,67989.59999999999,92752.0
0,299.1,309.9,1443,40.3,0,0,10.799999999999955,0.0,58152.899999999994,92691.09
0,299.2,310.1,1542,36.1,5,0,10.900000000000034,0.8333333333333334,55666.200000000004,92781.92
1,299.2,310.1,1534,37.7,10,0,10.900000000000034,0.9090909090909091,57831.8,92781.92
1,299.2,310.2,1697,30.6,12,0,11.0,0.9230769230769231,51928.200000000004,92811.84
1,299.3,310.3,1396,47.4,14,0,11.0,0.9333333333333333,66170.4,92872.79000000001
1,299.3,310.2,1495,49.2,16,0,10.899999999999977,0.9411764705882353,73554.0,92842.86
2,299.2,310.3,1551,44.8,18,0,11.100000000000023,0.9473684210526315,69484.79999999999,92841.76
1,299.2,310.3,1440,47.0,21,0,11.100000000000023,0.9545454545454546,67680.0,92841.76
1,299.2,310.3,1429,40.1,23,0,11.100000000000023,0.9583333333333334,57302.9,92841.76
0,299.3,310.4,1548,41.6,25,0,11.099999999999966,0.9615384615384616,64396.8,92902.72
1,299.3,310.5,1505,38.8,30,0,11.199999999999989,0.967741935483871,58393.99999999999,92932.65000000001
1,299.2,310.4,1611,36.4,32,0,11.199999999999989,0.9696969696969697,58640.399999999994,92871.68
2,299.2,310.4,1502,39.8,34,0,11.199999999999989,0.9714285714285714,59779.6,92871.68
2,299.2,310.4,1504,43.3,37,0,11.199999999999989,0.9736842105263158,65123.2,92871.68
1,299.1,310.3,1449,40.7,40,0,11.199999999999989,0.975609756097561,58974.3,92810.73000000001
1,299.0,310.2,1575,37.8,42,0,11.199999999999989,0.9767441860465116,59534.99999999999,92749.8
2,299.0,310.2,1598,33.4,44,0,11.199999999999989,0.9777777777777777,53373.2,92749.8
1,299.0,310.1,1416,45.9,47,0,11.100000000000023,0.9791666666666666,64994.4,92719.90000000001
1,299.0,310.2,1682,28.8,49,0,11.199999999999989,0.98,48441.6,92749.8
1,298.9,310.1,1341,54.5,51,0,11.200000000000045,0.9807692307692307,73084.5,92688.89
1,298.9,310.1,1523,39.1,53,0,11.200000000000045,0.9814814814814815,59549.3,92688.89
1,299.0,310.1,1580,41.9,55,0,11.100000000000023,0.9821428571428571,66202.0,92719.90000000001
1,299.0,310.1,1531,36.0,57,0,11.100000000000023,0.9827586206896551,55116.0,92719.90000000001
1,299.0,310.1,1375,48.9,59,0,11.100000000000023,0.9833333333333333,67237.5,92719.90000000001
2,298.9,310.1,1484,40.4,61,0,11.200000000000045,0.9838709677419355,59953.6,92688.89
2,299.0,310.2,1657,32.3,64,0,11.199999999999989,0.9846153846153847,53521.1,92749.8
1,299.0,310.2,1494,40.6,67,0,11.199999999999989,0.9852941176470589,60656.4,92749.8
0,299.0,310.3,1658,27.6,69,0,11.300000000000011,0.9857142857142858,45760.8,92779.7
1,299.1,310.3,1411,42.1,74,0,11.199999999999989,0.9866666666666667,59403.1,92810.73000000001
2,299.2,310.4,1395,55.4,76,0,11.199999999999989,0.987012987012987,77283.0,92871.68
1,299.1,310.4,1550,43.9,79,0,11.299999999999955,0.9875,68045.0,92840.64
2,299.1,310.3,1233,59.0,81,0,11.199999999999989,0.9878048780487805,72747.0,92810.73000000001
1,299.1,310.3,1459,46.7,84,0,11.199999999999989,0.9882352941176471,68135.3,92810.73000000001
0,299.1,310.4,1405,53.6,86,0,11.299999999999955,0.9885057471264368,75308.0,92840.64
1,299.2,310.5,1458,44.1,91,0,11.300000000000011,0.9891304347826086,64297.8,92901.59999999999
1,299.2,310.5,1384,48.7,93,0,11.300000000000011,0.9893617021276596,67400.8,92901.59999999999
1,299.2,310.5,1705,29.5,95,0,11.300000000000011,0.9895833333333334,50297.5,92901.59999999999
1,299.3,310.6,1443,45.7,97,0,11.300000000000011,0.9897959183673469,65945.1,92962.58000000002
2,299.3,310.6,1609,31.4,99,0,11.300000000000011,0.99,50522.6,92962.58000000002
1,299.3,310.5,1818,26.0,102,0,11.199999999999989,0.9902912621359223,47268.0,92932.65000000001
2,299.3,310.6,1457,42.1,104,0,11.300000000000011,0.9904761904761905,61339.700000000004,92962.58000000002
1,299.3,310.6,1480,45.1,107,0,11.300000000000011,0.9907407407407407,66748.0,92962.58000000002
1,299.4,310.8,1424,47.7,109,0,11.400000000000034,0.990909090909091,67924.8,93053.51999999999
2,299.4,310.8,1628,40.2,111,0,11.400000000000034,0.9910714285714286,65445.600000000006,93053.51999999999
2,299.5,310.8,1754,31.3,114,0,11.300000000000011,0.991304347826087,54900.200000000004,93084.6
1,299.6,310.9,1716,28.5,117,0,11.299999999999955,0.9915254237288136,48906.0,93145.64
2,299.5,310.9,1378,48.7,119,0,11.399999999999977,0.9916666666666667,67108.6,93114.54999999999
1,299.6,311.0,1708,31.0,122,0,11.399999999999977,0.991869918699187,52948.0,93175.6
1,299.6,311.0,1430,38.3,124,0,11.399999999999977,0.992,54768.99999999999,93175.6
2,299.7,311.2,1560,43.9,126,0,11.5,0.9921259842519685,68484.0,93266.64
1,299.6,311.1,1679,30.7,129,0,11.5,0.9923076923076923,51545.299999999996,93205.56000000001
1,299.6,311.1,1521,37.2,131,0,11.5,0.9924242424242424,56581.200000000004,93205.56000000001
2,299.6,311.1,1649,33.8,133,0,11.5,0.9925373134328358,55736.2,93205.56000000001
2,299.5,311.0,1451,43.3,136,0,11.5,0.9927007299270073,62828.299999999996,93144.5
1,299.4,310.8,1391,48.9,139,0,11.400000000000034,0.9928571428571429,68019.9,93053.51999999999
2,299.3,310.8,1523,40.9,141,0,11.5,0.9929577464788732,62290.7,93022.44
1,299.3,310.7,1495,39.2,144,0,11.399999999999977,0.993103448275862,58604.00000000001,92992.51
2,299.3,310.7,1440,45.5,146,0,11.399999999999977,0.9931972789115646,65520.0,92992.51
0,299.4,310.8,1585,31.4,149,0,11.400000000000034,0.9933333333333333,49769.0,93053.51999999999
1,299.5,310.8,1374,48.3,154,0,11.300000000000011,0.9935483870967742,66364.2,93084.6
2,299.5,310.8,1507,40.2,156,0,11.300000000000011,0.9936305732484076,60581.4,93084.6
2,299.5,310.9,1577,34.6,159,0,11.399999999999977,0.99375,54564.200000000004,93114.54999999999
1,299.5,310.9,1496,38.5,162,0,11.399999999999977,0.9938650306748467,57596.0,93114.54999999999
1,299.6,310.9,1487,42.5,164,0,11.299999999999955,0.9939393939393939,63197.5,93145.64
1,299.6,310.9,1853,26.3,166,0,11.299999999999955,0.9940119760479041,48733.9,93145.64
2,299.7,311.0,1435,50.1,168,0,11.300000000000011,0.9940828402366864,71893.5,93206.7
2,299.8,311.1,1763,25.5,171,0,11.300000000000011,0.9941860465116279,44956.5,93267.78000000001
1,299.8,311.1,1820,24.9,174,0,11.300000000000011,0.9942857142857143,45318.0,93267.78000000001
2,299.8,311.1,1498,38.1,176,0,11.300000000000011,0.9943502824858758,57073.8,93267.78000000001
1,299.8,311.1,1603,35.1,179,0,11.300000000000011,0.9944444444444445,56265.3,93267.78000000001
1,299.8,311.1,1412,42.5,181,0,11.300000000000011,0.9945054945054945,60010.0,93267.78000000001
1,299.8,311.1,1588,38.0,183,0,11.300000000000011,0.9945652173913043,60344.0,93267.78000000001
2,299.8,311.0,1948,20.0,185,0,11.199999999999989,0.9946236559139785,38960.0,93237.8
1,299.7,310.9,1384,48.2,188,0,11.199999999999989,0.9947089947089947,66708.8,93176.73
1,299.7,310.8,1589,36.0,190,0,11.100000000000023,0.9947643979057592,57204.0,93146.76
2,299.7,310.8,1405,47.6,192,0,11.100000000000023,0.9948186528497409,66878.0,93146.76
1,299.7,310.9,1491,40.1,195,0,11.199999999999989,0.9948979591836735,59789.1,93176.73
0,299.7,310.8,1418,46.6,197,0,11.100000000000023,0.9949494949494949,66078.8,93146.76
2,299.6,310.8,1603,35.4,202,0,11.199999999999989,0.9950738916256158,56746.2,93115.68000000001
1,299.6,310.7,1922,23.3,205,1,11.099999999999966,0.9951456310679612,44782.6,93085.72
2,299.5,310.7,1364,49.5,0,0,11.199999999999989,0.0,67518.0,93054.65
1,299.4,310.7,1551,41.2,3,0,11.300000000000011,0.75,63901.200000000004,93023.57999999999
1,299.5,310.7,1589,33.5,5,0,11.199999999999989,0.8333333333333334,53231.5,93054.65
2,299.5,310.7,1423,56.5,7,0,11.199999999999989,0.875,80399.5,93054.65
1,299.4,310.6,1418,53.1,10,0,11.200000000000045,0.9090909090909091,75295.8,92993.64
2,299.3,310.5,1404,47.5,12,0,11.199999999999989,0.9230769230769231,66690.0,92932.65000000001
1,299.3,310.5,1281,59.8,15,0,11.199999999999989,0.9375,76603.8,92932.65000000001
1,299.3,310.5,1529,41.3,17,0,11.199999999999989,0.9444444444444444,63147.7,92932.65000000001
2,299.3,310.5,1563,42.1,19,0,11.199999999999989,0.95,65802.3,92932.65000000001
1,299.4,310.6,1348,54.5,22,0,11.200000000000045,0.9565217391304348,73466.0,92993.64
2,299.3,310.5,1462,40.5,24,0,11.199999999999989,0.96,59211.0,92932.65000000001
0,299.3,310.4,1510,45.5,27,0,11.099999999999966,0.9642857142857143,68705.0,92902.72
1,299.2,310.4,1472,43.3,32,0,11.199999999999989,0.9696969696969697,63737.6,92871.68
2,299.2,310.4,1325,52.0,34,0,11.199999999999989,0.9714285714285714,68900.0,92871.68
1,299.2,310.4,1570,37.3,37,0,11.199999999999989,0.9736842105263158,58560.99999999999,92871.68
1,299.2,310.4,1379,46.8,39,0,11.199999999999989,0.975,64537.2,92871.68
1,299.1,310.2,1352,52.8,41,0,11.099999999999966,0.9761904761904762,71385.59999999999,92780.82
1,299.1,310.3,1727,28.7,43,0,11.199999999999989,0.9772727272727273,49564.9,92810.73000000001
0,299.0,310.1,1432,50.0,45,0,11.100000000000023,0.9782608695652174,71600.0,92719.90000000001
1,298.9,310.1,1466,43.4,50,0,11.200000000000045,0.9803921568627451,63624.4,92688.89
1,298.9,310.1,1510,38.0,52,0,11.200000000000045,0.9811320754716981,57380.0,92688.89
1,299.0,310.2,1490,41.1,54,0,11.199999999999989,0.9818181818181818,61239.0,92749.8
1,299.0,310.1,1463,37.4,56,0,11.100000000000023,0.9824561403508771,54716.2,92719.90000000001
2,298.9,310.0,1561,45.3,58,0,11.100000000000023,0.9830508474576272,70713.29999999999,92659.0
1,298.9,310.1,2109,18.0,61,0,11.200000000000045,0.9838709677419355,37962.0,92688.89
1,298.9,310.2,1705,32.5,63,0,11.300000000000011,0.984375,55412.5,92718.77999999998
2,298.9,310.1,1549,40.2,65,0,11.200000000000045,0.9848484848484849,62269.8,92688.89
0,299.0,310.2,1637,38.0,68,0,11.199999999999989,0.9855072463768116,62206.0,92749.8
2,298.9,310.1,1484,37.9,73,0,11.200000000000045,0.9864864864864865,56243.6,92688.89
1,298.9,310.1,1401,44.4,76,0,11.200000000000045,0.987012987012987,62204.4,92688.89
1,298.9,310.1,1571,36.8,78,0,11.200000000000045,0.9873417721518988,57812.799999999996,92688.89
2,298.9,310.1,1513,41.5,80,0,11.200000000000045,0.9876543209876543,62789.5,92688.89
1,299.0,310.1,1470,40.3,83,0,11.100000000000023,0.9880952380952381,59240.99999999999,92719.90000000001
1,299.0,310.1,1505,41.3,85,0,11.100000000000023,0.9883720930232558,62156.49999999999,92719.90000000001
1,299.0,310.2,1432,42.2,87,0,11.199999999999989,0.9886363636363636,60430.4,92749.8
2,299.0,310.2,1625,31.8,89,0,11.199999999999989,0.9888888888888889,51675.0,92749.8
1,299.0,310.2,1377,62.5,92,1,11.199999999999989,0.989247311827957,86062.5,92749.8
2,299.1,310.3,1441,43.9,94,0,11.199999999999989,0.9894736842105263,63259.9,92810.73000000001
2,299.0,310.2,1564,39.9,97,0,11.199999999999989,0.9897959183673469,62403.6,92749.8
1,298.9,310.1,1580,37.3,100,0,11.200000000000045,0.9900990099009901,58933.99999999999,92688.89
1,299.0,310.2,1516,35.3,102,0,11.199999999999989,0.9902912621359223,53514.799999999996,92749.8
1,299.0,310.1,1447,42.8,104,0,11.100000000000023,0.9904761904761905,61931.6,92719.90000000001
2,298.9,310.0,1323,52.9,106,0,11.100000000000023,0.9906542056074766,69986.7,92659.0
1,298.9,310.0,1470,45.9,109,0,11.100000000000023,0.990909090909091,67473.0,92659.0
2,299.0,310.0,2049,19.5,111,0,11.0,0.9910714285714286,39955.5,92690.0
1,298.9,310.0,1794,27.2,114,0,11.100000000000023,0.991304347826087,48796.799999999996,92659.0
1,298.9,310.1,1356,47.8,116,0,11.200000000000045,0.9914529914529915,64816.799999999996,92688.89
0,299.0,310.1,1555,38.6,118,0,11.100000000000023,0.9915966386554622,60023.0,92719.90000000001
2,299.0,310.1,1487,47.5,123,0,11.100000000000023,0.9919354838709677,70632.5,92719.90000000001
2,299.0,310.0,1341,58.9,126,0,11.0,0.9921259842519685,78984.9,92690.0
2,298.9,310.0,1487,36.6,129,0,11.100000000000023,0.9923076923076923,54424.200000000004,92659.0
0,299.0,310.0,1569,34.3,132,0,11.0,0.9924812030075187,53816.7,92690.0
0,299.0,310.1,2053,19.7,137,0,11.100000000000023,0.9927536231884058,40444.1,92719.90000000001
1,299.0,310.1,1583,35.8,142,0,11.100000000000023,0.993006993006993,56671.399999999994,92719.90000000001
1,299.0,310.0,1672,33.2,144,0,11.0,0.993103448275862,55510.4,92690.0
2,299.0,310.0,1337,57.4,146,0,11.0,0.9931972789115646,76743.8,92690.0
0,299.1,310.1,1421,41.2,149,0,11.0,0.9933333333333333,58545.200000000004,92750.91000000002
1,299.1,310.2,1425,52.7,154,0,11.099999999999966,0.9935483870967742,75097.5,92780.82
1,299.2,310.2,1609,33.2,156,0,11.0,0.9936305732484076,53418.8,92811.84
1,299.2,310.3,1507,41.3,158,0,11.100000000000023,0.9937106918238994,62239.1,92841.76
1,299.2,310.3,1463,38.9,160,0,11.100000000000023,0.9937888198757764,56910.7,92841.76
0,299.3,310.4,1393,44.9,162,0,11.099999999999966,0.9938650306748467,62545.7,92902.72
1,299.3,310.4,1725,26.8,167,0,11.099999999999966,0.9940476190476191,46230.0,92902.72
1,299.4,310.5,1514,36.1,169,0,11.100000000000023,0.9941176470588236,54655.4,92963.7
1,299.3,310.4,1365,53.9,171,0,11.099999999999966,0.9941860465116279,73573.5,92902.72
1,299.4,310.5,1372,46.3,173,0,11.100000000000023,0.9942528735632183,63523.6,92963.7
1,299.4,310.4,1509,40.6,175,0,11.0,0.9943181818181818,61265.4,92933.75999999998
1,299.3,310.4,1629,32.6,177,0,11.099999999999966,0.9943820224719101,53105.4,92902.72
1,299.4,310.5,1749,28.1,179,0,11.100000000000023,0.9944444444444445,49146.9,92963.7
1,299.4,310.4,1582,31.7,181,0,11.0,0.9945054945054945,50149.4,92933.75999999998
1,299.2,310.2,1458,47.0,183,0,11.0,0.9945652173913043,68526.0,92811.84
1,299.1,310.1,1416,41.2,185,0,11.0,0.9946236559139785,58339.200000000004,92750.91000000002
0,299.1,310.0,1657,33.1,187,0,10.899999999999977,0.9946808510638298,54846.700000000004,92721.0
2,299.1,310.0,1437,41.1,192,0,10.899999999999977,0.9948186528497409,59060.700000000004,92721.0
2,299.1,310.0,1580,36.0,195,0,10.899999999999977,0.9948979591836735,56880.0,92721.0
2,299.0,310.0,1488,46.3,198,0,11.0,0.9949748743718593,68894.4,92690.0
1,299.0,309.9,1373,55.7,201,1,10.899999999999977,0.995049504950495,76476.1,92660.09999999999
1,299.1,310.0,1367,56.3,203,1,10.899999999999977,0.9950980392156863,76962.09999999999,92721.0
0,299.1,310.0,1431,49.5,205,0,10.899999999999977,0.9951456310679612,70834.5,92721.0
1,299.0,310.1,1623,33.0,210,0,11.100000000000023,0.995260663507109,53559.0,92719.90000000001
1,299.0,310.0,1484,39.6,212,0,11.0,0.9953051643192489,58766.4,92690.0
1,299.0,309.9,1548,34.5,214,0,10.899999999999977,0.9953488372093023,53406.0,92660.09999999999
1,298.9,309.8,1287,61.9,216,1,10.900000000000034,0.9953917050691244,79665.3,92599.22
2,298.9,309.8,1392,43.1,218,0,10.900000000000034,0.9954337899543378,59995.200000000004,92599.22
0,299.0,310.0,1458,44.9,221,0,11.0,0.9954954954954955,65464.2,92690.0
2,299.1,310.1,1570,30.9,226,0,11.0,0.9955947136563876,48513.0,92750.91000000002
1,299.1,310.1,1435,48.8,229,1,11.0,0.9956521739130435,70028.0,92750.91000000002
1,299.1,310.2,1317,54.8,231,1,11.099999999999966,0.9956896551724138,72171.59999999999,92780.82
1,299.2,310.3,1610,33.3,233,0,11.100000000000023,0.9957264957264957,53612.99999999999,92841.76
2,299.1,310.3,1838,24.0,235,0,11.199999999999989,0.9957627118644068,44112.0,92810.73000000001
1,299.2,310.3,1352,48.9,238,1,11.100000000000023,0.99581589958159,66112.8,92841.76
1,299.1,310.3,1619,35.2,240,0,11.199999999999989,0.995850622406639,56988.8,92810.73000000001
1,299.1,310.3,1619,31.1,242,0,11.199999999999989,0.9958847736625515,50350.9,92810.73000000001
1,299.0,310.2,1690,30.7,244,0,11.199999999999989,0.9959183673469387,51883.0,92749.8
1,299.0,310.2,1412,44.1,246,0,11.199999999999989,0.9959514170040485,62269.200000000004,92749.8
0,299.0,310.2,1744,31.5,0,0,11.199999999999989,0.0,54936.0,92749.8
2,299.0,310.1,1593,35.4,5,0,11.100000000000023,0.8333333333333334,56392.2,92719.90000000001
1,299.1,310.2,1695,29.6,8,0,11.099999999999966,0.8888888888888888,50172.0,92780.82
2,299.0,310.2,1298,57.2,10,0,11.199999999999989,0.9090909090909091,74245.6,92749.8
1,299.0,310.1,1886,21.2,13,0,11.100000000000023,0.9285714285714286,39983.2,92719.90000000001
1,299.0,310.1,2033,19.3,15,0,11.100000000000023,0.9375,39236.9,92719.90000000001
2,299.1,310.2,1711,28.1,17,0,11.099999999999966,0.9444444444444444,48079.100000000006,92780.82
1,299.1,310.2,1598,33.4,20,0,11.099999999999966,0.9523809523809523,53373.2,92780.82
1,299.1,310.1,1894,24.2,22,0,11.0,0.9565217391304348,45834.799999999996,92750.91000000002
2,299.1,310.1,1412,44.4,24,0,11.0,0.96,62692.799999999996,92750.91000000002
1,299.1,310.0,1394,46.6,27,0,10.899999999999977,0.9642857142857143,64960.4,92721.0
2,299.0,310.0,1338,56.4,29,0,11.0,0.9666666666666667,75463.2,92690.0
0,298.9,309.9,1376,51.0,32,0,11.0,0.9696969696969697,70176.0,92629.10999999999
1,299.0,310.0,1360,48.1,37,0,11.0,0.9736842105263158,65416.0,92690.0
1,299.1,310.1,1486,40.7,39,0,11.0,0.975,60480.200000000004,92750.91000000002
2,299.1,310.1,1649,31.6,41,0,11.0,0.9761904761904762,52108.4,92750.91000000002
1,299.1,310.1,1367,45.6,44,0,11.0,0.9777777777777777,62335.200000000004,92750.91000000002
1,299.0,310.1,1362,59.5,46,0,11.100000000000023,0.9787234042553191,81039.0,92719.90000000001
2,298.9,310.0,1520,35.6,48,0,11.100000000000023,0.9795918367346939,54112.0,92659.0
1,299.0,310.0,1582,31.9,51,0,11.0,0.9807692307692307,50465.799999999996,92690.0
2,299.0,310.0,1667,30.0,53,0,11.0,0.9814814814814815,50010.0,92690.0
1,298.9,310.0,1693,28.8,56,0,11.100000000000023,0.9824561403508771,48758.4,92659.0
1,298.9,310.0,1559,33.4,58,0,11.100000000000023,0.9830508474576272,52070.6,92659.0
1,298.9,309.9,1592,32.0,60,0,11.0,0.9836065573770492,50944.0,92629.10999999999
1,298.9,309.9,1404,39.8,62,0,11.0,0.9841269841269841,55879.2,92629.10999999999
2,298.8,309.8,1413,45.5,64,0,11.0,0.9846153846153847,64291.5,92568.24
1,298.8,309.8,1663,28.2,67,0,11.0,0.9852941176470589,46896.6,92568.24
1,298.8,309.8,1508,36.3,69,0,11.0,0.9857142857142858,54740.399999999994,92568.24
2,298.9,309.8,1353,53.7,71,0,10.900000000000034,0.9861111111111112,72656.1,92599.22
1,298.8,309.8,1485,42.4,74,0,11.0,0.9866666666666667,62964.0,92568.24
1,298.9,310.0,1633,31.2,76,0,11.100000000000023,0.987012987012987,50949.6,92659.0
1,298.9,310.0,1422,43.6,78,0,11.100000000000023,0.9873417721518988,61999.200000000004,92659.0
1,298.9,310.1,1577,41.4,80,0,11.200000000000045,0.9876543209876543,65287.799999999996,92688.89
1,298.9,310.0,1482,41.1,82,0,11.100000000000023,0.9879518072289156,60910.200000000004,92659.0
2,299.0,310.1,1705,30.1,84,0,11.100000000000023,0.9882352941176471,51320.5,92719.90000000001
1,299.0,310.1,1699,32.9,87,0,11.100000000000023,0.9886363636363636,55897.1,92719.90000000001
1,299.0,310.1,1664,29.7,89,0,11.100000000000023,0.9888888888888889,49420.799999999996,92719.90000000001
2,299.0,310.0,1486,34.6,91,0,11.0,0.9891304347826086,51415.6,92690.0
1,299.1,310.1,1336,61.3,94,0,11.0,0.9894736842105263,81896.8,92750.91000000002
0,299.1,310.1,1429,42.9,96,0,11.0,0.9896907216494846,61304.1,92750.91000000002
2,299.1,310.2,1456,48.4,101,0,11.099999999999966,0.9901960784313726,70470.4,92780.82
1,299.1,310.2,1496,45.0,104,0,11.099999999999966,0.9904761904761905,67320.0,92780.82
1,299.1,310.1,1894,20.1,106,0,11.0,0.9906542056074766,38069.4,92750.91000000002
1,299.1,310.1,1373,55.6,108,0,11.0,0.9908256880733946,76338.8,92750.91000000002
0,299.0,310.0,1387,45.2,110,0,11.0,0.990990990990991,62692.4,92690.0
1,298.9,309.9,1500,44.2,115,0,11.0,0.9913793103448276,66300.0,92629.10999999999
1,298.9,309.9,1517,36.6,117,0,11.0,0.9915254237288136,55522.200000000004,92629.10999999999
1,298.9,309.9,1309,56.2,119,0,11.0,0.9916666666666667,73565.8,92629.10999999999
2,298.9,309.9,1357,54.5,121,0,11.0,0.9918032786885246,73956.5,92629.10999999999
1,298.8,309.8,1490,40.6,124,0,11.0,0.992,60494.0,92568.24
0,298.8,309.8,1911,21.6,126,0,11.0,0.9921259842519685,41277.600000000006,92568.24
1,298.8,309.8,1599,33.6,131,0,11.0,0.9924242424242424,53726.4,92568.24
2,298.8,309.7,2098,19.0,133,0,10.899999999999977,0.9925373134328358,39862.0,92538.36
2,298.7,309.7,1629,27.9,136,0,11.0,0.9927007299270073,45449.1,92507.39
1,298.8,309.8,1557,37.2,139,0,11.0,0.9928571428571429,57920.4,92568.24
1,298.8,309.8,1461,39.4,141,0,11.0,0.9929577464788732,57563.4,92568.24
1,298.8,309.8,1563,33.7,143,0,11.0,0.9930555555555556,52673.100000000006,92568.24
1,298.7,309.8,1695,29.0,145,0,11.100000000000023,0.9931506849315068,49155.0,92537.26
1,298.8,310.0,1528,36.7,147,0,11.199999999999989,0.9932432432432432,56077.600000000006,92628.0
1,298.8,310.0,1389,49.6,149,0,11.199999999999989,0.9933333333333333,68894.40000000001,92628.0
1,298.9,310.0,2231,17.4,151,0,11.100000000000023,0.993421052631579,38819.399999999994,92659.0
2,298.9,310.1,1442,42.9,153,0,11.200000000000045,0.9935064935064936,61861.799999999996,92688.89
0,298.9,310.1,1458,44.3,156,0,11.200000000000045,0.9936305732484076,64589.399999999994,92688.89
1,299.0,310.1,1444,47.7,161,0,11.100000000000023,0.9938271604938271,68878.8,92719.90000000001
2,298.9,310.0,1348,58.2,163,0,11.100000000000023,0.9939024390243902,78453.6,92659.0
1,298.9,310.0,1791,27.6,166,0,11.100000000000023,0.9940119760479041,49431.600000000006,92659.0
1,299.0,310.0,1509,38.0,168,0,11.0,0.9940828402366864,57342.0,92690.0
1,298.9,310.0,1515,42.9,170,0,11.100000000000023,0.9941520467836257,64993.5,92659.0
2,298.9,310.1,1655,31.5,172,0,11.200000000000045,0.9942196531791907,52132.5,92688.89
1,298.9,310.1,1495,42.9,175,0,11.200000000000045,0.9943181818181818,64135.5,92688.89
1,298.9,310.2,1623,37.2,177,0,11.300000000000011,0.9943820224719101,60375.600000000006,92718.77999999998
1,298.9,310.2,1562,42.5,179,0,11.300000000000011,0.9944444444444445,66385.0,92718.77999999998
1,298.8,310.1,1574,36.2,181,0,11.300000000000011,0.9945054945054945,56978.8,92657.88
1,298.8,310.0,1611,32.4,183,0,11.199999999999989,0.9945652173913043,52196.399999999994,92628.0
1,298.8,310.0,1403,45.6,185,0,11.199999999999989,0.9946236559139785,63976.8,92628.0
1,298.8,310.1,1481,47.4,187,0,11.300000000000011,0.9946808510638298,70199.4,92657.88
2,298.9,310.1,1441,41.2,189,0,11.200000000000045,0.9947368421052631,59369.200000000004,92688.89
0,298.8,310.1,1483,45.4,192,0,11.300000000000011,0.9948186528497409,67328.2,92657.88
1,298.7,310.0,1555,32.6,197,0,11.300000000000011,0.9949494949494949,50693.0,92597.0
1,298.6,309.9,1615,28.8,199,0,11.299999999999955,0.995,46512.0,92536.14
1,298.6,309.8,1561,32.6,201,0,11.199999999999989,0.995049504950495,50888.600000000006,92506.28000000001
1,298.5,309.8,1593,35.1,203,0,11.300000000000011,0.9950980392156863,55914.3,92475.3
2,298.5,309.7,1552,34.0,205,0,11.199999999999989,0.9951456310679612,52768.0,92445.45
0,298.5,309.7,1561,35.3,208,0,11.199999999999989,0.9952153110047847,55103.299999999996,92445.45
1,298.6,309.8,1597,35.9,213,0,11.199999999999989,0.9953271028037384,57332.299999999996,92506.28000000001
2,298.6,309.9,1517,34.0,215,0,11.299999999999955,0.9953703703703703,51578.0,92536.14
1,298.6,309.8,2271,16.2,218,1,11.199999999999989,0.9954337899543378,36790.2,92506.28000000001
1,298.5,309.7,1613,36.7,0,0,11.199999999999989,0.0,59197.100000000006,92445.45
2,298.5,309.6,1509,47.3,2,0,11.100000000000023,0.6666666666666666,71375.7,92415.6
1,298.6,309.7,1703,26.1,5,0,11.099999999999966,0.8333333333333334,44448.3,92476.42
1,298.6,309.7,1925,22.1,7,0,11.099999999999966,0.875,42542.5,92476.42
2,298.6,309.6,1635,29.7,9,0,11.0,0.9,48559.5,92446.56000000001
1,298.5,309.5,1294,66.7,12,1,11.0,0.9230769230769231,86309.8,92385.75
1,298.6,309.6,1472,39.1,14,0,11.0,0.9333333333333333,57555.200000000004,92446.56000000001
0,298.6,309.6,1449,42.5,16,0,11.0,0.9411764705882353,61582.5,92446.56000000001
1,298.6,309.6,1563,35.0,21,0,11.0,0.9545454545454546,54705.0,92446.56000000001
1,298.6,309.6,1611,35.7,23,0,11.0,0.9583333333333334,57512.700000000004,92446.56000000001
1,298.6,309.6,1386,48.6,25,0,11.0,0.9615384615384616,67359.6,92446.56000000001
0,298.6,309.5,1584,31.8,27,0,10.899999999999977,0.9642857142857143,50371.200000000004,92416.70000000001
2,298.7,309.6,1424,50.4,32,0,10.900000000000034,0.9696969696969697,71769.59999999999,92477.52
1,298.5,309.5,1561,34.8,35,0,11.0,0.9722222222222222,54322.799999999996,92385.75
1,298.5,309.4,1560,37.9,37,0,10.899999999999977,0.9736842105263158,59124.0,92355.9
0,298.6,309.5,1375,41.0,39,0,10.899999999999977,0.975,56375.0,92416.70000000001
2,298.6,309.5,1684,27.8,44,0,10.899999999999977,0.9777777777777777,46815.200000000004,92416.70000000001
2,298.6,309.6,1397,54.1,47,0,11.0,0.9791666666666666,75577.7,92446.56000000001
1,298.6,309.6,1387,57.6,50,0,11.0,0.9803921568627451,79891.2,92446.56000000001
0,298.7,309.7,1311,54.5,52,0,11.0,0.9811320754716981,71449.5,92507.39
1,298.8,309.8,1509,36.2,57,0,11.0,0.9827586206896551,54625.8,92568.24
2,298.8,309.8,1477,46.7,59,0,11.0,0.9833333333333333,68975.90000000001,92568.24
1,298.8,309.9,1441,41.6,62,0,11.099999999999966,0.9841269841269841,59945.6,92598.12
1,298.7,309.9,1404,47.1,64,0,11.199999999999989,0.9846153846153847,66128.40000000001,92567.12999999999
0,298.8,309.9,1466,44.6,66,0,11.099999999999966,0.9850746268656716,65383.6,92598.12
2,298.7,309.8,1435,48.8,71,0,11.100000000000023,0.9861111111111112,70028.0,92537.26
0,298.7,309.7,1697,29.8,74,0,11.0,0.9866666666666667,50570.6,92507.39
2,298.7,309.6,1738,27.3,79,0,10.900000000000034,0.9875,47447.4,92477.52
0,298.6,309.5,1420,50.4,82,0,10.899999999999977,0.9879518072289156,71568.0,92416.70000000001
2,298.5,309.5,1535,39.8,87,0,11.0,0.9886363636363636,61092.99999999999,92385.75
1,298.6,309.6,1715,28.4,90,0,11.0,0.989010989010989,48706.0,92446.56000000001
1,298.6,309.5,1483,43.2,92,0,10.899999999999977,0.989247311827957,64065.600000000006,92416.70000000001
2,298.5,309.4,1521,37.5,94,0,10.899999999999977,0.9894736842105263,57037.5,92355.9
0,298.5,309.4,1573,36.0,97,0,10.899999999999977,0.9897959183673469,56628.0,92355.9
0,298.5,309.4,1414,46.7,102,0,10.899999999999977,0.9902912621359223,66033.8,92355.9
1,298.5,309.3,1590,33.9,107,0,10.800000000000011,0.9907407407407407,53901.0,92326.05
1,298.5,309.3,1623,33.1,109,0,10.800000000000011,0.990909090909091,53721.3,92326.05
0,298.4,309.3,1694,30.9,111,0,10.900000000000034,0.9910714285714286,52344.6,92295.12
2,298.4,309.2,1597,33.5,116,0,10.800000000000011,0.9914529914529915,53499.5,92265.27999999998
1,298.5,309.3,1471,44.7,119,0,10.800000000000011,0.9916666666666667,65753.7,92326.05
2,298.5,309.3,1551,34.7,121,0,10.800000000000011,0.9918032786885246,53819.700000000004,92326.05
0,298.5,309.3,1421,50.3,124,0,10.800000000000011,0.992,71476.3,92326.05
2,298.4,309.3,1496,45.6,129,0,10.900000000000034,0.9923076923076923,68217.6,92295.12
0,298.4,309.3,1984,19.2,132,0,10.900000000000034,0.9924812030075187,38092.799999999996,92295.12
1,298.4,309.2,1692,29.8,137,0,10.800000000000011,0.9927536231884058,50421.6,92265.27999999998
1,298.4,309.1,1467,42.5,139,0,10.700000000000045,0.9928571428571429,62347.5,92235.44
1,298.4,309.2,1651,28.5,141,0,10.800000000000011,0.9929577464788732,47053.5,92265.27999999998
1,298.3,309.1,1417,60.5,143,0,10.800000000000011,0.9930555555555556,85728.5,92204.53000000001
1,298.2,309.0,1413,55.0,145,0,10.800000000000011,0.9931506849315068,77715.0,92143.8
2,298.2,309.0,1441,44.2,147,0,10.800000000000011,0.9932432432432432,63692.200000000004,92143.8
2,298.2,309.0,1353,50.3,150,0,10.800000000000011,0.9933774834437086,68055.9,92143.8
1,298.1,309.0,1502,40.9,153,0,10.899999999999977,0.9935064935064936,61431.799999999996,92112.90000000001
1,298.2,309.0,1610,31.7,155,0,10.800000000000011,0.9935897435897436,51037.0,92143.8
2,298.2,309.1,1411,45.8,157,0,10.900000000000034,0.9936708860759493,64623.799999999996,92173.62000000001
1,298.3,309.1,1387,52.3,160,0,10.800000000000011,0.9937888198757764,72540.09999999999,92204.53000000001
0,298.3,309.1,1430,40.9,162,0,10.800000000000011,0.9938650306748467,58487.0,92204.53000000001
2,298.4,309.1,1576,38.8,167,0,10.700000000000045,0.9940476190476191,61148.799999999996,92235.44
2,298.5,309.2,1721,29.4,170,0,10.699999999999989,0.9941520467836257,50597.399999999994,92296.2
2,298.5,309.3,1465,42.4,173,0,10.800000000000011,0.9942528735632183,62116.0,92326.05
2,298.6,309.4,1407,45.1,176,0,10.799999999999955,0.9943502824858758,63455.700000000004,92386.84
2,298.6,309.4,1464,36.9,179,0,10.799999999999955,0.9944444444444445,54021.6,92386.84
2,298.6,309.5,1568,36.7,182,0,10.899999999999977,0.994535519125683,57545.600000000006,92416.70000000001
1,298.6,309.4,1667,35.6,185,0,10.799999999999955,0.9946236559139785,59345.200000000004,92386.84
1,298.5,309.4,1360,60.9,187,1,10.899999999999977,0.9946808510638298,82824.0,92355.9
2,298.5,309.3,1488,43.7,189,0,10.800000000000011,0.9947368421052631,65025.600000000006,92326.05
1,298.4,309.3,1504,39.3,192,0,10.900000000000034,0.9948186528497409,59107.2,92295.12
1,298.4,309.2,1610,32.4,194,0,10.800000000000011,0.9948717948717949,52164.0,92265.27999999998
1,298.4,309.2,1345,52.7,196,0,10.800000000000011,0.9949238578680203,70881.5,92265.27999999998
2,298.3,309.3,1376,57.0,198,0,11.0,0.9949748743718593,78432.0,92264.19
1,298.4,309.4,1385,50.0,201,0,11.0,0.995049504950495,69250.0,92324.95999999999
2,298.4,309.4,1429,41.8,203,0,11.0,0.9950980392156863,59732.2,92324.95999999999
1,298.3,309.3,1337,56.1,206,1,11.0,0.9951690821256038,75005.7,92264.19
1,298.4,309.3,1542,35.4,208,0,10.900000000000034,0.9952153110047847,54586.799999999996,92295.12
1,298.4,309.2,2118,17.7,210,0,10.800000000000011,0.995260663507109,37488.6,92265.27999999998
1,298.3,309.1,1386,45.3,212,0,10.800000000000011,0.9953051643192489,62785.799999999996,92204.53000000001
2,298.3,309.1,1632,32.7,0,0,10.800000000000011,0.0,53366.4,92204.53000000001
1,298.4,309.3,1545,36.9,3,0,10.900000000000034,0.75,57010.5,92295.12
2,298.4,309.3,1390,53.6,5,0,10.900000000000034,0.8333333333333334,74504.0,92295.12
2,298.4,309.3,1355,50.6,8,0,10.900000000000034,0.8888888888888888,68563.0,92295.12
1,298.4,309.2,1425,45.5,11,0,10.800000000000011,0.9166666666666666,64837.5,92265.27999999998
2,298.4,309.2,1491,51.2,13,0,10.800000000000011,0.9285714285714286,76339.2,92265.27999999998
0,298.3,309.2,1486,42.4,16,0,10.899999999999977,0.9411764705882353,63006.4,92234.36
2,298.3,309.2,1359,51.4,21,0,10.899999999999977,0.9545454545454546,69852.59999999999,92234.36
1,298.4,309.3,1395,47.6,24,0,10.900000000000034,0.96,66402.0,92295.12
1,298.3,309.2,1383,52.1,26,0,10.899999999999977,0.9629629629629629,72054.3,92234.36
0,298.3,309.1,1484,37.0,28,0,10.800000000000011,0.9655172413793104,54908.0,92204.53000000001
1,298.3,309.1,1421,47.4,33,0,10.800000000000011,0.9705882352941176,67355.4,92204.53000000001
1,298.3,309.0,1339,58.8,35,0,10.699999999999989,0.9722222222222222,78733.2,92174.7
1,298.4,309.1,1362,46.1,37,0,10.700000000000045,0.9736842105263158,62788.200000000004,92235.44
0,298.5,309.2,1568,40.6,39,0,10.699999999999989,0.975,63660.8,92296.2
1,298.6,309.4,2312,15.5,44,0,10.799999999999955,0.9777777777777777,35836.0,92386.84
2,298.5,309.3,1498,34.6,46,0,10.800000000000011,0.9787234042553191,51830.8,92326.05
2,298.5,309.3,1761,27.2,49,0,10.800000000000011,0.98,47899.2,92326.05
1,298.6,309.4,1316,51.4,52,0,10.799999999999955,0.9811320754716981,67642.4,92386.84
1,298.6,309.4,1525,37.8,54,0,10.799999999999955,0.9818181818181818,57644.99999999999,92386.84
0,298.6,309.4,1362,45.3,56,0,10.799999999999955,0.9824561403508771,61698.6,92386.84
1,298.7,309.6,1516,38.5,61,0,10.900000000000034,0.9838709677419355,58366.0,92477.52
1,298.6,309.5,1450,44.2,63,0,10.899999999999977,0.984375,64090.00000000001,92416.70000000001
2,298.6,309.5,1366,55.0,65,0,10.899999999999977,0.9848484848484849,75130.0,92416.70000000001
1,298.5,309.5,1547,33.1,68,0,11.0,0.9855072463768116,51205.700000000004,92385.75
2,298.6,309.5,1580,33.9,70,0,10.899999999999977,0.9859154929577465,53562.0,92416.70000000001
0,298.7,309.6,1755,26.9,73,0,10.900000000000034,0.9864864864864865,47209.5,92477.52
2,298.7,309.6,1800,24.8,78,0,10.900000000000034,0.9873417721518988,44640.0,92477.52
2,298.8,309.7,1439,45.8,81,0,10.899999999999977,0.9878048780487805,65906.2,92538.36
1,298.9,309.8,1411,56.3,84,0,10.900000000000034,0.9882352941176471,79439.3,92599.22
2,298.9,309.9,1645,31.4,86,0,11.0,0.9885057471264368,51653.0,92629.10999999999
2,298.9,309.8,2450,13.9,89,0,10.900000000000034,0.9888888888888889,34055.0,92599.22
1,299.0,309.9,1630,34.0,92,0,10.899999999999977,0.989247311827957,55420.0,92660.09999999999
1,299.0,309.9,1411,44.7,94,0,10.899999999999977,0.9894736842105263,63071.700000000004,92660.09999999999
1,298.9,309.9,1526,35.4,96,0,11.0,0.9896907216494846,54020.4,92629.10999999999
1,298.9,309.9,1590,31.3,98,0,11.0,0.98989898989899,49767.0,92629.10999999999
0,299.0,309.9,1884,25.6,100,0,10.899999999999977,0.9900990099009901,48230.4,92660.09999999999
2,298.9,309.8,1947,21.7,105,0,10.900000000000034,0.9905660377358491,42249.9,92599.22
1,298.9,309.9,1373,52.1,108,0,11.0,0.9908256880733946,71533.3,92629.10999999999
1,298.9,309.8,1616,36.5,110,0,10.900000000000034,0.990990990990991,58984.0,92599.22
2,298.9,309.9,1449,44.1,112,0,11.0,0.9911504424778761,63900.9,92629.10999999999
2,298.9,309.8,1363,50.6,115,0,10.900000000000034,0.9913793103448276,68967.8,92599.22
0,298.8,309.7,1461,55.1,118,0,10.899999999999977,0.9915966386554622,80501.1,92538.36
1,298.8,309.7,1374,58.6,123,0,10.899999999999977,0.9919354838709677,80516.40000000001,92538.36
1,298.7,309.7,1293,59.1,125,0,11.0,0.9920634920634921,76416.3,92507.39
2,298.8,309.8,1490,38.6,127,0,11.0,0.9921875,57514.0,92568.24
1,298.8,309.8,1753,27.5,130,0,11.0,0.9923664122137404,48207.5,92568.24
1,298.8,309.8,1493,38.5,132,0,11.0,0.9924812030075187,57480.5,92568.24
1,298.8,309.8,1895,22.0,134,0,11.0,0.9925925925925926,41690.0,92568.24
0,298.7,309.6,1654,34.3,136,0,10.900000000000034,0.9927007299270073,56732.2,92477.52
1,298.7,309.5,1673,30.8,141,0,10.800000000000011,0.9929577464788732,51528.4,92447.65
1,298.8,309.6,1613,27.7,143,0,10.800000000000011,0.9930555555555556,44680.1,92508.48000000001
1,298.8,309.6,1903,22.3,145,0,10.800000000000011,0.9931506849315068,42436.9,92508.48000000001
1,298.8,309.5,1368,44.7,147,0,10.699999999999989,0.9932432432432432,61149.600000000006,92478.6
2,298.8,309.6,1575,34.4,149,0,10.800000000000011,0.9933333333333333,54180.0,92508.48000000001
0,298.8,309.6,1516,40.2,152,0,10.800000000000011,0.9934640522875817,60943.200000000004,92508.48000000001
1,298.8,309.5,1645,32.8,157,0,10.699999999999989,0.9936708860759493,53955.99999999999,92478.6
1,298.8,309.5,1374,48.1,159,0,10.699999999999989,0.99375,66089.40000000001,92478.6
0,298.9,309.7,1407,48.6,161,0,10.800000000000011,0.9938271604938271,68380.2,92569.32999999999
2,298.9,309.6,1284,55.3,166,0,10.700000000000045,0.9940119760479041,71005.2,92539.44
1,298.9,309.5,1645,31.1,169,0,10.600000000000023,0.9941176470588236,51159.5,92509.54999999999
1,298.8,309.4,1387,54.1,171,0,10.599999999999966,0.9941860465116279,75036.7,92448.72
2,298.8,309.3,1618,35.1,173,0,10.5,0.9942528735632183,56791.8,92418.84000000001
1,298.8,309.3,1357,47.1,176,0,10.5,0.9943502824858758,63914.700000000004,92418.84000000001
1,298.7,309.2,1396,44.8,178,0,10.5,0.994413407821229,62540.799999999996,92358.04
1,298.7,309.2,1586,31.4,180,0,10.5,0.994475138121547,49800.399999999994,92358.04
0,298.7,309.2,1449,42.3,182,0,10.5,0.994535519125683,61292.7,92358.04
2,298.7,309.2,1423,48.9,187,0,10.5,0.9946808510638298,69584.7,92358.04
0,298.7,309.3,1402,45.3,190,0,10.600000000000023,0.9947643979057592,63510.6,92387.91
2,298.7,309.2,1437,45.7,195,0,10.5,0.9948979591836735,65670.90000000001,92358.04
1,298.6,309.1,1537,35.7,198,0,10.5,0.9949748743718593,54870.9,92297.26000000001
2,298.7,309.1,1423,49.5,200,0,10.400000000000034,0.9950248756218906,70438.5,92328.17
2,298.6,309.1,1587,37.3,203,0,10.5,0.9950980392156863,59195.1,92297.26000000001
2,298.6,309.1,1487,43.2,206,0,10.5,0.9951690821256038,64238.4,92297.26000000001
1,298.6,309.0,1456,47.7,0,0,10.399999999999977,0.0,69451.2,92267.40000000001
1,298.7,309.1,1607,32.7,2,0,10.400000000000034,0.6666666666666666,52548.9,92328.17
1,298.6,309.0,1469,46.0,4,0,10.399999999999977,0.8,67574.0,92267.40000000001
2,298.6,309.0,1481,40.8,6,0,10.399999999999977,0.8571428571428571,60424.799999999996,92267.40000000001
1,298.6,308.9,1327,58.8,9,0,10.299999999999955,0.9,78027.59999999999,92237.54
1,298.5,308.8,1589,30.6,11,0,10.300000000000011,0.9166666666666666,48623.4,92176.8
1,298.5,308.8,1670,29.6,13,0,10.300000000000011,0.9285714285714286,49432.0,92176.8
2,298.5,308.7,1662,28.3,15,0,10.199999999999989,0.9375,47034.6,92146.95
2,298.5,308.8,1553,34.9,18,0,10.300000000000011,0.9473684210526315,54199.7,92176.8
2,298.5,308.8,1557,36.0,21,0,10.300000000000011,0.9545454545454546,56052.0,92176.8
1,298.4,308.8,1352,56.7,24,0,10.400000000000034,0.96,76658.40000000001,92145.92
1,298.5,308.8,1305,58.7,26,0,10.300000000000011,0.9629629629629629,76603.5,92176.8
0,298.5,308.7,1450,43.9,28,0,10.199999999999989,0.9655172413793104,63655.0,92146.95
2,298.5,308.7,1347,48.5,33,0,10.199999999999989,0.9705882352941176,65329.5,92146.95
0,298.6,308.8,1566,39.1,36,0,10.199999999999989,0.972972972972973,61230.600000000006,92207.68000000001
2,298.5,308.7,1615,33.3,41,0,10.199999999999989,0.9761904761904762,53779.49999999999,92146.95
2,298.5,308.6,1384,54.4,44,0,10.100000000000023,0.9777777777777777,75289.59999999999,92117.1
2,298.5,308.7,1367,47.3,47,0,10.199999999999989,0.9791666666666666,64659.1,92146.95
2,298.5,308.6,1897,20.2,50,0,10.100000000000023,0.9803921568627451,38319.4,92117.1
1,298.5,308.6,1522,36.9,53,0,10.100000000000023,0.9814814814814815,56161.799999999996,92117.1
2,298.4,308.5,1576,27.4,55,0,10.100000000000023,0.9821428571428571,43182.399999999994,92056.4
0,298.4,308.4,1479,39.2,58,0,10.0,0.9830508474576272,57976.8,92026.55999999998
1,298.3,308.3,1452,45.5,63,0,10.0,0.984375,66066.0,91965.89000000001
1,298.3,308.3,1432,46.9,65,0,10.0,0.9848484848484849,67160.8,91965.89000000001
1,298.3,308.2,1663,28.4,67,0,9.899999999999977,0.9852941176470589,47229.2,91936.06
1,298.3,308.3,1597,32.4,69,0,10.0,0.9857142857142858,51742.799999999996,91965.89000000001
1,298.3,308.2,1472,44.3,71,0,9.899999999999977,0.9861111111111112,65209.6,91936.06
1,298.4,308.3,1452,48.5,73,0,9.900000000000034,0.9864864864864865,70422.0,91996.72
0,298.3,308.2,1534,33.2,75,0,9.899999999999977,0.9868421052631579,50928.8,91936.06
1,298.3,308.1,1505,46.1,80,0,9.800000000000011,0.9876543209876543,69380.5,91906.23000000001
1,298.3,308.1,1528,33.9,82,0,9.800000000000011,0.9879518072289156,51799.2,91906.23000000001
0,298.3,308.1,2636,12.8,84,0,9.800000000000011,0.9882352941176471,33740.8,91906.23000000001
2,298.3,308.1,1722,28.6,89,0,9.800000000000011,0.9888888888888889,49249.200000000004,91906.23000000001
1,298.4,308.1,1395,44.0,92,0,9.700000000000045,0.989247311827957,61380.0,91937.04
1,298.4,308.1,1375,50.8,94,0,9.700000000000045,0.9894736842105263,69850.0,91937.04
2,298.3,308.0,1766,26.0,96,0,9.699999999999989,0.9896907216494846,45916.0,91876.40000000001
1,298.3,307.9,1399,47.8,99,0,9.599999999999966,0.99,66872.2,91846.56999999999
1,298.3,308.0,1578,37.8,101,0,9.699999999999989,0.9901960784313726,59648.399999999994,91876.40000000001
1,298.3,307.9,1502,42.0,103,0,9.599999999999966,0.9903846153846154,63084.0,91846.56999999999
2,298.2,307.9,1529,36.6,105,0,9.699999999999989,0.9905660377358491,55961.4,91815.77999999998
1,298.2,307.8,1804,25.1,108,0,9.600000000000023,0.9908256880733946,45280.4,91785.96
2,298.2,307.8,1411,53.4,110,0,9.600000000000023,0.990990990990991,75347.4,91785.96
1,298.1,307.8,1413,54.1,113,0,9.699999999999989,0.9912280701754386,76443.3,91755.18000000001
1,298.2,307.8,1355,59.4,115,0,9.600000000000023,0.9913793103448276,80487.0,91785.96
1,298.2,307.8,1429,46.9,117,0,9.600000000000023,0.9915254237288136,67020.09999999999,91785.96
1,298.1,307.8,1565,35.3,119,0,9.699999999999989,0.9916666666666667,55244.49999999999,91755.18000000001
2,298.1,307.9,1446,42.8,121,0,9.799999999999955,0.9918032786885246,61888.799999999996,91784.99
2,298.2,307.9,1462,38.8,124,0,9.699999999999989,0.992,56725.6,91815.77999999998
2,298.2,307.8,1578,34.5,127,0,9.600000000000023,0.9921875,54441.0,91785.96
1,298.1,307.8,1606,33.0,130,0,9.699999999999989,0.9923664122137404,52998.0,91755.18000000001
2,298.1,307.8,1525,35.9,132,0,9.699999999999989,0.9924812030075187,54747.5,91755.18000000001
1,298.1,307.8,1379,49.1,135,0,9.699999999999989,0.9926470588235294,67708.90000000001,91755.18000000001
1,298.2,307.8,1575,35.0,137,0,9.600000000000023,0.9927536231884058,55125.0,91785.96
1,298.2,307.9,1399,54.9,139,0,9.699999999999989,0.9928571428571429,76805.09999999999,91815.77999999998
1,298.2,307.9,1429,49.4,141,0,9.699999999999989,0.9929577464788732,70592.59999999999,91815.77999999998
1,298.3,307.9,1435,39.9,143,0,9.599999999999966,0.9930555555555556,57256.5,91846.56999999999
1,298.3,307.9,1766,26.5,145,0,9.599999999999966,0.9931506849315068,46799.0,91846.56999999999
1,298.3,307.9,1703,28.9,147,0,9.599999999999966,0.9932432432432432,49216.7,91846.56999999999
1,298.3,307.9,1507,41.2,149,0,9.599999999999966,0.9933333333333333,62088.4,91846.56999999999
2,298.3,307.9,1609,32.4,151,0,9.599999999999966,0.993421052631579,52131.6,91846.56999999999
1,298.4,308.0,1605,32.4,154,0,9.600000000000023,0.9935483870967742,52002.0,91907.2
1,298.4,308.1,1491,50.0,156,0,9.700000000000045,0.9936305732484076,74550.0,91937.04
0,298.4,308.1,1891,24.7,158,0,9.700000000000045,0.9937106918238994,46707.7,91937.04
0,298.5,308.2,1563,44.6,163,0,9.699999999999989,0.9939024390243902,69709.8,91997.7
1,298.6,308.2,1390,51.4,168,0,9.599999999999966,0.9940828402366864,71446.0,92028.52
1,298.5,308.2,1444,40.5,170,0,9.699999999999989,0.9941520467836257,58482.0,91997.7
1,298.6,308.2,1361,68.2,172,1,9.599999999999966,0.9942196531791907,92820.2,92028.52
2,298.6,308.3,1589,34.1,174,0,9.699999999999989,0.9942857142857143,54184.9,92058.38
1,298.6,308.2,1705,26.3,177,0,9.599999999999966,0.9943820224719101,44841.5,92028.52
1,298.6,308.3,1422,40.4,179,0,9.699999999999989,0.9944444444444445,57448.799999999996,92058.38
0,298.6,308.3,1377,52.1,181,0,9.699999999999989,0.9945054945054945,71741.7,92058.38
1,298.5,308.3,1334,49.8,186,0,9.800000000000011,0.9946524064171123,66433.2,92027.55
1,298.6,308.4,1559,36.6,188,0,9.799999999999955,0.9947089947089947,57059.4,92088.24
1,298.7,308.5,1353,47.0,190,0,9.800000000000011,0.9947643979057592,63591.0,92148.95
2,298.7,308.4,1507,45.7,192,0,9.699999999999989,0.9948186528497409,68869.90000000001,92119.07999999999
1,298.7,308.4,1694,28.7,195,0,9.699999999999989,0.9948979591836735,48617.799999999996,92119.07999999999
0,298.7,308.4,1432,42.8,197,0,9.699999999999989,0.9949494949494949,61289.6,92119.07999999999
0,298.7,308.5,1572,35.6,202,0,9.800000000000011,0.9950738916256158,55963.200000000004,92148.95
2,298.8,308.6,1507,42.3,207,0,9.800000000000011,0.9951923076923077,63746.1,92209.68000000001
2,298.8,308.6,1500,37.1,210,0,9.800000000000011,0.995260663507109,55650.0,92209.68000000001
1,298.9,308.6,1771,24.1,213,0,9.700000000000045,0.9953271028037384,42681.100000000006,92240.54
2,298.8,308.5,1577,33.2,0,0,9.699999999999989,0.0,52356.4,92179.8
1,298.8,308.5,1527,36.2,3,0,9.699999999999989,0.75,55277.4,92179.8
2,298.9,308.4,1827,26.1,5,0,9.5,0.8333333333333334,47684.700000000004,92180.75999999998
1,298.8,308.4,1484,39.2,8,0,9.599999999999966,0.8888888888888888,58172.8,92149.92
1,298.8,308.4,1401,47.3,10,0,9.599999999999966,0.9090909090909091,66267.3,92149.92
1,298.8,308.3,1634,27.9,12,0,9.5,0.9230769230769231,45588.6,92120.04000000001
2,298.8,308.4,1604,29.5,14,0,9.599999999999966,0.9333333333333333,47318.0,92149.92
0,298.9,308.4,1632,31.8,17,0,9.5,0.9444444444444444,51897.6,92180.75999999998
2,299.0,308.6,1645,33.4,22,0,9.600000000000023,0.9565217391304348,54943.0,92271.40000000001
0,299.0,308.7,1408,48.5,25,0,9.699999999999989,0.9615384615384616,68288.0,92301.3
2,299.0,308.7,1500,40.2,30,0,9.699999999999989,0.967741935483871,60300.00000000001,92301.3
